ARM GAS  C:\Users\haoen\AppData\Local\Temp\ccLaEL5c.s 			page 1


   1              		.syntax unified
   2              		.cpu cortex-m3
   3              		.fpu softvfp
   4              		.eabi_attribute 20, 1
   5              		.eabi_attribute 21, 1
   6              		.eabi_attribute 23, 3
   7              		.eabi_attribute 24, 1
   8              		.eabi_attribute 25, 1
   9              		.eabi_attribute 26, 1
  10              		.eabi_attribute 30, 1
  11              		.eabi_attribute 34, 1
  12              		.eabi_attribute 18, 4
  13              		.thumb
  14              		.syntax unified
  15              		.file	"cyfitter_cfg.c"
  16              		.text
  17              	.Ltext0:
  18              		.cfi_sections	.debug_frame
  19              		.section	.text.CyClockStartupError,"ax",%progbits
  20              		.align	2
  21              		.thumb
  22              		.thumb_func
  23              		.type	CyClockStartupError, %function
  24              	CyClockStartupError:
  25              	.LFB3:
  26              		.file 1 "Generated_Source\\PSoC5\\cyfitter_cfg.c"
   1:Generated_Source\PSoC5/cyfitter_cfg.c **** 
   2:Generated_Source\PSoC5/cyfitter_cfg.c **** /*******************************************************************************
   3:Generated_Source\PSoC5/cyfitter_cfg.c **** * File Name: cyfitter_cfg.c
   4:Generated_Source\PSoC5/cyfitter_cfg.c **** * 
   5:Generated_Source\PSoC5/cyfitter_cfg.c **** * PSoC Creator  4.4
   6:Generated_Source\PSoC5/cyfitter_cfg.c **** *
   7:Generated_Source\PSoC5/cyfitter_cfg.c **** * Description:
   8:Generated_Source\PSoC5/cyfitter_cfg.c **** * This file contains device initialization code.
   9:Generated_Source\PSoC5/cyfitter_cfg.c **** * Except for the user defined sections in CyClockStartupError(), this file should not be modified.
  10:Generated_Source\PSoC5/cyfitter_cfg.c **** * This file is automatically generated by PSoC Creator.
  11:Generated_Source\PSoC5/cyfitter_cfg.c **** *
  12:Generated_Source\PSoC5/cyfitter_cfg.c **** ********************************************************************************
  13:Generated_Source\PSoC5/cyfitter_cfg.c **** * Copyright (c) 2007-2020 Cypress Semiconductor.  All rights reserved.
  14:Generated_Source\PSoC5/cyfitter_cfg.c **** * You may use this file only in accordance with the license, terms, conditions, 
  15:Generated_Source\PSoC5/cyfitter_cfg.c **** * disclaimers, and limitations in the end user license agreement accompanying 
  16:Generated_Source\PSoC5/cyfitter_cfg.c **** * the software package with which this file was provided.
  17:Generated_Source\PSoC5/cyfitter_cfg.c **** ********************************************************************************/
  18:Generated_Source\PSoC5/cyfitter_cfg.c **** 
  19:Generated_Source\PSoC5/cyfitter_cfg.c **** #include <string.h>
  20:Generated_Source\PSoC5/cyfitter_cfg.c **** #include "cytypes.h"
  21:Generated_Source\PSoC5/cyfitter_cfg.c **** #include "cydevice_trm.h"
  22:Generated_Source\PSoC5/cyfitter_cfg.c **** #include "cyfitter.h"
  23:Generated_Source\PSoC5/cyfitter_cfg.c **** #include "CyLib.h"
  24:Generated_Source\PSoC5/cyfitter_cfg.c **** #include "cyfitter_cfg.h"
  25:Generated_Source\PSoC5/cyfitter_cfg.c **** #include "cyapicallbacks.h"
  26:Generated_Source\PSoC5/cyfitter_cfg.c **** 
  27:Generated_Source\PSoC5/cyfitter_cfg.c **** #define CY_NEED_CYCLOCKSTARTUPERROR 1
  28:Generated_Source\PSoC5/cyfitter_cfg.c **** 
  29:Generated_Source\PSoC5/cyfitter_cfg.c **** 
  30:Generated_Source\PSoC5/cyfitter_cfg.c **** #if defined(__GNUC__) || defined(__ARMCC_VERSION)
  31:Generated_Source\PSoC5/cyfitter_cfg.c ****     #define CYPACKED 
ARM GAS  C:\Users\haoen\AppData\Local\Temp\ccLaEL5c.s 			page 2


  32:Generated_Source\PSoC5/cyfitter_cfg.c ****     #define CYPACKED_ATTR __attribute__ ((packed))
  33:Generated_Source\PSoC5/cyfitter_cfg.c ****     #define CYALIGNED __attribute__ ((aligned))
  34:Generated_Source\PSoC5/cyfitter_cfg.c ****     #define CY_CFG_UNUSED __attribute__ ((unused))
  35:Generated_Source\PSoC5/cyfitter_cfg.c ****     #ifndef CY_CFG_SECTION
  36:Generated_Source\PSoC5/cyfitter_cfg.c ****         #define CY_CFG_SECTION __attribute__ ((section(".psocinit")))
  37:Generated_Source\PSoC5/cyfitter_cfg.c ****     #endif
  38:Generated_Source\PSoC5/cyfitter_cfg.c ****     
  39:Generated_Source\PSoC5/cyfitter_cfg.c ****     #if defined(__ARMCC_VERSION)
  40:Generated_Source\PSoC5/cyfitter_cfg.c ****         #define CY_CFG_MEMORY_BARRIER() __memory_changed()
  41:Generated_Source\PSoC5/cyfitter_cfg.c ****     #else
  42:Generated_Source\PSoC5/cyfitter_cfg.c ****         #define CY_CFG_MEMORY_BARRIER() __sync_synchronize()
  43:Generated_Source\PSoC5/cyfitter_cfg.c ****     #endif
  44:Generated_Source\PSoC5/cyfitter_cfg.c ****     
  45:Generated_Source\PSoC5/cyfitter_cfg.c **** #elif defined(__ICCARM__)
  46:Generated_Source\PSoC5/cyfitter_cfg.c ****     #include <intrinsics.h>
  47:Generated_Source\PSoC5/cyfitter_cfg.c **** 
  48:Generated_Source\PSoC5/cyfitter_cfg.c ****     #define CYPACKED __packed
  49:Generated_Source\PSoC5/cyfitter_cfg.c ****     #define CYPACKED_ATTR 
  50:Generated_Source\PSoC5/cyfitter_cfg.c ****     #define CYALIGNED _Pragma("data_alignment=4")
  51:Generated_Source\PSoC5/cyfitter_cfg.c ****     #define CY_CFG_UNUSED _Pragma("diag_suppress=Pe177")
  52:Generated_Source\PSoC5/cyfitter_cfg.c ****     #define CY_CFG_SECTION _Pragma("location=\".psocinit\"")
  53:Generated_Source\PSoC5/cyfitter_cfg.c ****     
  54:Generated_Source\PSoC5/cyfitter_cfg.c ****     #define CY_CFG_MEMORY_BARRIER() __DMB()
  55:Generated_Source\PSoC5/cyfitter_cfg.c ****     
  56:Generated_Source\PSoC5/cyfitter_cfg.c **** #else
  57:Generated_Source\PSoC5/cyfitter_cfg.c ****     #error Unsupported toolchain
  58:Generated_Source\PSoC5/cyfitter_cfg.c **** #endif
  59:Generated_Source\PSoC5/cyfitter_cfg.c **** 
  60:Generated_Source\PSoC5/cyfitter_cfg.c **** #ifndef CYCODE
  61:Generated_Source\PSoC5/cyfitter_cfg.c ****     #define CYCODE
  62:Generated_Source\PSoC5/cyfitter_cfg.c **** #endif
  63:Generated_Source\PSoC5/cyfitter_cfg.c **** #ifndef CYDATA
  64:Generated_Source\PSoC5/cyfitter_cfg.c ****     #define CYDATA
  65:Generated_Source\PSoC5/cyfitter_cfg.c **** #endif
  66:Generated_Source\PSoC5/cyfitter_cfg.c **** #ifndef CYFAR
  67:Generated_Source\PSoC5/cyfitter_cfg.c ****     #define CYFAR
  68:Generated_Source\PSoC5/cyfitter_cfg.c **** #endif
  69:Generated_Source\PSoC5/cyfitter_cfg.c **** #ifndef CYXDATA
  70:Generated_Source\PSoC5/cyfitter_cfg.c ****     #define CYXDATA
  71:Generated_Source\PSoC5/cyfitter_cfg.c **** #endif
  72:Generated_Source\PSoC5/cyfitter_cfg.c **** 
  73:Generated_Source\PSoC5/cyfitter_cfg.c **** 
  74:Generated_Source\PSoC5/cyfitter_cfg.c **** CY_CFG_UNUSED
  75:Generated_Source\PSoC5/cyfitter_cfg.c **** static void CYMEMZERO(void *s, size_t n);
  76:Generated_Source\PSoC5/cyfitter_cfg.c **** CY_CFG_UNUSED
  77:Generated_Source\PSoC5/cyfitter_cfg.c **** static void CYMEMZERO(void *s, size_t n)
  78:Generated_Source\PSoC5/cyfitter_cfg.c **** {
  79:Generated_Source\PSoC5/cyfitter_cfg.c **** 	(void)memset(s, 0, n);
  80:Generated_Source\PSoC5/cyfitter_cfg.c **** }
  81:Generated_Source\PSoC5/cyfitter_cfg.c **** CY_CFG_UNUSED
  82:Generated_Source\PSoC5/cyfitter_cfg.c **** static void CYCONFIGCPY(void *dest, const void *src, size_t n);
  83:Generated_Source\PSoC5/cyfitter_cfg.c **** CY_CFG_UNUSED
  84:Generated_Source\PSoC5/cyfitter_cfg.c **** static void CYCONFIGCPY(void *dest, const void *src, size_t n)
  85:Generated_Source\PSoC5/cyfitter_cfg.c **** {
  86:Generated_Source\PSoC5/cyfitter_cfg.c **** 	(void)memcpy(dest, src, n);
  87:Generated_Source\PSoC5/cyfitter_cfg.c **** }
  88:Generated_Source\PSoC5/cyfitter_cfg.c **** CY_CFG_UNUSED
ARM GAS  C:\Users\haoen\AppData\Local\Temp\ccLaEL5c.s 			page 3


  89:Generated_Source\PSoC5/cyfitter_cfg.c **** static void CYCONFIGCPYCODE(void *dest, const void *src, size_t n);
  90:Generated_Source\PSoC5/cyfitter_cfg.c **** CY_CFG_UNUSED
  91:Generated_Source\PSoC5/cyfitter_cfg.c **** static void CYCONFIGCPYCODE(void *dest, const void *src, size_t n)
  92:Generated_Source\PSoC5/cyfitter_cfg.c **** {
  93:Generated_Source\PSoC5/cyfitter_cfg.c **** 	(void)memcpy(dest, src, n);
  94:Generated_Source\PSoC5/cyfitter_cfg.c **** }
  95:Generated_Source\PSoC5/cyfitter_cfg.c **** 
  96:Generated_Source\PSoC5/cyfitter_cfg.c **** 
  97:Generated_Source\PSoC5/cyfitter_cfg.c **** 
  98:Generated_Source\PSoC5/cyfitter_cfg.c **** 
  99:Generated_Source\PSoC5/cyfitter_cfg.c **** /* Clock startup error codes                                                   */
 100:Generated_Source\PSoC5/cyfitter_cfg.c **** #define CYCLOCKSTART_NO_ERROR    0u
 101:Generated_Source\PSoC5/cyfitter_cfg.c **** #define CYCLOCKSTART_XTAL_ERROR  1u
 102:Generated_Source\PSoC5/cyfitter_cfg.c **** #define CYCLOCKSTART_32KHZ_ERROR 2u
 103:Generated_Source\PSoC5/cyfitter_cfg.c **** #define CYCLOCKSTART_PLL_ERROR   3u
 104:Generated_Source\PSoC5/cyfitter_cfg.c **** #define CYCLOCKSTART_FLL_ERROR   4u
 105:Generated_Source\PSoC5/cyfitter_cfg.c **** #define CYCLOCKSTART_WCO_ERROR   5u
 106:Generated_Source\PSoC5/cyfitter_cfg.c **** 
 107:Generated_Source\PSoC5/cyfitter_cfg.c **** 
 108:Generated_Source\PSoC5/cyfitter_cfg.c **** #ifdef CY_NEED_CYCLOCKSTARTUPERROR
 109:Generated_Source\PSoC5/cyfitter_cfg.c **** /*******************************************************************************
 110:Generated_Source\PSoC5/cyfitter_cfg.c **** * Function Name: CyClockStartupError
 111:Generated_Source\PSoC5/cyfitter_cfg.c **** ********************************************************************************
 112:Generated_Source\PSoC5/cyfitter_cfg.c **** * Summary:
 113:Generated_Source\PSoC5/cyfitter_cfg.c **** *  If an error is encountered during clock configuration (crystal startup error,
 114:Generated_Source\PSoC5/cyfitter_cfg.c **** *  PLL lock error, etc.), the system will end up here.  Unless reimplemented by
 115:Generated_Source\PSoC5/cyfitter_cfg.c **** *  the customer, this function will stop in an infinite loop.
 116:Generated_Source\PSoC5/cyfitter_cfg.c **** *
 117:Generated_Source\PSoC5/cyfitter_cfg.c **** * Parameters:
 118:Generated_Source\PSoC5/cyfitter_cfg.c **** *   void
 119:Generated_Source\PSoC5/cyfitter_cfg.c **** *
 120:Generated_Source\PSoC5/cyfitter_cfg.c **** * Return:
 121:Generated_Source\PSoC5/cyfitter_cfg.c **** *   void
 122:Generated_Source\PSoC5/cyfitter_cfg.c **** *
 123:Generated_Source\PSoC5/cyfitter_cfg.c **** *******************************************************************************/
 124:Generated_Source\PSoC5/cyfitter_cfg.c **** CY_CFG_UNUSED
 125:Generated_Source\PSoC5/cyfitter_cfg.c **** static void CyClockStartupError(uint8 errorCode);
 126:Generated_Source\PSoC5/cyfitter_cfg.c **** CY_CFG_UNUSED
 127:Generated_Source\PSoC5/cyfitter_cfg.c **** static void CyClockStartupError(uint8 errorCode)
 128:Generated_Source\PSoC5/cyfitter_cfg.c **** {
  27              		.loc 1 128 0
  28              		.cfi_startproc
  29              		@ Volatile: function does not return.
  30              		@ args = 0, pretend = 0, frame = 0
  31              		@ frame_needed = 0, uses_anonymous_args = 0
  32              		@ link register save eliminated.
  33              	.LVL0:
  34              	.L2:
  35 0000 FEE7     		b	.L2
  36              		.cfi_endproc
  37              	.LFE3:
  38              		.size	CyClockStartupError, .-CyClockStartupError
  39 0002 00BF     		.section	.text.cfg_write_bytes32,"ax",%progbits
  40              		.align	2
  41              		.thumb
  42              		.thumb_func
  43              		.type	cfg_write_bytes32, %function
ARM GAS  C:\Users\haoen\AppData\Local\Temp\ccLaEL5c.s 			page 4


  44              	cfg_write_bytes32:
  45              	.LFB4:
 129:Generated_Source\PSoC5/cyfitter_cfg.c ****     /* To remove the compiler warning if errorCode not used.                */
 130:Generated_Source\PSoC5/cyfitter_cfg.c ****     errorCode = errorCode;
 131:Generated_Source\PSoC5/cyfitter_cfg.c **** 
 132:Generated_Source\PSoC5/cyfitter_cfg.c ****     /* If we have a clock startup error (bad MHz crystal, PLL lock, etc.),  */
 133:Generated_Source\PSoC5/cyfitter_cfg.c ****     /* we will end up here to allow the customer to implement something to  */
 134:Generated_Source\PSoC5/cyfitter_cfg.c ****     /* deal with the clock condition.                                       */
 135:Generated_Source\PSoC5/cyfitter_cfg.c **** 
 136:Generated_Source\PSoC5/cyfitter_cfg.c **** #ifdef CY_CFG_CLOCK_STARTUP_ERROR_CALLBACK
 137:Generated_Source\PSoC5/cyfitter_cfg.c ****     CY_CFG_Clock_Startup_ErrorCallback();
 138:Generated_Source\PSoC5/cyfitter_cfg.c **** #else
 139:Generated_Source\PSoC5/cyfitter_cfg.c ****     /*  If not using CY_CFG_CLOCK_STARTUP_ERROR_CALLBACK, place your clock startup code here. */
 140:Generated_Source\PSoC5/cyfitter_cfg.c ****     /* `#START CyClockStartupError` */
 141:Generated_Source\PSoC5/cyfitter_cfg.c **** 
 142:Generated_Source\PSoC5/cyfitter_cfg.c **** 
 143:Generated_Source\PSoC5/cyfitter_cfg.c **** 
 144:Generated_Source\PSoC5/cyfitter_cfg.c ****     /* `#END` */
 145:Generated_Source\PSoC5/cyfitter_cfg.c **** 
 146:Generated_Source\PSoC5/cyfitter_cfg.c ****     while(1) {}
 147:Generated_Source\PSoC5/cyfitter_cfg.c **** #endif /* CY_CFG_CLOCK_STARTUP_ERROR_CALLBACK */
 148:Generated_Source\PSoC5/cyfitter_cfg.c **** }
 149:Generated_Source\PSoC5/cyfitter_cfg.c **** #endif
 150:Generated_Source\PSoC5/cyfitter_cfg.c **** 
 151:Generated_Source\PSoC5/cyfitter_cfg.c **** #define CY_CFG_BASE_ADDR_COUNT 43u
 152:Generated_Source\PSoC5/cyfitter_cfg.c **** CYPACKED typedef struct
 153:Generated_Source\PSoC5/cyfitter_cfg.c **** {
 154:Generated_Source\PSoC5/cyfitter_cfg.c **** 	uint8 offset;
 155:Generated_Source\PSoC5/cyfitter_cfg.c **** 	uint8 value;
 156:Generated_Source\PSoC5/cyfitter_cfg.c **** } CYPACKED_ATTR cy_cfg_addrvalue_t;
 157:Generated_Source\PSoC5/cyfitter_cfg.c **** 
 158:Generated_Source\PSoC5/cyfitter_cfg.c **** #define cy_cfg_addr_table ((const uint32 CYFAR *)0x48000000u)
 159:Generated_Source\PSoC5/cyfitter_cfg.c **** #define cy_cfg_data_table ((const cy_cfg_addrvalue_t CYFAR *)0x480000ACu)
 160:Generated_Source\PSoC5/cyfitter_cfg.c **** 
 161:Generated_Source\PSoC5/cyfitter_cfg.c **** /* IOPINS0_0 Address: CYREG_PRT0_DR Size (bytes): 10 */
 162:Generated_Source\PSoC5/cyfitter_cfg.c **** #define BS_IOPINS0_0_VAL ((const uint8 CYFAR *)0x48000D90u)
 163:Generated_Source\PSoC5/cyfitter_cfg.c **** 
 164:Generated_Source\PSoC5/cyfitter_cfg.c **** /* IOPINS0_7 Address: CYREG_PRT12_DR Size (bytes): 10 */
 165:Generated_Source\PSoC5/cyfitter_cfg.c **** #define BS_IOPINS0_7_VAL ((const uint8 CYFAR *)0x48000D9Cu)
 166:Generated_Source\PSoC5/cyfitter_cfg.c **** 
 167:Generated_Source\PSoC5/cyfitter_cfg.c **** /* IOPINS0_8 Address: CYREG_PRT15_DR Size (bytes): 10 */
 168:Generated_Source\PSoC5/cyfitter_cfg.c **** #define BS_IOPINS0_8_VAL ((const uint8 CYFAR *)0x48000DA8u)
 169:Generated_Source\PSoC5/cyfitter_cfg.c **** 
 170:Generated_Source\PSoC5/cyfitter_cfg.c **** /* IOPINS0_1 Address: CYREG_PRT1_DR Size (bytes): 10 */
 171:Generated_Source\PSoC5/cyfitter_cfg.c **** #define BS_IOPINS0_1_VAL ((const uint8 CYFAR *)0x48000DB4u)
 172:Generated_Source\PSoC5/cyfitter_cfg.c **** 
 173:Generated_Source\PSoC5/cyfitter_cfg.c **** /* IOPINS0_2 Address: CYREG_PRT2_DM0 Size (bytes): 8 */
 174:Generated_Source\PSoC5/cyfitter_cfg.c **** #define BS_IOPINS0_2_VAL ((const uint8 CYFAR *)0x48000DC0u)
 175:Generated_Source\PSoC5/cyfitter_cfg.c **** 
 176:Generated_Source\PSoC5/cyfitter_cfg.c **** /* IOPINS0_3 Address: CYREG_PRT3_DR Size (bytes): 10 */
 177:Generated_Source\PSoC5/cyfitter_cfg.c **** #define BS_IOPINS0_3_VAL ((const uint8 CYFAR *)0x48000DC8u)
 178:Generated_Source\PSoC5/cyfitter_cfg.c **** 
 179:Generated_Source\PSoC5/cyfitter_cfg.c **** /* CYDEV_CLKDIST_ACFG0_CFG0 Address: CYREG_CLKDIST_ACFG0_CFG0 Size (bytes): 4 */
 180:Generated_Source\PSoC5/cyfitter_cfg.c **** #define BS_CYDEV_CLKDIST_ACFG0_CFG0_VAL ((const uint8 CYFAR *)0x48000DD4u)
 181:Generated_Source\PSoC5/cyfitter_cfg.c **** 
 182:Generated_Source\PSoC5/cyfitter_cfg.c **** /* PHUB_CFGMEM1 Address: CYREG_PHUB_CFGMEM1_CFG0 Size (bytes): 4 */
 183:Generated_Source\PSoC5/cyfitter_cfg.c **** #define BS_PHUB_CFGMEM1_VAL ((const uint8 CYFAR *)0x48000DD8u)
ARM GAS  C:\Users\haoen\AppData\Local\Temp\ccLaEL5c.s 			page 5


 184:Generated_Source\PSoC5/cyfitter_cfg.c **** 
 185:Generated_Source\PSoC5/cyfitter_cfg.c **** 
 186:Generated_Source\PSoC5/cyfitter_cfg.c **** /*******************************************************************************
 187:Generated_Source\PSoC5/cyfitter_cfg.c **** * Function Name: cfg_write_bytes32
 188:Generated_Source\PSoC5/cyfitter_cfg.c **** ********************************************************************************
 189:Generated_Source\PSoC5/cyfitter_cfg.c **** * Summary:
 190:Generated_Source\PSoC5/cyfitter_cfg.c **** *  This function is used for setting up the chip configuration areas that
 191:Generated_Source\PSoC5/cyfitter_cfg.c **** *  contain relatively sparse data.
 192:Generated_Source\PSoC5/cyfitter_cfg.c **** *
 193:Generated_Source\PSoC5/cyfitter_cfg.c **** * Parameters:
 194:Generated_Source\PSoC5/cyfitter_cfg.c **** *   void
 195:Generated_Source\PSoC5/cyfitter_cfg.c **** *
 196:Generated_Source\PSoC5/cyfitter_cfg.c **** * Return:
 197:Generated_Source\PSoC5/cyfitter_cfg.c **** *   void
 198:Generated_Source\PSoC5/cyfitter_cfg.c **** *
 199:Generated_Source\PSoC5/cyfitter_cfg.c **** *******************************************************************************/
 200:Generated_Source\PSoC5/cyfitter_cfg.c **** static void cfg_write_bytes32(const uint32 addr_table[], const cy_cfg_addrvalue_t data_table[]);
 201:Generated_Source\PSoC5/cyfitter_cfg.c **** static void cfg_write_bytes32(const uint32 addr_table[], const cy_cfg_addrvalue_t data_table[])
 202:Generated_Source\PSoC5/cyfitter_cfg.c **** {
  46              		.loc 1 202 0
  47              		.cfi_startproc
  48              		@ args = 0, pretend = 0, frame = 0
  49              		@ frame_needed = 0, uses_anonymous_args = 0
  50              		@ link register save eliminated.
  51              	.LVL1:
  52              		.loc 1 202 0
  53 0000 F0B4     		push	{r4, r5, r6, r7}
  54              		.cfi_def_cfa_offset 16
  55              		.cfi_offset 4, -16
  56              		.cfi_offset 5, -12
  57              		.cfi_offset 6, -8
  58              		.cfi_offset 7, -4
  59              	.LVL2:
 203:Generated_Source\PSoC5/cyfitter_cfg.c **** 	/* For 32-bit little-endian architectures */
 204:Generated_Source\PSoC5/cyfitter_cfg.c **** 	uint32 i, j = 0u;
  60              		.loc 1 204 0
  61 0002 0022     		movs	r2, #0
 205:Generated_Source\PSoC5/cyfitter_cfg.c **** 	for (i = 0u; i < CY_CFG_BASE_ADDR_COUNT; i++)
  62              		.loc 1 205 0
  63 0004 1746     		mov	r7, r2
  64 0006 11E0     		b	.L4
  65              	.LVL3:
  66              	.L7:
  67              	.LBB2:
 206:Generated_Source\PSoC5/cyfitter_cfg.c **** 	{
 207:Generated_Source\PSoC5/cyfitter_cfg.c **** 		uint32 baseAddr = addr_table[i];
  68              		.loc 1 207 0
  69 0008 50F82760 		ldr	r6, [r0, r7, lsl #2]
  70              	.LVL4:
 208:Generated_Source\PSoC5/cyfitter_cfg.c **** 		uint8 count = (uint8)baseAddr;
  71              		.loc 1 208 0
  72 000c F3B2     		uxtb	r3, r6
  73              	.LVL5:
 209:Generated_Source\PSoC5/cyfitter_cfg.c **** 		baseAddr &= 0xFFFFFF00u;
  74              		.loc 1 209 0
  75 000e 26F0FF06 		bic	r6, r6, #255
  76              	.LVL6:
ARM GAS  C:\Users\haoen\AppData\Local\Temp\ccLaEL5c.s 			page 6


 210:Generated_Source\PSoC5/cyfitter_cfg.c **** 		while (count != 0u)
  77              		.loc 1 210 0
  78 0012 08E0     		b	.L5
  79              	.L6:
 211:Generated_Source\PSoC5/cyfitter_cfg.c **** 		{
 212:Generated_Source\PSoC5/cyfitter_cfg.c **** 			CY_SET_REG8((void *)(baseAddr + data_table[j].offset), data_table[j].value);
  80              		.loc 1 212 0
  81 0014 01EB4205 		add	r5, r1, r2, lsl #1
  82 0018 11F81240 		ldrb	r4, [r1, r2, lsl #1]	@ zero_extendqisi2
  83 001c 6D78     		ldrb	r5, [r5, #1]	@ zero_extendqisi2
  84 001e A555     		strb	r5, [r4, r6]
 213:Generated_Source\PSoC5/cyfitter_cfg.c **** 			j++;
  85              		.loc 1 213 0
  86 0020 0132     		adds	r2, r2, #1
  87              	.LVL7:
 214:Generated_Source\PSoC5/cyfitter_cfg.c **** 			count--;
  88              		.loc 1 214 0
  89 0022 013B     		subs	r3, r3, #1
  90              	.LVL8:
  91 0024 DBB2     		uxtb	r3, r3
  92              	.LVL9:
  93              	.L5:
 210:Generated_Source\PSoC5/cyfitter_cfg.c **** 		{
  94              		.loc 1 210 0
  95 0026 002B     		cmp	r3, #0
  96 0028 F4D1     		bne	.L6
  97              	.LBE2:
 205:Generated_Source\PSoC5/cyfitter_cfg.c **** 	{
  98              		.loc 1 205 0 discriminator 2
  99 002a 0137     		adds	r7, r7, #1
 100              	.LVL10:
 101              	.L4:
 205:Generated_Source\PSoC5/cyfitter_cfg.c **** 	{
 102              		.loc 1 205 0 is_stmt 0 discriminator 1
 103 002c 2A2F     		cmp	r7, #42
 104 002e EBD9     		bls	.L7
 215:Generated_Source\PSoC5/cyfitter_cfg.c **** 		}
 216:Generated_Source\PSoC5/cyfitter_cfg.c **** 	}
 217:Generated_Source\PSoC5/cyfitter_cfg.c **** }
 105              		.loc 1 217 0 is_stmt 1
 106 0030 F0BC     		pop	{r4, r5, r6, r7}
 107              		.cfi_restore 7
 108              		.cfi_restore 6
 109              		.cfi_restore 5
 110              		.cfi_restore 4
 111              		.cfi_def_cfa_offset 0
 112              	.LVL11:
 113 0032 7047     		bx	lr
 114              		.cfi_endproc
 115              	.LFE4:
 116              		.size	cfg_write_bytes32, .-cfg_write_bytes32
 117              		.section	.text.CYMEMZERO,"ax",%progbits
 118              		.align	2
 119              		.thumb
 120              		.thumb_func
 121              		.type	CYMEMZERO, %function
 122              	CYMEMZERO:
ARM GAS  C:\Users\haoen\AppData\Local\Temp\ccLaEL5c.s 			page 7


 123              	.LFB0:
  78:Generated_Source\PSoC5/cyfitter_cfg.c **** 	(void)memset(s, 0, n);
 124              		.loc 1 78 0
 125              		.cfi_startproc
 126              		@ args = 0, pretend = 0, frame = 0
 127              		@ frame_needed = 0, uses_anonymous_args = 0
 128              	.LVL12:
 129 0000 08B5     		push	{r3, lr}
 130              		.cfi_def_cfa_offset 8
 131              		.cfi_offset 3, -8
 132              		.cfi_offset 14, -4
  79:Generated_Source\PSoC5/cyfitter_cfg.c **** }
 133              		.loc 1 79 0
 134 0002 0A46     		mov	r2, r1
 135 0004 0021     		movs	r1, #0
 136              	.LVL13:
 137 0006 FFF7FEFF 		bl	memset
 138              	.LVL14:
 139 000a 08BD     		pop	{r3, pc}
 140              		.cfi_endproc
 141              	.LFE0:
 142              		.size	CYMEMZERO, .-CYMEMZERO
 143              		.section	.text.AnalogSetDefault,"ax",%progbits
 144              		.align	2
 145              		.thumb
 146              		.thumb_func
 147              		.type	AnalogSetDefault, %function
 148              	AnalogSetDefault:
 149              	.LFB6:
 218:Generated_Source\PSoC5/cyfitter_cfg.c **** 
 219:Generated_Source\PSoC5/cyfitter_cfg.c **** /*******************************************************************************
 220:Generated_Source\PSoC5/cyfitter_cfg.c **** * Function Name: ClockSetup
 221:Generated_Source\PSoC5/cyfitter_cfg.c **** ********************************************************************************
 222:Generated_Source\PSoC5/cyfitter_cfg.c **** *
 223:Generated_Source\PSoC5/cyfitter_cfg.c **** * Summary:
 224:Generated_Source\PSoC5/cyfitter_cfg.c **** *  Performs the initialization of all of the clocks in the device based on the
 225:Generated_Source\PSoC5/cyfitter_cfg.c **** *  settings in the Clock tab of the DWR.  This includes enabling the requested
 226:Generated_Source\PSoC5/cyfitter_cfg.c **** *  clocks and setting the necessary dividers to produce the desired frequency. 
 227:Generated_Source\PSoC5/cyfitter_cfg.c **** *
 228:Generated_Source\PSoC5/cyfitter_cfg.c **** * Parameters:
 229:Generated_Source\PSoC5/cyfitter_cfg.c **** *  void
 230:Generated_Source\PSoC5/cyfitter_cfg.c **** *
 231:Generated_Source\PSoC5/cyfitter_cfg.c **** * Return:
 232:Generated_Source\PSoC5/cyfitter_cfg.c **** *  void
 233:Generated_Source\PSoC5/cyfitter_cfg.c **** *
 234:Generated_Source\PSoC5/cyfitter_cfg.c **** *******************************************************************************/
 235:Generated_Source\PSoC5/cyfitter_cfg.c **** static void ClockSetup(void);
 236:Generated_Source\PSoC5/cyfitter_cfg.c **** static void ClockSetup(void)
 237:Generated_Source\PSoC5/cyfitter_cfg.c **** {
 238:Generated_Source\PSoC5/cyfitter_cfg.c **** 	uint32 timeout;
 239:Generated_Source\PSoC5/cyfitter_cfg.c **** 	uint8 pllLock;
 240:Generated_Source\PSoC5/cyfitter_cfg.c **** 
 241:Generated_Source\PSoC5/cyfitter_cfg.c **** 
 242:Generated_Source\PSoC5/cyfitter_cfg.c **** 	/* Configure Digital Clocks based on settings from Clock DWR */
 243:Generated_Source\PSoC5/cyfitter_cfg.c **** 	CY_SET_XTND_REG16((void CYFAR *)(CYREG_CLKDIST_DCFG0_CFG0), 0x0000u);
 244:Generated_Source\PSoC5/cyfitter_cfg.c **** 	CY_SET_XTND_REG8((void CYFAR *)(CYREG_CLKDIST_DCFG0_CFG0 + 0x2u), 0x50u);
 245:Generated_Source\PSoC5/cyfitter_cfg.c **** 	CY_SET_XTND_REG16((void CYFAR *)(CYREG_CLKDIST_DCFG1_CFG0), 0x000Cu);
ARM GAS  C:\Users\haoen\AppData\Local\Temp\ccLaEL5c.s 			page 8


 246:Generated_Source\PSoC5/cyfitter_cfg.c **** 	CY_SET_XTND_REG8((void CYFAR *)(CYREG_CLKDIST_DCFG1_CFG0 + 0x2u), 0x18u);
 247:Generated_Source\PSoC5/cyfitter_cfg.c **** 	CY_SET_XTND_REG16((void CYFAR *)(CYREG_CLKDIST_DCFG2_CFG0), 0x000Cu);
 248:Generated_Source\PSoC5/cyfitter_cfg.c **** 	CY_SET_XTND_REG8((void CYFAR *)(CYREG_CLKDIST_DCFG2_CFG0 + 0x2u), 0x18u);
 249:Generated_Source\PSoC5/cyfitter_cfg.c **** 	CY_SET_XTND_REG16((void CYFAR *)(CYREG_CLKDIST_DCFG3_CFG0), 0x000Eu);
 250:Generated_Source\PSoC5/cyfitter_cfg.c **** 	CY_SET_XTND_REG8((void CYFAR *)(CYREG_CLKDIST_DCFG3_CFG0 + 0x2u), 0x18u);
 251:Generated_Source\PSoC5/cyfitter_cfg.c **** 	CY_SET_XTND_REG16((void CYFAR *)(CYREG_CLKDIST_DCFG4_CFG0), 0x0017u);
 252:Generated_Source\PSoC5/cyfitter_cfg.c **** 	CY_SET_XTND_REG8((void CYFAR *)(CYREG_CLKDIST_DCFG4_CFG0 + 0x2u), 0x18u);
 253:Generated_Source\PSoC5/cyfitter_cfg.c **** 	CY_SET_XTND_REG16((void CYFAR *)(CYREG_CLKDIST_DCFG5_CFG0), 0x0019u);
 254:Generated_Source\PSoC5/cyfitter_cfg.c **** 	CY_SET_XTND_REG8((void CYFAR *)(CYREG_CLKDIST_DCFG5_CFG0 + 0x2u), 0x18u);
 255:Generated_Source\PSoC5/cyfitter_cfg.c **** 
 256:Generated_Source\PSoC5/cyfitter_cfg.c **** 	/* Configure Analog Clocks based on settings from Clock DWR */
 257:Generated_Source\PSoC5/cyfitter_cfg.c **** 	CYCONFIGCPY((void CYFAR *)(CYREG_CLKDIST_ACFG0_CFG0), (const void CYFAR *)(BS_CYDEV_CLKDIST_ACFG0_
 258:Generated_Source\PSoC5/cyfitter_cfg.c **** 
 259:Generated_Source\PSoC5/cyfitter_cfg.c **** 	/* Configure ILO based on settings from Clock DWR */
 260:Generated_Source\PSoC5/cyfitter_cfg.c **** 	CY_SET_XTND_REG8((void CYFAR *)(CYREG_SLOWCLK_ILO_CR0), 0x06u);
 261:Generated_Source\PSoC5/cyfitter_cfg.c **** 
 262:Generated_Source\PSoC5/cyfitter_cfg.c **** 	/* Configure IMO based on settings from Clock DWR */
 263:Generated_Source\PSoC5/cyfitter_cfg.c **** 	CY_SET_XTND_REG8((void CYFAR *)(CYREG_FASTCLK_IMO_CR), 0x52u);
 264:Generated_Source\PSoC5/cyfitter_cfg.c **** 	CY_SET_XTND_REG8((void CYFAR *)(CYREG_IMO_TR1), (CY_GET_XTND_REG8((void CYFAR *)CYREG_FLSHID_CUST_
 265:Generated_Source\PSoC5/cyfitter_cfg.c **** 
 266:Generated_Source\PSoC5/cyfitter_cfg.c **** 	/* Configure PLL based on settings from Clock DWR */
 267:Generated_Source\PSoC5/cyfitter_cfg.c **** 	CY_SET_XTND_REG16((void CYFAR *)(CYREG_FASTCLK_PLL_P), 0x0708u);
 268:Generated_Source\PSoC5/cyfitter_cfg.c **** 	CY_SET_XTND_REG16((void CYFAR *)(CYREG_FASTCLK_PLL_CFG0), 0x1251u);
 269:Generated_Source\PSoC5/cyfitter_cfg.c **** 	/* Wait up to 250us for the PLL to lock */
 270:Generated_Source\PSoC5/cyfitter_cfg.c **** 	pllLock = 0u;
 271:Generated_Source\PSoC5/cyfitter_cfg.c **** 	for (timeout = 250u / 10u; (timeout > 0u) && (pllLock != 0x03u); timeout--)
 272:Generated_Source\PSoC5/cyfitter_cfg.c **** 	{ 
 273:Generated_Source\PSoC5/cyfitter_cfg.c **** 		pllLock = 0x03u & ((uint8)((uint8)pllLock << 1) | ((CY_GET_XTND_REG8((void CYFAR *)CYREG_FASTCLK_
 274:Generated_Source\PSoC5/cyfitter_cfg.c **** 		CyDelayCycles(10u * 48u); /* Delay 10us based on 48MHz clock */
 275:Generated_Source\PSoC5/cyfitter_cfg.c **** 	}
 276:Generated_Source\PSoC5/cyfitter_cfg.c **** 	/* If we ran out of time the PLL didn't lock so go to the error function */
 277:Generated_Source\PSoC5/cyfitter_cfg.c **** 	if (timeout == 0u)
 278:Generated_Source\PSoC5/cyfitter_cfg.c **** 	{
 279:Generated_Source\PSoC5/cyfitter_cfg.c **** 		CyClockStartupError(CYCLOCKSTART_PLL_ERROR);
 280:Generated_Source\PSoC5/cyfitter_cfg.c **** 	}
 281:Generated_Source\PSoC5/cyfitter_cfg.c **** 
 282:Generated_Source\PSoC5/cyfitter_cfg.c **** 	/* Configure Bus/Master Clock based on settings from Clock DWR */
 283:Generated_Source\PSoC5/cyfitter_cfg.c **** 	CY_SET_XTND_REG16((void CYFAR *)(CYREG_CLKDIST_MSTR0), 0x0100u);
 284:Generated_Source\PSoC5/cyfitter_cfg.c **** 	CY_SET_XTND_REG8((void CYFAR *)(CYREG_CLKDIST_MSTR0), 0x07u);
 285:Generated_Source\PSoC5/cyfitter_cfg.c **** 	CY_SET_XTND_REG8((void CYFAR *)(CYREG_CLKDIST_BCFG0), 0x00u);
 286:Generated_Source\PSoC5/cyfitter_cfg.c **** 	CY_SET_XTND_REG8((void CYFAR *)(CYREG_CLKDIST_BCFG2), 0x48u);
 287:Generated_Source\PSoC5/cyfitter_cfg.c **** 	CY_SET_XTND_REG8((void CYFAR *)(CYREG_CLKDIST_MSTR0), 0x00u);
 288:Generated_Source\PSoC5/cyfitter_cfg.c **** 
 289:Generated_Source\PSoC5/cyfitter_cfg.c **** 	/* Configure USB Clock based on settings from Clock DWR */
 290:Generated_Source\PSoC5/cyfitter_cfg.c **** 	CY_SET_XTND_REG8((void CYFAR *)(CYREG_CLKDIST_UCFG), 0x00u);
 291:Generated_Source\PSoC5/cyfitter_cfg.c **** 	CY_SET_XTND_REG8((void CYFAR *)(CYREG_CLKDIST_LD), 0x02u);
 292:Generated_Source\PSoC5/cyfitter_cfg.c **** 	CY_SET_XTND_REG8((void CYFAR *)(CYREG_CLKDIST_DLY1), 0x04u);
 293:Generated_Source\PSoC5/cyfitter_cfg.c **** 
 294:Generated_Source\PSoC5/cyfitter_cfg.c **** 	CY_SET_XTND_REG8((void CYFAR *)(CYREG_PM_ACT_CFG2), ((CY_GET_XTND_REG8((void CYFAR *)CYREG_PM_ACT_
 295:Generated_Source\PSoC5/cyfitter_cfg.c **** 	CY_SET_XTND_REG8((void CYFAR *)(CYREG_PM_ACT_CFG1), ((CY_GET_XTND_REG8((void CYFAR *)CYREG_PM_ACT_
 296:Generated_Source\PSoC5/cyfitter_cfg.c **** 	CY_SET_XTND_REG8((void CYFAR *)(CYREG_PM_ACT_CFG0), ((CY_GET_XTND_REG8((void CYFAR *)CYREG_PM_ACT_
 297:Generated_Source\PSoC5/cyfitter_cfg.c **** }
 298:Generated_Source\PSoC5/cyfitter_cfg.c **** 
 299:Generated_Source\PSoC5/cyfitter_cfg.c **** 
 300:Generated_Source\PSoC5/cyfitter_cfg.c **** /* Analog API Functions */
 301:Generated_Source\PSoC5/cyfitter_cfg.c **** 
 302:Generated_Source\PSoC5/cyfitter_cfg.c **** 
ARM GAS  C:\Users\haoen\AppData\Local\Temp\ccLaEL5c.s 			page 9


 303:Generated_Source\PSoC5/cyfitter_cfg.c **** /*******************************************************************************
 304:Generated_Source\PSoC5/cyfitter_cfg.c **** * Function Name: AnalogSetDefault
 305:Generated_Source\PSoC5/cyfitter_cfg.c **** ********************************************************************************
 306:Generated_Source\PSoC5/cyfitter_cfg.c **** *
 307:Generated_Source\PSoC5/cyfitter_cfg.c **** * Summary:
 308:Generated_Source\PSoC5/cyfitter_cfg.c **** *  Sets up the analog portions of the chip to default values based on chip
 309:Generated_Source\PSoC5/cyfitter_cfg.c **** *  configuration options from the project.
 310:Generated_Source\PSoC5/cyfitter_cfg.c **** *
 311:Generated_Source\PSoC5/cyfitter_cfg.c **** * Parameters:
 312:Generated_Source\PSoC5/cyfitter_cfg.c **** *  void
 313:Generated_Source\PSoC5/cyfitter_cfg.c **** *
 314:Generated_Source\PSoC5/cyfitter_cfg.c **** * Return:
 315:Generated_Source\PSoC5/cyfitter_cfg.c **** *  void
 316:Generated_Source\PSoC5/cyfitter_cfg.c **** *
 317:Generated_Source\PSoC5/cyfitter_cfg.c **** *******************************************************************************/
 318:Generated_Source\PSoC5/cyfitter_cfg.c **** static void AnalogSetDefault(void);
 319:Generated_Source\PSoC5/cyfitter_cfg.c **** static void AnalogSetDefault(void)
 320:Generated_Source\PSoC5/cyfitter_cfg.c **** {
 150              		.loc 1 320 0
 151              		.cfi_startproc
 152              		@ args = 0, pretend = 0, frame = 0
 153              		@ frame_needed = 0, uses_anonymous_args = 0
 154 0000 F8B5     		push	{r3, r4, r5, r6, r7, lr}
 155              		.cfi_def_cfa_offset 24
 156              		.cfi_offset 3, -24
 157              		.cfi_offset 4, -20
 158              		.cfi_offset 5, -16
 159              		.cfi_offset 6, -12
 160              		.cfi_offset 7, -8
 161              		.cfi_offset 14, -4
 321:Generated_Source\PSoC5/cyfitter_cfg.c **** 	uint8 bg_xover_inl_trim = CY_GET_XTND_REG8((void CYFAR *)(CYREG_FLSHID_MFG_CFG_BG_XOVER_INL_TRIM +
 162              		.loc 1 321 0
 163 0002 214B     		ldr	r3, .L13
 164 0004 1B78     		ldrb	r3, [r3]	@ zero_extendqisi2
 165 0006 DBB2     		uxtb	r3, r3
 166              	.LVL15:
 322:Generated_Source\PSoC5/cyfitter_cfg.c **** 	uint8 cr4 = CY_GET_XTND_REG8((void CYFAR *)(CYREG_RESET_CR4));
 167              		.loc 1 322 0
 168 0008 204E     		ldr	r6, .L13+4
 169 000a 3478     		ldrb	r4, [r6]	@ zero_extendqisi2
 170 000c E4B2     		uxtb	r4, r4
 171              	.LVL16:
 323:Generated_Source\PSoC5/cyfitter_cfg.c **** 	uint8 cr5 = CY_GET_XTND_REG8((void CYFAR *)(CYREG_RESET_CR5));
 172              		.loc 1 323 0
 173 000e 204F     		ldr	r7, .L13+8
 174 0010 3D78     		ldrb	r5, [r7]	@ zero_extendqisi2
 175 0012 EDB2     		uxtb	r5, r5
 176              	.LVL17:
 324:Generated_Source\PSoC5/cyfitter_cfg.c **** 	CY_SET_XTND_REG8((void CYFAR *)(CYREG_BG_DFT0), (bg_xover_inl_trim & 0x07u));
 177              		.loc 1 324 0
 178 0014 03F00701 		and	r1, r3, #7
 179 0018 1E4A     		ldr	r2, .L13+12
 180 001a 1170     		strb	r1, [r2]
 325:Generated_Source\PSoC5/cyfitter_cfg.c **** 	CY_SET_XTND_REG8((void CYFAR *)(CYREG_BG_DFT1), ((bg_xover_inl_trim >> 4) & 0x0Fu));
 181              		.loc 1 325 0
 182 001c 1B09     		lsrs	r3, r3, #4
 183              	.LVL18:
ARM GAS  C:\Users\haoen\AppData\Local\Temp\ccLaEL5c.s 			page 10


 184 001e 0132     		adds	r2, r2, #1
 185 0020 1370     		strb	r3, [r2]
 326:Generated_Source\PSoC5/cyfitter_cfg.c **** 	/* Disable PRES while setting up SAR voltage reference */
 327:Generated_Source\PSoC5/cyfitter_cfg.c **** 	CY_SET_XTND_REG8((void CYFAR *)(CYREG_RESET_CR4), (cr4 | 0x03u));
 186              		.loc 1 327 0
 187 0022 44F00303 		orr	r3, r4, #3
 188 0026 3370     		strb	r3, [r6]
 328:Generated_Source\PSoC5/cyfitter_cfg.c **** 	CY_SET_XTND_REG8((void CYFAR *)(CYREG_RESET_CR5), (cr5 | 0x03u));
 189              		.loc 1 328 0
 190 0028 45F00303 		orr	r3, r5, #3
 191 002c 3B70     		strb	r3, [r7]
 329:Generated_Source\PSoC5/cyfitter_cfg.c **** 	CY_SET_XTND_REG8((void CYFAR *)CYREG_PRT0_AG, 0x80u);
 192              		.loc 1 329 0
 193 002e 8023     		movs	r3, #128
 194 0030 A2F26272 		subw	r2, r2, #1890
 195 0034 1370     		strb	r3, [r2]
 330:Generated_Source\PSoC5/cyfitter_cfg.c **** 	CY_SET_XTND_REG8((void CYFAR *)CYREG_PRT3_AG, 0x88u);
 196              		.loc 1 330 0
 197 0036 8821     		movs	r1, #136
 198 0038 3032     		adds	r2, r2, #48
 199 003a 1170     		strb	r1, [r2]
 331:Generated_Source\PSoC5/cyfitter_cfg.c **** 	CY_SET_XTND_REG16((void CYFAR *)CYREG_PRT5_AMUX, 0x2020u);
 200              		.loc 1 331 0
 201 003c 42F22001 		movw	r1, #8224
 202 0040 1F32     		adds	r2, r2, #31
 203 0042 1180     		strh	r1, [r2]	@ movhi
 332:Generated_Source\PSoC5/cyfitter_cfg.c **** 	CY_SET_XTND_REG8((void CYFAR *)CYREG_PRT15_AG, 0x08u);
 204              		.loc 1 332 0
 205 0044 0821     		movs	r1, #8
 206 0046 A132     		adds	r2, r2, #161
 207 0048 1170     		strb	r1, [r2]
 333:Generated_Source\PSoC5/cyfitter_cfg.c **** 	CY_SET_XTND_REG8((void CYFAR *)CYREG_SAR0_CSR1, 0x40u);
 208              		.loc 1 333 0
 209 004a 4022     		movs	r2, #64
 210 004c 1249     		ldr	r1, .L13+16
 211 004e 0A70     		strb	r2, [r1]
 334:Generated_Source\PSoC5/cyfitter_cfg.c **** 	CY_SET_XTND_REG8((void CYFAR *)CYREG_SAR0_CSR3, 0x40u);
 212              		.loc 1 334 0
 213 0050 0231     		adds	r1, r1, #2
 214 0052 0A70     		strb	r2, [r1]
 335:Generated_Source\PSoC5/cyfitter_cfg.c **** 	CY_SET_XTND_REG8((void CYFAR *)CYREG_DAC3_SW0, 0x30u);
 215              		.loc 1 335 0
 216 0054 3021     		movs	r1, #48
 217 0056 114A     		ldr	r2, .L13+20
 218 0058 1170     		strb	r1, [r2]
 336:Generated_Source\PSoC5/cyfitter_cfg.c **** 	CY_SET_XTND_REG8((void CYFAR *)CYREG_DSM0_SW0, 0x10u);
 219              		.loc 1 336 0
 220 005a 1021     		movs	r1, #16
 221 005c 6832     		adds	r2, r2, #104
 222 005e 1170     		strb	r1, [r2]
 337:Generated_Source\PSoC5/cyfitter_cfg.c **** 	CY_SET_XTND_REG8((void CYFAR *)CYREG_DSM0_SW4, 0x22u);
 223              		.loc 1 337 0
 224 0060 2221     		movs	r1, #34
 225 0062 0432     		adds	r2, r2, #4
 226 0064 1170     		strb	r1, [r2]
 338:Generated_Source\PSoC5/cyfitter_cfg.c **** 	CY_SET_XTND_REG8((void CYFAR *)CYREG_SAR0_SW0, 0x80u);
 227              		.loc 1 338 0
ARM GAS  C:\Users\haoen\AppData\Local\Temp\ccLaEL5c.s 			page 11


 228 0066 1C32     		adds	r2, r2, #28
 229 0068 1370     		strb	r3, [r2]
 339:Generated_Source\PSoC5/cyfitter_cfg.c **** 	CY_SET_XTND_REG8((void CYFAR *)CYREG_SAR0_SW3, 0x20u);
 230              		.loc 1 339 0
 231 006a 2022     		movs	r2, #32
 232 006c 0C4B     		ldr	r3, .L13+24
 233 006e 1A70     		strb	r2, [r3]
 340:Generated_Source\PSoC5/cyfitter_cfg.c **** 	CY_SET_XTND_REG8((void CYFAR *)CYREG_BUS_SW0, 0x92u);
 234              		.loc 1 340 0
 235 0070 9222     		movs	r2, #146
 236 0072 3533     		adds	r3, r3, #53
 237 0074 1A70     		strb	r2, [r3]
 341:Generated_Source\PSoC5/cyfitter_cfg.c **** 	CyDelayUs(10u); /* Allow vref to settle before re-enabling PRES */
 238              		.loc 1 341 0
 239 0076 0A20     		movs	r0, #10
 240 0078 FFF7FEFF 		bl	CyDelayUs
 241              	.LVL19:
 342:Generated_Source\PSoC5/cyfitter_cfg.c **** 	CY_SET_XTND_REG8((void CYFAR *)(CYREG_RESET_CR5), (cr5));
 242              		.loc 1 342 0
 243 007c 3D70     		strb	r5, [r7]
 343:Generated_Source\PSoC5/cyfitter_cfg.c **** 	CY_SET_XTND_REG8((void CYFAR *)(CYREG_RESET_CR4), (cr4));
 244              		.loc 1 343 0
 245 007e 3470     		strb	r4, [r6]
 344:Generated_Source\PSoC5/cyfitter_cfg.c **** 	CY_SET_XTND_REG8((void CYFAR *)CYREG_PUMP_CR0, 0x44u);
 246              		.loc 1 344 0
 247 0080 4422     		movs	r2, #68
 248 0082 084B     		ldr	r3, .L13+28
 249 0084 1A70     		strb	r2, [r3]
 250 0086 F8BD     		pop	{r3, r4, r5, r6, r7, pc}
 251              	.LVL20:
 252              	.L14:
 253              		.align	2
 254              	.L13:
 255 0088 CF010049 		.word	1224737231
 256 008c F8460040 		.word	1073759992
 257 0090 F9460040 		.word	1073759993
 258 0094 6E580040 		.word	1073764462
 259 0098 01590040 		.word	1073764609
 260 009c 985A0040 		.word	1073765016
 261 00a0 235B0040 		.word	1073765155
 262 00a4 76580040 		.word	1073764470
 263              		.cfi_endproc
 264              	.LFE6:
 265              		.size	AnalogSetDefault, .-AnalogSetDefault
 266              		.section	.text.CYCONFIGCPY,"ax",%progbits
 267              		.align	2
 268              		.thumb
 269              		.thumb_func
 270              		.type	CYCONFIGCPY, %function
 271              	CYCONFIGCPY:
 272              	.LFB1:
  85:Generated_Source\PSoC5/cyfitter_cfg.c **** 	(void)memcpy(dest, src, n);
 273              		.loc 1 85 0
 274              		.cfi_startproc
 275              		@ args = 0, pretend = 0, frame = 0
 276              		@ frame_needed = 0, uses_anonymous_args = 0
 277              	.LVL21:
ARM GAS  C:\Users\haoen\AppData\Local\Temp\ccLaEL5c.s 			page 12


 278 0000 08B5     		push	{r3, lr}
 279              		.cfi_def_cfa_offset 8
 280              		.cfi_offset 3, -8
 281              		.cfi_offset 14, -4
  86:Generated_Source\PSoC5/cyfitter_cfg.c **** }
 282              		.loc 1 86 0
 283 0002 FFF7FEFF 		bl	memcpy
 284              	.LVL22:
 285 0006 08BD     		pop	{r3, pc}
 286              		.cfi_endproc
 287              	.LFE1:
 288              		.size	CYCONFIGCPY, .-CYCONFIGCPY
 289              		.section	.text.ClockSetup,"ax",%progbits
 290              		.align	2
 291              		.thumb
 292              		.thumb_func
 293              		.type	ClockSetup, %function
 294              	ClockSetup:
 295              	.LFB5:
 237:Generated_Source\PSoC5/cyfitter_cfg.c **** 	uint32 timeout;
 296              		.loc 1 237 0
 297              		.cfi_startproc
 298              		@ args = 0, pretend = 0, frame = 0
 299              		@ frame_needed = 0, uses_anonymous_args = 0
 300 0000 38B5     		push	{r3, r4, r5, lr}
 301              		.cfi_def_cfa_offset 16
 302              		.cfi_offset 3, -16
 303              		.cfi_offset 4, -12
 304              		.cfi_offset 5, -8
 305              		.cfi_offset 14, -4
 243:Generated_Source\PSoC5/cyfitter_cfg.c **** 	CY_SET_XTND_REG8((void CYFAR *)(CYREG_CLKDIST_DCFG0_CFG0 + 0x2u), 0x50u);
 306              		.loc 1 243 0
 307 0002 0024     		movs	r4, #0
 308 0004 384B     		ldr	r3, .L23
 309 0006 1C80     		strh	r4, [r3]	@ movhi
 244:Generated_Source\PSoC5/cyfitter_cfg.c **** 	CY_SET_XTND_REG16((void CYFAR *)(CYREG_CLKDIST_DCFG1_CFG0), 0x000Cu);
 310              		.loc 1 244 0
 311 0008 5022     		movs	r2, #80
 312 000a 0233     		adds	r3, r3, #2
 313 000c 1A70     		strb	r2, [r3]
 245:Generated_Source\PSoC5/cyfitter_cfg.c **** 	CY_SET_XTND_REG8((void CYFAR *)(CYREG_CLKDIST_DCFG1_CFG0 + 0x2u), 0x18u);
 314              		.loc 1 245 0
 315 000e 0C22     		movs	r2, #12
 316 0010 0233     		adds	r3, r3, #2
 317 0012 1A80     		strh	r2, [r3]	@ movhi
 246:Generated_Source\PSoC5/cyfitter_cfg.c **** 	CY_SET_XTND_REG16((void CYFAR *)(CYREG_CLKDIST_DCFG2_CFG0), 0x000Cu);
 318              		.loc 1 246 0
 319 0014 1823     		movs	r3, #24
 320 0016 3549     		ldr	r1, .L23+4
 321 0018 0B70     		strb	r3, [r1]
 247:Generated_Source\PSoC5/cyfitter_cfg.c **** 	CY_SET_XTND_REG8((void CYFAR *)(CYREG_CLKDIST_DCFG2_CFG0 + 0x2u), 0x18u);
 322              		.loc 1 247 0
 323 001a 0231     		adds	r1, r1, #2
 324 001c 0A80     		strh	r2, [r1]	@ movhi
 248:Generated_Source\PSoC5/cyfitter_cfg.c **** 	CY_SET_XTND_REG16((void CYFAR *)(CYREG_CLKDIST_DCFG3_CFG0), 0x000Eu);
 325              		.loc 1 248 0
 326 001e 344A     		ldr	r2, .L23+8
ARM GAS  C:\Users\haoen\AppData\Local\Temp\ccLaEL5c.s 			page 13


 327 0020 1370     		strb	r3, [r2]
 249:Generated_Source\PSoC5/cyfitter_cfg.c **** 	CY_SET_XTND_REG8((void CYFAR *)(CYREG_CLKDIST_DCFG3_CFG0 + 0x2u), 0x18u);
 328              		.loc 1 249 0
 329 0022 0E21     		movs	r1, #14
 330 0024 0232     		adds	r2, r2, #2
 331 0026 1180     		strh	r1, [r2]	@ movhi
 250:Generated_Source\PSoC5/cyfitter_cfg.c **** 	CY_SET_XTND_REG16((void CYFAR *)(CYREG_CLKDIST_DCFG4_CFG0), 0x0017u);
 332              		.loc 1 250 0
 333 0028 0232     		adds	r2, r2, #2
 334 002a 1370     		strb	r3, [r2]
 251:Generated_Source\PSoC5/cyfitter_cfg.c **** 	CY_SET_XTND_REG8((void CYFAR *)(CYREG_CLKDIST_DCFG4_CFG0 + 0x2u), 0x18u);
 335              		.loc 1 251 0
 336 002c 1721     		movs	r1, #23
 337 002e 0232     		adds	r2, r2, #2
 338 0030 1180     		strh	r1, [r2]	@ movhi
 252:Generated_Source\PSoC5/cyfitter_cfg.c **** 	CY_SET_XTND_REG16((void CYFAR *)(CYREG_CLKDIST_DCFG5_CFG0), 0x0019u);
 339              		.loc 1 252 0
 340 0032 0232     		adds	r2, r2, #2
 341 0034 1370     		strb	r3, [r2]
 253:Generated_Source\PSoC5/cyfitter_cfg.c **** 	CY_SET_XTND_REG8((void CYFAR *)(CYREG_CLKDIST_DCFG5_CFG0 + 0x2u), 0x18u);
 342              		.loc 1 253 0
 343 0036 1925     		movs	r5, #25
 344 0038 0232     		adds	r2, r2, #2
 345 003a 1580     		strh	r5, [r2]	@ movhi
 254:Generated_Source\PSoC5/cyfitter_cfg.c **** 
 346              		.loc 1 254 0
 347 003c 0232     		adds	r2, r2, #2
 348 003e 1370     		strb	r3, [r2]
 257:Generated_Source\PSoC5/cyfitter_cfg.c **** 
 349              		.loc 1 257 0
 350 0040 0422     		movs	r2, #4
 351 0042 2C49     		ldr	r1, .L23+12
 352 0044 2C48     		ldr	r0, .L23+16
 353 0046 FFF7FEFF 		bl	CYCONFIGCPY
 354              	.LVL23:
 260:Generated_Source\PSoC5/cyfitter_cfg.c **** 
 355              		.loc 1 260 0
 356 004a 0622     		movs	r2, #6
 357 004c 2B4B     		ldr	r3, .L23+20
 358 004e 1A70     		strb	r2, [r3]
 263:Generated_Source\PSoC5/cyfitter_cfg.c **** 	CY_SET_XTND_REG8((void CYFAR *)(CYREG_IMO_TR1), (CY_GET_XTND_REG8((void CYFAR *)CYREG_FLSHID_CUST_
 359              		.loc 1 263 0
 360 0050 5222     		movs	r2, #82
 361 0052 A3F58073 		sub	r3, r3, #256
 362 0056 1A70     		strb	r2, [r3]
 264:Generated_Source\PSoC5/cyfitter_cfg.c **** 
 363              		.loc 1 264 0
 364 0058 294B     		ldr	r3, .L23+24
 365 005a 1B78     		ldrb	r3, [r3]	@ zero_extendqisi2
 366 005c DBB2     		uxtb	r3, r3
 367 005e 294A     		ldr	r2, .L23+28
 368 0060 1370     		strb	r3, [r2]
 267:Generated_Source\PSoC5/cyfitter_cfg.c **** 	CY_SET_XTND_REG16((void CYFAR *)(CYREG_FASTCLK_PLL_CFG0), 0x1251u);
 369              		.loc 1 267 0
 370 0062 4FF4E162 		mov	r2, #1800
 371 0066 284B     		ldr	r3, .L23+32
 372 0068 1A80     		strh	r2, [r3]	@ movhi
ARM GAS  C:\Users\haoen\AppData\Local\Temp\ccLaEL5c.s 			page 14


 268:Generated_Source\PSoC5/cyfitter_cfg.c **** 	/* Wait up to 250us for the PLL to lock */
 373              		.loc 1 268 0
 374 006a 41F25122 		movw	r2, #4689
 375 006e 023B     		subs	r3, r3, #2
 376 0070 1A80     		strh	r2, [r3]	@ movhi
 377              	.LVL24:
 271:Generated_Source\PSoC5/cyfitter_cfg.c **** 	{ 
 378              		.loc 1 271 0
 379 0072 0CE0     		b	.L18
 380              	.LVL25:
 381              	.L20:
 273:Generated_Source\PSoC5/cyfitter_cfg.c **** 		CyDelayCycles(10u * 48u); /* Delay 10us based on 48MHz clock */
 382              		.loc 1 273 0 discriminator 4
 383 0074 254B     		ldr	r3, .L23+36
 384 0076 1B78     		ldrb	r3, [r3]	@ zero_extendqisi2
 385 0078 03F00103 		and	r3, r3, #1
 386 007c 43EA4404 		orr	r4, r3, r4, lsl #1
 387              	.LVL26:
 388 0080 04F00304 		and	r4, r4, #3
 389              	.LVL27:
 274:Generated_Source\PSoC5/cyfitter_cfg.c **** 	}
 390              		.loc 1 274 0 discriminator 4
 391 0084 4FF4F070 		mov	r0, #480
 392 0088 FFF7FEFF 		bl	CyDelayCycles
 393              	.LVL28:
 271:Generated_Source\PSoC5/cyfitter_cfg.c **** 	{ 
 394              		.loc 1 271 0 discriminator 4
 395 008c 013D     		subs	r5, r5, #1
 396              	.LVL29:
 397              	.L18:
 271:Generated_Source\PSoC5/cyfitter_cfg.c **** 	{ 
 398              		.loc 1 271 0 is_stmt 0 discriminator 1
 399 008e 0DB1     		cbz	r5, .L19
 271:Generated_Source\PSoC5/cyfitter_cfg.c **** 	{ 
 400              		.loc 1 271 0 discriminator 3
 401 0090 032C     		cmp	r4, #3
 402 0092 EFD1     		bne	.L20
 403              	.L19:
 277:Generated_Source\PSoC5/cyfitter_cfg.c **** 	{
 404              		.loc 1 277 0 is_stmt 1
 405 0094 15B9     		cbnz	r5, .L21
 279:Generated_Source\PSoC5/cyfitter_cfg.c **** 	}
 406              		.loc 1 279 0
 407 0096 0320     		movs	r0, #3
 408 0098 FFF7FEFF 		bl	CyClockStartupError
 409              	.LVL30:
 410              	.L21:
 283:Generated_Source\PSoC5/cyfitter_cfg.c **** 	CY_SET_XTND_REG8((void CYFAR *)(CYREG_CLKDIST_MSTR0), 0x07u);
 411              		.loc 1 283 0
 412 009c 1C4A     		ldr	r2, .L23+40
 413 009e 4FF48073 		mov	r3, #256
 414 00a2 1380     		strh	r3, [r2]	@ movhi
 284:Generated_Source\PSoC5/cyfitter_cfg.c **** 	CY_SET_XTND_REG8((void CYFAR *)(CYREG_CLKDIST_BCFG0), 0x00u);
 415              		.loc 1 284 0
 416 00a4 0723     		movs	r3, #7
 417 00a6 1370     		strb	r3, [r2]
 285:Generated_Source\PSoC5/cyfitter_cfg.c **** 	CY_SET_XTND_REG8((void CYFAR *)(CYREG_CLKDIST_BCFG2), 0x48u);
ARM GAS  C:\Users\haoen\AppData\Local\Temp\ccLaEL5c.s 			page 15


 418              		.loc 1 285 0
 419 00a8 0023     		movs	r3, #0
 420 00aa 1A49     		ldr	r1, .L23+44
 421 00ac 0B70     		strb	r3, [r1]
 286:Generated_Source\PSoC5/cyfitter_cfg.c **** 	CY_SET_XTND_REG8((void CYFAR *)(CYREG_CLKDIST_MSTR0), 0x00u);
 422              		.loc 1 286 0
 423 00ae 4820     		movs	r0, #72
 424 00b0 0231     		adds	r1, r1, #2
 425 00b2 0870     		strb	r0, [r1]
 287:Generated_Source\PSoC5/cyfitter_cfg.c **** 
 426              		.loc 1 287 0
 427 00b4 1370     		strb	r3, [r2]
 290:Generated_Source\PSoC5/cyfitter_cfg.c **** 	CY_SET_XTND_REG8((void CYFAR *)(CYREG_CLKDIST_LD), 0x02u);
 428              		.loc 1 290 0
 429 00b6 0532     		adds	r2, r2, #5
 430 00b8 1370     		strb	r3, [r2]
 291:Generated_Source\PSoC5/cyfitter_cfg.c **** 	CY_SET_XTND_REG8((void CYFAR *)(CYREG_CLKDIST_DLY1), 0x04u);
 431              		.loc 1 291 0
 432 00ba 0222     		movs	r2, #2
 433 00bc 164B     		ldr	r3, .L23+48
 434 00be 1A70     		strb	r2, [r3]
 292:Generated_Source\PSoC5/cyfitter_cfg.c **** 
 435              		.loc 1 292 0
 436 00c0 0422     		movs	r2, #4
 437 00c2 0A33     		adds	r3, r3, #10
 438 00c4 1A70     		strb	r2, [r3]
 294:Generated_Source\PSoC5/cyfitter_cfg.c **** 	CY_SET_XTND_REG8((void CYFAR *)(CYREG_PM_ACT_CFG1), ((CY_GET_XTND_REG8((void CYFAR *)CYREG_PM_ACT_
 439              		.loc 1 294 0
 440 00c6 154A     		ldr	r2, .L23+52
 441 00c8 1378     		ldrb	r3, [r2]	@ zero_extendqisi2
 442 00ca 43F03F03 		orr	r3, r3, #63
 443 00ce 1370     		strb	r3, [r2]
 295:Generated_Source\PSoC5/cyfitter_cfg.c **** 	CY_SET_XTND_REG8((void CYFAR *)(CYREG_PM_ACT_CFG0), ((CY_GET_XTND_REG8((void CYFAR *)CYREG_PM_ACT_
 444              		.loc 1 295 0
 445 00d0 013A     		subs	r2, r2, #1
 446 00d2 1378     		ldrb	r3, [r2]	@ zero_extendqisi2
 447 00d4 43F00103 		orr	r3, r3, #1
 448 00d8 1370     		strb	r3, [r2]
 296:Generated_Source\PSoC5/cyfitter_cfg.c **** }
 449              		.loc 1 296 0
 450 00da 013A     		subs	r2, r2, #1
 451 00dc 1378     		ldrb	r3, [r2]	@ zero_extendqisi2
 452 00de 43F08003 		orr	r3, r3, #128
 453 00e2 1370     		strb	r3, [r2]
 454 00e4 38BD     		pop	{r3, r4, r5, pc}
 455              	.LVL31:
 456              	.L24:
 457 00e6 00BF     		.align	2
 458              	.L23:
 459 00e8 80400040 		.word	1073758336
 460 00ec 86400040 		.word	1073758342
 461 00f0 8A400040 		.word	1073758346
 462 00f4 D40D0048 		.word	1207963092
 463 00f8 00410040 		.word	1073758464
 464 00fc 00430040 		.word	1073758976
 465 0100 0F010049 		.word	1224737039
 466 0104 A1460040 		.word	1073759905
ARM GAS  C:\Users\haoen\AppData\Local\Temp\ccLaEL5c.s 			page 16


 467 0108 22420040 		.word	1073758754
 468 010c 25420040 		.word	1073758757
 469 0110 04400040 		.word	1073758212
 470 0114 06400040 		.word	1073758214
 471 0118 01400040 		.word	1073758209
 472 011c A2430040 		.word	1073759138
 473              		.cfi_endproc
 474              	.LFE5:
 475              		.size	ClockSetup, .-ClockSetup
 476              		.section	.text.SetAnalogRoutingPumps,"ax",%progbits
 477              		.align	2
 478              		.global	SetAnalogRoutingPumps
 479              		.thumb
 480              		.thumb_func
 481              		.type	SetAnalogRoutingPumps, %function
 482              	SetAnalogRoutingPumps:
 483              	.LFB7:
 345:Generated_Source\PSoC5/cyfitter_cfg.c **** }
 346:Generated_Source\PSoC5/cyfitter_cfg.c **** 
 347:Generated_Source\PSoC5/cyfitter_cfg.c **** 
 348:Generated_Source\PSoC5/cyfitter_cfg.c **** /*******************************************************************************
 349:Generated_Source\PSoC5/cyfitter_cfg.c **** * Function Name: SetAnalogRoutingPumps
 350:Generated_Source\PSoC5/cyfitter_cfg.c **** ********************************************************************************
 351:Generated_Source\PSoC5/cyfitter_cfg.c **** *
 352:Generated_Source\PSoC5/cyfitter_cfg.c **** * Summary:
 353:Generated_Source\PSoC5/cyfitter_cfg.c **** * Enables or disables the analog pumps feeding analog routing switches.
 354:Generated_Source\PSoC5/cyfitter_cfg.c **** * Intended to be called at startup, based on the Vdda system configuration;
 355:Generated_Source\PSoC5/cyfitter_cfg.c **** * may be called during operation when the user informs us that the Vdda voltage
 356:Generated_Source\PSoC5/cyfitter_cfg.c **** * crossed the pump threshold.
 357:Generated_Source\PSoC5/cyfitter_cfg.c **** *
 358:Generated_Source\PSoC5/cyfitter_cfg.c **** * Parameters:
 359:Generated_Source\PSoC5/cyfitter_cfg.c **** *  enabled - 1 to enable the pumps, 0 to disable the pumps
 360:Generated_Source\PSoC5/cyfitter_cfg.c **** *
 361:Generated_Source\PSoC5/cyfitter_cfg.c **** * Return:
 362:Generated_Source\PSoC5/cyfitter_cfg.c **** *  void
 363:Generated_Source\PSoC5/cyfitter_cfg.c **** *
 364:Generated_Source\PSoC5/cyfitter_cfg.c **** *******************************************************************************/
 365:Generated_Source\PSoC5/cyfitter_cfg.c **** void SetAnalogRoutingPumps(uint8 enabled)
 366:Generated_Source\PSoC5/cyfitter_cfg.c **** {
 484              		.loc 1 366 0
 485              		.cfi_startproc
 486              		@ args = 0, pretend = 0, frame = 0
 487              		@ frame_needed = 0, uses_anonymous_args = 0
 488              		@ link register save eliminated.
 489              	.LVL32:
 367:Generated_Source\PSoC5/cyfitter_cfg.c **** 	uint8 regValue = CY_GET_XTND_REG8((void CYFAR *)CYREG_PUMP_CR0);
 490              		.loc 1 367 0
 491 0000 054B     		ldr	r3, .L28
 492 0002 1B78     		ldrb	r3, [r3]	@ zero_extendqisi2
 493 0004 DBB2     		uxtb	r3, r3
 494              	.LVL33:
 368:Generated_Source\PSoC5/cyfitter_cfg.c **** 	if (enabled != 0u)
 495              		.loc 1 368 0
 496 0006 10B1     		cbz	r0, .L26
 369:Generated_Source\PSoC5/cyfitter_cfg.c **** 	{
 370:Generated_Source\PSoC5/cyfitter_cfg.c **** 		regValue |= 0x22u;
 497              		.loc 1 370 0
ARM GAS  C:\Users\haoen\AppData\Local\Temp\ccLaEL5c.s 			page 17


 498 0008 43F02203 		orr	r3, r3, #34
 499              	.LVL34:
 500 000c 01E0     		b	.L27
 501              	.L26:
 371:Generated_Source\PSoC5/cyfitter_cfg.c **** 	}
 372:Generated_Source\PSoC5/cyfitter_cfg.c **** 	else
 373:Generated_Source\PSoC5/cyfitter_cfg.c **** 	{
 374:Generated_Source\PSoC5/cyfitter_cfg.c **** 		regValue &= (uint8)~0x22u;
 502              		.loc 1 374 0
 503 000e 03F0DD03 		and	r3, r3, #221
 504              	.LVL35:
 505              	.L27:
 375:Generated_Source\PSoC5/cyfitter_cfg.c **** 	}
 376:Generated_Source\PSoC5/cyfitter_cfg.c **** 	CY_SET_XTND_REG8((void CYFAR *)CYREG_PUMP_CR0, regValue);
 506              		.loc 1 376 0
 507 0012 014A     		ldr	r2, .L28
 508 0014 1370     		strb	r3, [r2]
 509 0016 7047     		bx	lr
 510              	.L29:
 511              		.align	2
 512              	.L28:
 513 0018 76580040 		.word	1073764470
 514              		.cfi_endproc
 515              	.LFE7:
 516              		.size	SetAnalogRoutingPumps, .-SetAnalogRoutingPumps
 517              		.section	.text.AMux_CYAMUXSIDE_A_Set,"ax",%progbits
 518              		.align	2
 519              		.global	AMux_CYAMUXSIDE_A_Set
 520              		.thumb
 521              		.thumb_func
 522              		.type	AMux_CYAMUXSIDE_A_Set, %function
 523              	AMux_CYAMUXSIDE_A_Set:
 524              	.LFB8:
 377:Generated_Source\PSoC5/cyfitter_cfg.c **** }
 378:Generated_Source\PSoC5/cyfitter_cfg.c **** 
 379:Generated_Source\PSoC5/cyfitter_cfg.c **** 
 380:Generated_Source\PSoC5/cyfitter_cfg.c **** #define CY_AMUX_UNUSED CYREG_BOOST_SR
 381:Generated_Source\PSoC5/cyfitter_cfg.c **** /* This is an implementation detail of the AMux. Code that depends on it may be
 382:Generated_Source\PSoC5/cyfitter_cfg.c ****    incompatible with other versions of PSoC Creator. */
 383:Generated_Source\PSoC5/cyfitter_cfg.c **** uint8 CYXDATA * const CYCODE AMux_CYAMUXSIDE_A__addrTable[2] = {
 384:Generated_Source\PSoC5/cyfitter_cfg.c **** 	(uint8 CYXDATA *)CYREG_PRT3_AG, 
 385:Generated_Source\PSoC5/cyfitter_cfg.c **** 	(uint8 CYXDATA *)CYREG_PRT0_AG, 
 386:Generated_Source\PSoC5/cyfitter_cfg.c **** };
 387:Generated_Source\PSoC5/cyfitter_cfg.c **** 
 388:Generated_Source\PSoC5/cyfitter_cfg.c **** /* This is an implementation detail of the AMux. Code that depends on it may be
 389:Generated_Source\PSoC5/cyfitter_cfg.c ****    incompatible with other versions of PSoC Creator. */
 390:Generated_Source\PSoC5/cyfitter_cfg.c **** const uint8 CYCODE AMux_CYAMUXSIDE_A__maskTable[2] = {
 391:Generated_Source\PSoC5/cyfitter_cfg.c **** 	0x20u, 
 392:Generated_Source\PSoC5/cyfitter_cfg.c **** 	0x10u, 
 393:Generated_Source\PSoC5/cyfitter_cfg.c **** };
 394:Generated_Source\PSoC5/cyfitter_cfg.c **** 
 395:Generated_Source\PSoC5/cyfitter_cfg.c **** /*******************************************************************************
 396:Generated_Source\PSoC5/cyfitter_cfg.c **** * Function Name: AMux_CYAMUXSIDE_A_Set
 397:Generated_Source\PSoC5/cyfitter_cfg.c **** ********************************************************************************
 398:Generated_Source\PSoC5/cyfitter_cfg.c **** * Summary:
 399:Generated_Source\PSoC5/cyfitter_cfg.c **** *  This function is used to set a particular channel as active on the AMux.
 400:Generated_Source\PSoC5/cyfitter_cfg.c **** *
ARM GAS  C:\Users\haoen\AppData\Local\Temp\ccLaEL5c.s 			page 18


 401:Generated_Source\PSoC5/cyfitter_cfg.c **** * Parameters:  
 402:Generated_Source\PSoC5/cyfitter_cfg.c **** *   channel - The mux channel input to set as active
 403:Generated_Source\PSoC5/cyfitter_cfg.c **** *
 404:Generated_Source\PSoC5/cyfitter_cfg.c **** * Return:
 405:Generated_Source\PSoC5/cyfitter_cfg.c **** *   void
 406:Generated_Source\PSoC5/cyfitter_cfg.c **** *
 407:Generated_Source\PSoC5/cyfitter_cfg.c **** *******************************************************************************/
 408:Generated_Source\PSoC5/cyfitter_cfg.c **** void AMux_CYAMUXSIDE_A_Set(uint8 channel)
 409:Generated_Source\PSoC5/cyfitter_cfg.c **** {
 525              		.loc 1 409 0
 526              		.cfi_startproc
 527              		@ args = 0, pretend = 0, frame = 0
 528              		@ frame_needed = 0, uses_anonymous_args = 0
 529              		@ link register save eliminated.
 530              	.LVL36:
 410:Generated_Source\PSoC5/cyfitter_cfg.c **** 	if (channel < 2)
 531              		.loc 1 410 0
 532 0000 0128     		cmp	r0, #1
 533 0002 07D8     		bhi	.L30
 411:Generated_Source\PSoC5/cyfitter_cfg.c **** 	{
 412:Generated_Source\PSoC5/cyfitter_cfg.c **** 		*AMux_CYAMUXSIDE_A__addrTable[channel] |= AMux_CYAMUXSIDE_A__maskTable[channel];
 534              		.loc 1 412 0
 535 0004 044B     		ldr	r3, .L32
 536 0006 53F82020 		ldr	r2, [r3, r0, lsl #2]
 537 000a 1844     		add	r0, r0, r3
 538              	.LVL37:
 539 000c 017A     		ldrb	r1, [r0, #8]	@ zero_extendqisi2
 540 000e 1378     		ldrb	r3, [r2]	@ zero_extendqisi2
 541 0010 0B43     		orrs	r3, r3, r1
 542 0012 1370     		strb	r3, [r2]
 543              	.L30:
 544 0014 7047     		bx	lr
 545              	.L33:
 546 0016 00BF     		.align	2
 547              	.L32:
 548 0018 00000000 		.word	.LANCHOR0
 549              		.cfi_endproc
 550              	.LFE8:
 551              		.size	AMux_CYAMUXSIDE_A_Set, .-AMux_CYAMUXSIDE_A_Set
 552              		.section	.text.AMux_CYAMUXSIDE_A_Unset,"ax",%progbits
 553              		.align	2
 554              		.global	AMux_CYAMUXSIDE_A_Unset
 555              		.thumb
 556              		.thumb_func
 557              		.type	AMux_CYAMUXSIDE_A_Unset, %function
 558              	AMux_CYAMUXSIDE_A_Unset:
 559              	.LFB9:
 413:Generated_Source\PSoC5/cyfitter_cfg.c **** 	}
 414:Generated_Source\PSoC5/cyfitter_cfg.c **** }
 415:Generated_Source\PSoC5/cyfitter_cfg.c **** 
 416:Generated_Source\PSoC5/cyfitter_cfg.c **** /*******************************************************************************
 417:Generated_Source\PSoC5/cyfitter_cfg.c **** * Function Name: AMux_CYAMUXSIDE_A_Unset
 418:Generated_Source\PSoC5/cyfitter_cfg.c **** ********************************************************************************
 419:Generated_Source\PSoC5/cyfitter_cfg.c **** * Summary:
 420:Generated_Source\PSoC5/cyfitter_cfg.c **** *  This function is used to clear a particular channel from being active on the
 421:Generated_Source\PSoC5/cyfitter_cfg.c **** *  AMux.
 422:Generated_Source\PSoC5/cyfitter_cfg.c **** *
ARM GAS  C:\Users\haoen\AppData\Local\Temp\ccLaEL5c.s 			page 19


 423:Generated_Source\PSoC5/cyfitter_cfg.c **** * Parameters:  
 424:Generated_Source\PSoC5/cyfitter_cfg.c **** *   channel - The mux channel input to mark inactive
 425:Generated_Source\PSoC5/cyfitter_cfg.c **** *
 426:Generated_Source\PSoC5/cyfitter_cfg.c **** * Return:
 427:Generated_Source\PSoC5/cyfitter_cfg.c **** *   void
 428:Generated_Source\PSoC5/cyfitter_cfg.c **** *
 429:Generated_Source\PSoC5/cyfitter_cfg.c **** *******************************************************************************/
 430:Generated_Source\PSoC5/cyfitter_cfg.c **** void AMux_CYAMUXSIDE_A_Unset(uint8 channel)
 431:Generated_Source\PSoC5/cyfitter_cfg.c **** {
 560              		.loc 1 431 0
 561              		.cfi_startproc
 562              		@ args = 0, pretend = 0, frame = 0
 563              		@ frame_needed = 0, uses_anonymous_args = 0
 564              		@ link register save eliminated.
 565              	.LVL38:
 432:Generated_Source\PSoC5/cyfitter_cfg.c **** 	if (channel < 2)
 566              		.loc 1 432 0
 567 0000 0128     		cmp	r0, #1
 568 0002 08D8     		bhi	.L34
 433:Generated_Source\PSoC5/cyfitter_cfg.c **** 	{
 434:Generated_Source\PSoC5/cyfitter_cfg.c **** 		*AMux_CYAMUXSIDE_A__addrTable[channel] &= (uint8)~AMux_CYAMUXSIDE_A__maskTable[channel];
 569              		.loc 1 434 0
 570 0004 044B     		ldr	r3, .L36
 571 0006 53F82020 		ldr	r2, [r3, r0, lsl #2]
 572 000a 1844     		add	r0, r0, r3
 573              	.LVL39:
 574 000c 017A     		ldrb	r1, [r0, #8]	@ zero_extendqisi2
 575 000e 1378     		ldrb	r3, [r2]	@ zero_extendqisi2
 576 0010 23EA0103 		bic	r3, r3, r1
 577 0014 1370     		strb	r3, [r2]
 578              	.L34:
 579 0016 7047     		bx	lr
 580              	.L37:
 581              		.align	2
 582              	.L36:
 583 0018 00000000 		.word	.LANCHOR0
 584              		.cfi_endproc
 585              	.LFE9:
 586              		.size	AMux_CYAMUXSIDE_A_Unset, .-AMux_CYAMUXSIDE_A_Unset
 587              		.section	.text.AMux_CYAMUXSIDE_B_Set,"ax",%progbits
 588              		.align	2
 589              		.global	AMux_CYAMUXSIDE_B_Set
 590              		.thumb
 591              		.thumb_func
 592              		.type	AMux_CYAMUXSIDE_B_Set, %function
 593              	AMux_CYAMUXSIDE_B_Set:
 594              	.LFB10:
 435:Generated_Source\PSoC5/cyfitter_cfg.c **** 	}
 436:Generated_Source\PSoC5/cyfitter_cfg.c **** }
 437:Generated_Source\PSoC5/cyfitter_cfg.c **** 
 438:Generated_Source\PSoC5/cyfitter_cfg.c **** /* This is an implementation detail of the AMux. Code that depends on it may be
 439:Generated_Source\PSoC5/cyfitter_cfg.c ****    incompatible with other versions of PSoC Creator. */
 440:Generated_Source\PSoC5/cyfitter_cfg.c **** uint8 CYXDATA * const CYCODE AMux_CYAMUXSIDE_B__addrTable[2] = {
 441:Generated_Source\PSoC5/cyfitter_cfg.c **** 	(uint8 CYXDATA *)CYREG_PRT3_AMUX, 
 442:Generated_Source\PSoC5/cyfitter_cfg.c **** 	(uint8 CYXDATA *)CYREG_PRT0_AG, 
 443:Generated_Source\PSoC5/cyfitter_cfg.c **** };
 444:Generated_Source\PSoC5/cyfitter_cfg.c **** 
ARM GAS  C:\Users\haoen\AppData\Local\Temp\ccLaEL5c.s 			page 20


 445:Generated_Source\PSoC5/cyfitter_cfg.c **** /* This is an implementation detail of the AMux. Code that depends on it may be
 446:Generated_Source\PSoC5/cyfitter_cfg.c ****    incompatible with other versions of PSoC Creator. */
 447:Generated_Source\PSoC5/cyfitter_cfg.c **** const uint8 CYCODE AMux_CYAMUXSIDE_B__maskTable[2] = {
 448:Generated_Source\PSoC5/cyfitter_cfg.c **** 	0x10u, 
 449:Generated_Source\PSoC5/cyfitter_cfg.c **** 	0x20u, 
 450:Generated_Source\PSoC5/cyfitter_cfg.c **** };
 451:Generated_Source\PSoC5/cyfitter_cfg.c **** 
 452:Generated_Source\PSoC5/cyfitter_cfg.c **** /*******************************************************************************
 453:Generated_Source\PSoC5/cyfitter_cfg.c **** * Function Name: AMux_CYAMUXSIDE_B_Set
 454:Generated_Source\PSoC5/cyfitter_cfg.c **** ********************************************************************************
 455:Generated_Source\PSoC5/cyfitter_cfg.c **** * Summary:
 456:Generated_Source\PSoC5/cyfitter_cfg.c **** *  This function is used to set a particular channel as active on the AMux.
 457:Generated_Source\PSoC5/cyfitter_cfg.c **** *
 458:Generated_Source\PSoC5/cyfitter_cfg.c **** * Parameters:  
 459:Generated_Source\PSoC5/cyfitter_cfg.c **** *   channel - The mux channel input to set as active
 460:Generated_Source\PSoC5/cyfitter_cfg.c **** *
 461:Generated_Source\PSoC5/cyfitter_cfg.c **** * Return:
 462:Generated_Source\PSoC5/cyfitter_cfg.c **** *   void
 463:Generated_Source\PSoC5/cyfitter_cfg.c **** *
 464:Generated_Source\PSoC5/cyfitter_cfg.c **** *******************************************************************************/
 465:Generated_Source\PSoC5/cyfitter_cfg.c **** void AMux_CYAMUXSIDE_B_Set(uint8 channel)
 466:Generated_Source\PSoC5/cyfitter_cfg.c **** {
 595              		.loc 1 466 0
 596              		.cfi_startproc
 597              		@ args = 0, pretend = 0, frame = 0
 598              		@ frame_needed = 0, uses_anonymous_args = 0
 599              		@ link register save eliminated.
 600              	.LVL40:
 467:Generated_Source\PSoC5/cyfitter_cfg.c **** 	if (channel < 2)
 601              		.loc 1 467 0
 602 0000 0128     		cmp	r0, #1
 603 0002 08D8     		bhi	.L38
 468:Generated_Source\PSoC5/cyfitter_cfg.c **** 	{
 469:Generated_Source\PSoC5/cyfitter_cfg.c **** 		*AMux_CYAMUXSIDE_B__addrTable[channel] |= AMux_CYAMUXSIDE_B__maskTable[channel];
 604              		.loc 1 469 0
 605 0004 044B     		ldr	r3, .L40
 606 0006 03EB8002 		add	r2, r3, r0, lsl #2
 607 000a D268     		ldr	r2, [r2, #12]
 608 000c 1844     		add	r0, r0, r3
 609              	.LVL41:
 610 000e 017D     		ldrb	r1, [r0, #20]	@ zero_extendqisi2
 611 0010 1378     		ldrb	r3, [r2]	@ zero_extendqisi2
 612 0012 0B43     		orrs	r3, r3, r1
 613 0014 1370     		strb	r3, [r2]
 614              	.L38:
 615 0016 7047     		bx	lr
 616              	.L41:
 617              		.align	2
 618              	.L40:
 619 0018 00000000 		.word	.LANCHOR0
 620              		.cfi_endproc
 621              	.LFE10:
 622              		.size	AMux_CYAMUXSIDE_B_Set, .-AMux_CYAMUXSIDE_B_Set
 623              		.section	.text.AMux_CYAMUXSIDE_B_Unset,"ax",%progbits
 624              		.align	2
 625              		.global	AMux_CYAMUXSIDE_B_Unset
 626              		.thumb
ARM GAS  C:\Users\haoen\AppData\Local\Temp\ccLaEL5c.s 			page 21


 627              		.thumb_func
 628              		.type	AMux_CYAMUXSIDE_B_Unset, %function
 629              	AMux_CYAMUXSIDE_B_Unset:
 630              	.LFB11:
 470:Generated_Source\PSoC5/cyfitter_cfg.c **** 	}
 471:Generated_Source\PSoC5/cyfitter_cfg.c **** }
 472:Generated_Source\PSoC5/cyfitter_cfg.c **** 
 473:Generated_Source\PSoC5/cyfitter_cfg.c **** /*******************************************************************************
 474:Generated_Source\PSoC5/cyfitter_cfg.c **** * Function Name: AMux_CYAMUXSIDE_B_Unset
 475:Generated_Source\PSoC5/cyfitter_cfg.c **** ********************************************************************************
 476:Generated_Source\PSoC5/cyfitter_cfg.c **** * Summary:
 477:Generated_Source\PSoC5/cyfitter_cfg.c **** *  This function is used to clear a particular channel from being active on the
 478:Generated_Source\PSoC5/cyfitter_cfg.c **** *  AMux.
 479:Generated_Source\PSoC5/cyfitter_cfg.c **** *
 480:Generated_Source\PSoC5/cyfitter_cfg.c **** * Parameters:  
 481:Generated_Source\PSoC5/cyfitter_cfg.c **** *   channel - The mux channel input to mark inactive
 482:Generated_Source\PSoC5/cyfitter_cfg.c **** *
 483:Generated_Source\PSoC5/cyfitter_cfg.c **** * Return:
 484:Generated_Source\PSoC5/cyfitter_cfg.c **** *   void
 485:Generated_Source\PSoC5/cyfitter_cfg.c **** *
 486:Generated_Source\PSoC5/cyfitter_cfg.c **** *******************************************************************************/
 487:Generated_Source\PSoC5/cyfitter_cfg.c **** void AMux_CYAMUXSIDE_B_Unset(uint8 channel)
 488:Generated_Source\PSoC5/cyfitter_cfg.c **** {
 631              		.loc 1 488 0
 632              		.cfi_startproc
 633              		@ args = 0, pretend = 0, frame = 0
 634              		@ frame_needed = 0, uses_anonymous_args = 0
 635              		@ link register save eliminated.
 636              	.LVL42:
 489:Generated_Source\PSoC5/cyfitter_cfg.c **** 	if (channel < 2)
 637              		.loc 1 489 0
 638 0000 0128     		cmp	r0, #1
 639 0002 09D8     		bhi	.L42
 490:Generated_Source\PSoC5/cyfitter_cfg.c **** 	{
 491:Generated_Source\PSoC5/cyfitter_cfg.c **** 		*AMux_CYAMUXSIDE_B__addrTable[channel] &= (uint8)~AMux_CYAMUXSIDE_B__maskTable[channel];
 640              		.loc 1 491 0
 641 0004 054B     		ldr	r3, .L44
 642 0006 03EB8002 		add	r2, r3, r0, lsl #2
 643 000a D268     		ldr	r2, [r2, #12]
 644 000c 1844     		add	r0, r0, r3
 645              	.LVL43:
 646 000e 017D     		ldrb	r1, [r0, #20]	@ zero_extendqisi2
 647 0010 1378     		ldrb	r3, [r2]	@ zero_extendqisi2
 648 0012 23EA0103 		bic	r3, r3, r1
 649 0016 1370     		strb	r3, [r2]
 650              	.L42:
 651 0018 7047     		bx	lr
 652              	.L45:
 653 001a 00BF     		.align	2
 654              	.L44:
 655 001c 00000000 		.word	.LANCHOR0
 656              		.cfi_endproc
 657              	.LFE11:
 658              		.size	AMux_CYAMUXSIDE_B_Unset, .-AMux_CYAMUXSIDE_B_Unset
 659              		.section	.text.cyfitter_cfg,"ax",%progbits
 660              		.align	2
 661              		.global	cyfitter_cfg
ARM GAS  C:\Users\haoen\AppData\Local\Temp\ccLaEL5c.s 			page 22


 662              		.thumb
 663              		.thumb_func
 664              		.type	cyfitter_cfg, %function
 665              	cyfitter_cfg:
 666              	.LFB12:
 492:Generated_Source\PSoC5/cyfitter_cfg.c **** 	}
 493:Generated_Source\PSoC5/cyfitter_cfg.c **** }
 494:Generated_Source\PSoC5/cyfitter_cfg.c **** 
 495:Generated_Source\PSoC5/cyfitter_cfg.c **** 
 496:Generated_Source\PSoC5/cyfitter_cfg.c **** 
 497:Generated_Source\PSoC5/cyfitter_cfg.c **** /*******************************************************************************
 498:Generated_Source\PSoC5/cyfitter_cfg.c **** * Function Name: cyfitter_cfg
 499:Generated_Source\PSoC5/cyfitter_cfg.c **** ********************************************************************************
 500:Generated_Source\PSoC5/cyfitter_cfg.c **** * Summary:
 501:Generated_Source\PSoC5/cyfitter_cfg.c **** *  This function is called by the start-up code for the selected device. It
 502:Generated_Source\PSoC5/cyfitter_cfg.c **** *  performs all of the necessary device configuration based on the design
 503:Generated_Source\PSoC5/cyfitter_cfg.c **** *  settings.  This includes settings from the Design Wide Resources (DWR) such
 504:Generated_Source\PSoC5/cyfitter_cfg.c **** *  as Clocks and Pins as well as any component configuration that is necessary.
 505:Generated_Source\PSoC5/cyfitter_cfg.c **** *
 506:Generated_Source\PSoC5/cyfitter_cfg.c **** * Parameters:
 507:Generated_Source\PSoC5/cyfitter_cfg.c **** *   void
 508:Generated_Source\PSoC5/cyfitter_cfg.c **** *
 509:Generated_Source\PSoC5/cyfitter_cfg.c **** * Return:
 510:Generated_Source\PSoC5/cyfitter_cfg.c **** *   void
 511:Generated_Source\PSoC5/cyfitter_cfg.c **** *
 512:Generated_Source\PSoC5/cyfitter_cfg.c **** *******************************************************************************/
 513:Generated_Source\PSoC5/cyfitter_cfg.c **** 
 514:Generated_Source\PSoC5/cyfitter_cfg.c **** void cyfitter_cfg(void)
 515:Generated_Source\PSoC5/cyfitter_cfg.c **** {
 667              		.loc 1 515 0
 668              		.cfi_startproc
 669              		@ args = 0, pretend = 0, frame = 0
 670              		@ frame_needed = 0, uses_anonymous_args = 0
 671 0000 38B5     		push	{r3, r4, r5, lr}
 672              		.cfi_def_cfa_offset 16
 673              		.cfi_offset 3, -16
 674              		.cfi_offset 4, -12
 675              		.cfi_offset 5, -8
 676              		.cfi_offset 14, -4
 516:Generated_Source\PSoC5/cyfitter_cfg.c **** #ifdef CYGlobalIntDisable
 517:Generated_Source\PSoC5/cyfitter_cfg.c **** 	/* Disable interrupts by default. Let user enable if/when they want. */
 518:Generated_Source\PSoC5/cyfitter_cfg.c **** 	CYGlobalIntDisable
 677              		.loc 1 518 0
 678              		.syntax unified
 679              	@ 518 "Generated_Source\PSoC5\cyfitter_cfg.c" 1
 680 0002 72B6     		CPSID   i
 681              	@ 0 "" 2
 519:Generated_Source\PSoC5/cyfitter_cfg.c **** #endif
 520:Generated_Source\PSoC5/cyfitter_cfg.c **** 
 521:Generated_Source\PSoC5/cyfitter_cfg.c **** 	/* Enable/Disable Debug functionality based on settings from System DWR */
 522:Generated_Source\PSoC5/cyfitter_cfg.c **** 	CY_SET_XTND_REG8((void CYFAR *)CYREG_MLOGIC_DEBUG, (CY_GET_XTND_REG8((void CYFAR *)CYREG_MLOGIC_DE
 682              		.loc 1 522 0
 683              		.thumb
 684              		.syntax unified
 685 0004 384A     		ldr	r2, .L50
 686 0006 1378     		ldrb	r3, [r2]	@ zero_extendqisi2
 687 0008 43F00403 		orr	r3, r3, #4
ARM GAS  C:\Users\haoen\AppData\Local\Temp\ccLaEL5c.s 			page 23


 688 000c 1370     		strb	r3, [r2]
 689              	.LVL44:
 690              	.LBB3:
 523:Generated_Source\PSoC5/cyfitter_cfg.c **** 
 524:Generated_Source\PSoC5/cyfitter_cfg.c **** 	{
 525:Generated_Source\PSoC5/cyfitter_cfg.c **** 
 526:Generated_Source\PSoC5/cyfitter_cfg.c **** 		CYPACKED typedef struct {
 527:Generated_Source\PSoC5/cyfitter_cfg.c **** 			void CYFAR *address;
 528:Generated_Source\PSoC5/cyfitter_cfg.c **** 			uint16 size;
 529:Generated_Source\PSoC5/cyfitter_cfg.c **** 		} CYPACKED_ATTR cfg_memset_t;
 530:Generated_Source\PSoC5/cyfitter_cfg.c **** 
 531:Generated_Source\PSoC5/cyfitter_cfg.c **** 		static const cfg_memset_t CYCODE cfg_memset_list[] = {
 532:Generated_Source\PSoC5/cyfitter_cfg.c **** 			/* address, size */
 533:Generated_Source\PSoC5/cyfitter_cfg.c **** 			{(void CYFAR *)(CYREG_TMR0_CFG0), 12u},
 534:Generated_Source\PSoC5/cyfitter_cfg.c **** 			{(void CYFAR *)(CYREG_PRT4_DR), 48u},
 535:Generated_Source\PSoC5/cyfitter_cfg.c **** 			{(void CYFAR *)(CYDEV_UCFG_B0_P0_U0_BASE), 4096u},
 536:Generated_Source\PSoC5/cyfitter_cfg.c **** 			{(void CYFAR *)(CYDEV_UCFG_B1_P2_U0_BASE), 2048u},
 537:Generated_Source\PSoC5/cyfitter_cfg.c **** 			{(void CYFAR *)(CYDEV_UCFG_DSI0_BASE), 2560u},
 538:Generated_Source\PSoC5/cyfitter_cfg.c **** 			{(void CYFAR *)(CYDEV_UCFG_DSI12_BASE), 512u},
 539:Generated_Source\PSoC5/cyfitter_cfg.c **** 			{(void CYFAR *)(CYREG_BCTL0_MDCLK_EN), 32u},
 540:Generated_Source\PSoC5/cyfitter_cfg.c **** 		};
 541:Generated_Source\PSoC5/cyfitter_cfg.c **** 
 542:Generated_Source\PSoC5/cyfitter_cfg.c **** 		uint8 CYDATA i;
 543:Generated_Source\PSoC5/cyfitter_cfg.c **** 
 544:Generated_Source\PSoC5/cyfitter_cfg.c **** 		/* Zero out critical memory blocks before beginning configuration */
 545:Generated_Source\PSoC5/cyfitter_cfg.c **** 		for (i = 0u; i < (sizeof(cfg_memset_list)/sizeof(cfg_memset_list[0])); i++)
 691              		.loc 1 545 0
 692 000e 0024     		movs	r4, #0
 693 0010 0BE0     		b	.L47
 694              	.LVL45:
 695              	.L48:
 696              	.LBB4:
 546:Generated_Source\PSoC5/cyfitter_cfg.c **** 		{
 547:Generated_Source\PSoC5/cyfitter_cfg.c **** 			const cfg_memset_t CYCODE * CYDATA ms = &cfg_memset_list[i];
 548:Generated_Source\PSoC5/cyfitter_cfg.c **** 			CYMEMZERO(ms->address, (size_t)(uint32)(ms->size));
 697              		.loc 1 548 0 discriminator 3
 698 0012 3648     		ldr	r0, .L50+4
 699 0014 6300     		lsls	r3, r4, #1
 700 0016 1A19     		adds	r2, r3, r4
 701 0018 5100     		lsls	r1, r2, #1
 702 001a 0144     		add	r1, r1, r0
 703 001c 0A46     		mov	r2, r1
 704 001e 898B     		ldrh	r1, [r1, #28]
 705 0020 9069     		ldr	r0, [r2, #24]	@ unaligned
 706 0022 FFF7FEFF 		bl	CYMEMZERO
 707              	.LVL46:
 708              	.LBE4:
 545:Generated_Source\PSoC5/cyfitter_cfg.c **** 		{
 709              		.loc 1 545 0 discriminator 3
 710 0026 0134     		adds	r4, r4, #1
 711              	.LVL47:
 712 0028 E4B2     		uxtb	r4, r4
 713              	.LVL48:
 714              	.L47:
 545:Generated_Source\PSoC5/cyfitter_cfg.c **** 		{
 715              		.loc 1 545 0 is_stmt 0 discriminator 1
 716 002a 062C     		cmp	r4, #6
ARM GAS  C:\Users\haoen\AppData\Local\Temp\ccLaEL5c.s 			page 24


 717 002c F1D9     		bls	.L48
 549:Generated_Source\PSoC5/cyfitter_cfg.c **** 		}
 550:Generated_Source\PSoC5/cyfitter_cfg.c **** 
 551:Generated_Source\PSoC5/cyfitter_cfg.c **** 		cfg_write_bytes32(cy_cfg_addr_table, cy_cfg_data_table);
 718              		.loc 1 551 0 is_stmt 1
 719 002e 3049     		ldr	r1, .L50+8
 720 0030 4FF09040 		mov	r0, #1207959552
 721 0034 FFF7FEFF 		bl	cfg_write_bytes32
 722              	.LVL49:
 552:Generated_Source\PSoC5/cyfitter_cfg.c **** 
 553:Generated_Source\PSoC5/cyfitter_cfg.c **** 		/* Perform normal device configuration. Order is not critical for these items. */
 554:Generated_Source\PSoC5/cyfitter_cfg.c **** 		CY_SET_XTND_REG8((void CYFAR *)(CYREG_DSM0_CR3), 0x0Au);
 723              		.loc 1 554 0
 724 0038 0A24     		movs	r4, #10
 725              	.LVL50:
 726 003a 2E4B     		ldr	r3, .L50+12
 727 003c 1C70     		strb	r4, [r3]
 555:Generated_Source\PSoC5/cyfitter_cfg.c **** 		CYMEMZERO((void CYFAR *)(CYREG_PHUB_CFGMEM0_CFG0), 4u);
 728              		.loc 1 555 0
 729 003e 0421     		movs	r1, #4
 730 0040 2D48     		ldr	r0, .L50+16
 731 0042 FFF7FEFF 		bl	CYMEMZERO
 732              	.LVL51:
 556:Generated_Source\PSoC5/cyfitter_cfg.c **** 		CYCONFIGCPY((void CYFAR *)(CYREG_PHUB_CFGMEM1_CFG0), (const void CYFAR *)(BS_PHUB_CFGMEM1_VAL), 4
 733              		.loc 1 556 0
 734 0046 0422     		movs	r2, #4
 735 0048 2C49     		ldr	r1, .L50+20
 736 004a 2D48     		ldr	r0, .L50+24
 737 004c FFF7FEFF 		bl	CYCONFIGCPY
 738              	.LVL52:
 557:Generated_Source\PSoC5/cyfitter_cfg.c **** 
 558:Generated_Source\PSoC5/cyfitter_cfg.c **** 		/* Enable digital routing */
 559:Generated_Source\PSoC5/cyfitter_cfg.c **** 		CY_SET_XTND_REG8((void CYFAR *)CYREG_BCTL0_BANK_CTL, CY_GET_XTND_REG8((void CYFAR *)CYREG_BCTL0_B
 739              		.loc 1 559 0
 740 0050 2C4A     		ldr	r2, .L50+28
 741 0052 1378     		ldrb	r3, [r2]	@ zero_extendqisi2
 742 0054 43F00203 		orr	r3, r3, #2
 743 0058 1370     		strb	r3, [r2]
 560:Generated_Source\PSoC5/cyfitter_cfg.c **** 		CY_SET_XTND_REG8((void CYFAR *)CYREG_BCTL1_BANK_CTL, CY_GET_XTND_REG8((void CYFAR *)CYREG_BCTL1_B
 744              		.loc 1 560 0
 745 005a 1032     		adds	r2, r2, #16
 746 005c 1378     		ldrb	r3, [r2]	@ zero_extendqisi2
 747 005e 43F00203 		orr	r3, r3, #2
 748 0062 1370     		strb	r3, [r2]
 561:Generated_Source\PSoC5/cyfitter_cfg.c **** 
 562:Generated_Source\PSoC5/cyfitter_cfg.c **** 		/* Enable UDB array */
 563:Generated_Source\PSoC5/cyfitter_cfg.c **** 		CY_SET_XTND_REG8((void CYFAR *)CYREG_PM_ACT_CFG0, CY_GET_XTND_REG8((void CYFAR *)CYREG_PM_ACT_CFG
 749              		.loc 1 563 0
 750 0064 284D     		ldr	r5, .L50+32
 751 0066 2B78     		ldrb	r3, [r5]	@ zero_extendqisi2
 752 0068 43F04003 		orr	r3, r3, #64
 753 006c 2B70     		strb	r3, [r5]
 564:Generated_Source\PSoC5/cyfitter_cfg.c **** 		CY_SET_XTND_REG8((void CYFAR *)CYREG_PM_AVAIL_CR2, CY_GET_XTND_REG8((void CYFAR *)CYREG_PM_AVAIL_
 754              		.loc 1 564 0
 755 006e A2F58632 		sub	r2, r2, #68608
 756 0072 513A     		subs	r2, r2, #81
 757 0074 1378     		ldrb	r3, [r2]	@ zero_extendqisi2
ARM GAS  C:\Users\haoen\AppData\Local\Temp\ccLaEL5c.s 			page 25


 758 0076 43F01003 		orr	r3, r3, #16
 759 007a 1370     		strb	r3, [r2]
 760              	.LBE3:
 565:Generated_Source\PSoC5/cyfitter_cfg.c **** 	}
 566:Generated_Source\PSoC5/cyfitter_cfg.c **** 
 567:Generated_Source\PSoC5/cyfitter_cfg.c **** 
 568:Generated_Source\PSoC5/cyfitter_cfg.c **** 	/* Perform second pass device configuration. These items must be configured in specific order afte
 569:Generated_Source\PSoC5/cyfitter_cfg.c **** 	CYCONFIGCPY((void CYFAR *)(CYREG_PRT0_DR), (const void CYFAR *)(BS_IOPINS0_0_VAL), 10u);
 761              		.loc 1 569 0
 762 007c 2246     		mov	r2, r4
 763 007e 2349     		ldr	r1, .L50+36
 764 0080 2348     		ldr	r0, .L50+40
 765 0082 FFF7FEFF 		bl	CYCONFIGCPY
 766              	.LVL53:
 570:Generated_Source\PSoC5/cyfitter_cfg.c **** 	CYCONFIGCPY((void CYFAR *)(CYREG_PRT12_DR), (const void CYFAR *)(BS_IOPINS0_7_VAL), 10u);
 767              		.loc 1 570 0
 768 0086 2246     		mov	r2, r4
 769 0088 2249     		ldr	r1, .L50+44
 770 008a 2348     		ldr	r0, .L50+48
 771 008c FFF7FEFF 		bl	CYCONFIGCPY
 772              	.LVL54:
 571:Generated_Source\PSoC5/cyfitter_cfg.c **** 	CYCONFIGCPY((void CYFAR *)(CYREG_PRT15_DR), (const void CYFAR *)(BS_IOPINS0_8_VAL), 10u);
 773              		.loc 1 571 0
 774 0090 2246     		mov	r2, r4
 775 0092 2249     		ldr	r1, .L50+52
 776 0094 2248     		ldr	r0, .L50+56
 777 0096 FFF7FEFF 		bl	CYCONFIGCPY
 778              	.LVL55:
 572:Generated_Source\PSoC5/cyfitter_cfg.c **** 	CYCONFIGCPY((void CYFAR *)(CYREG_PRT1_DR), (const void CYFAR *)(BS_IOPINS0_1_VAL), 10u);
 779              		.loc 1 572 0
 780 009a 2246     		mov	r2, r4
 781 009c 2149     		ldr	r1, .L50+60
 782 009e 2248     		ldr	r0, .L50+64
 783 00a0 FFF7FEFF 		bl	CYCONFIGCPY
 784              	.LVL56:
 573:Generated_Source\PSoC5/cyfitter_cfg.c **** 	CYCONFIGCPY((void CYFAR *)(CYREG_PRT2_DM0), (const void CYFAR *)(BS_IOPINS0_2_VAL), 8u);
 785              		.loc 1 573 0
 786 00a4 0822     		movs	r2, #8
 787 00a6 2149     		ldr	r1, .L50+68
 788 00a8 2148     		ldr	r0, .L50+72
 789 00aa FFF7FEFF 		bl	CYCONFIGCPY
 790              	.LVL57:
 574:Generated_Source\PSoC5/cyfitter_cfg.c **** 	CYCONFIGCPY((void CYFAR *)(CYREG_PRT3_DR), (const void CYFAR *)(BS_IOPINS0_3_VAL), 10u);
 791              		.loc 1 574 0
 792 00ae 2246     		mov	r2, r4
 793 00b0 2049     		ldr	r1, .L50+76
 794 00b2 2148     		ldr	r0, .L50+80
 795 00b4 FFF7FEFF 		bl	CYCONFIGCPY
 796              	.LVL58:
 575:Generated_Source\PSoC5/cyfitter_cfg.c **** 	/* Switch Boost to the precision bandgap reference from its internal reference */
 576:Generated_Source\PSoC5/cyfitter_cfg.c **** 	CY_SET_REG8((void CYXDATA *)CYREG_BOOST_CR2, (CY_GET_REG8((void CYXDATA *)CYREG_BOOST_CR2) | 0x08u
 797              		.loc 1 576 0
 798 00b8 204A     		ldr	r2, .L50+84
 799 00ba 1378     		ldrb	r3, [r2]	@ zero_extendqisi2
 800 00bc 43F00803 		orr	r3, r3, #8
 801 00c0 1370     		strb	r3, [r2]
 577:Generated_Source\PSoC5/cyfitter_cfg.c **** 
ARM GAS  C:\Users\haoen\AppData\Local\Temp\ccLaEL5c.s 			page 26


 578:Generated_Source\PSoC5/cyfitter_cfg.c **** 	/* Set Flash Cycles based on max possible frequency in case a glitch occurs during ClockSetup(). *
 579:Generated_Source\PSoC5/cyfitter_cfg.c **** 	CY_SET_XTND_REG8((void CYFAR *)(CYREG_CACHE_CC_CTL), (((CYDEV_INSTRUCT_CACHE_ENABLED) != 0) ? 0x61
 802              		.loc 1 579 0
 803 00c2 1F4C     		ldr	r4, .L50+88
 804 00c4 6123     		movs	r3, #97
 805 00c6 2370     		strb	r3, [r4]
 580:Generated_Source\PSoC5/cyfitter_cfg.c **** 	/* Setup clocks based on selections from Clock DWR */
 581:Generated_Source\PSoC5/cyfitter_cfg.c **** 	ClockSetup();
 806              		.loc 1 581 0
 807 00c8 FFF7FEFF 		bl	ClockSetup
 808              	.LVL59:
 582:Generated_Source\PSoC5/cyfitter_cfg.c **** 	/* Set Flash Cycles based on newly configured 24.00MHz Bus Clock. */
 583:Generated_Source\PSoC5/cyfitter_cfg.c **** 	CY_SET_XTND_REG8((void CYFAR *)(CYREG_CACHE_CC_CTL), (((CYDEV_INSTRUCT_CACHE_ENABLED) != 0) ? 0x81
 809              		.loc 1 583 0
 810 00cc 8123     		movs	r3, #129
 811 00ce 2370     		strb	r3, [r4]
 584:Generated_Source\PSoC5/cyfitter_cfg.c **** 	CY_SET_XTND_REG8((void CYFAR *)(CYREG_PANTHER_WAITPIPE), 0x01u);
 812              		.loc 1 584 0
 813 00d0 0122     		movs	r2, #1
 814 00d2 1C4B     		ldr	r3, .L50+92
 815 00d4 1A70     		strb	r2, [r3]
 585:Generated_Source\PSoC5/cyfitter_cfg.c **** 
 586:Generated_Source\PSoC5/cyfitter_cfg.c **** 	/* Perform basic analog initialization to defaults */
 587:Generated_Source\PSoC5/cyfitter_cfg.c **** 	AnalogSetDefault();
 816              		.loc 1 587 0
 817 00d6 FFF7FEFF 		bl	AnalogSetDefault
 818              	.LVL60:
 588:Generated_Source\PSoC5/cyfitter_cfg.c **** 
 589:Generated_Source\PSoC5/cyfitter_cfg.c **** 	/* Configure alternate active mode */
 590:Generated_Source\PSoC5/cyfitter_cfg.c **** 	CYCONFIGCPY((void CYFAR *)CYDEV_PM_STBY_BASE, (const void CYFAR *)CYDEV_PM_ACT_BASE, 14u);
 819              		.loc 1 590 0
 820 00da 0E22     		movs	r2, #14
 821 00dc 2946     		mov	r1, r5
 822 00de 1A48     		ldr	r0, .L50+96
 823 00e0 FFF7FEFF 		bl	CYCONFIGCPY
 824              	.LVL61:
 825 00e4 38BD     		pop	{r3, r4, r5, pc}
 826              	.L51:
 827 00e6 00BF     		.align	2
 828              	.L50:
 829 00e8 E8460040 		.word	1073759976
 830 00ec 00000000 		.word	.LANCHOR0
 831 00f0 AC000048 		.word	1207959724
 832 00f4 83580040 		.word	1073764483
 833 00f8 00760040 		.word	1073772032
 834 00fc D80D0048 		.word	1207963096
 835 0100 08760040 		.word	1073772040
 836 0104 03500140 		.word	1073827843
 837 0108 A0430040 		.word	1073759136
 838 010c 900D0048 		.word	1207963024
 839 0110 00510040 		.word	1073762560
 840 0114 9C0D0048 		.word	1207963036
 841 0118 C0510040 		.word	1073762752
 842 011c A80D0048 		.word	1207963048
 843 0120 F0510040 		.word	1073762800
 844 0124 B40D0048 		.word	1207963060
 845 0128 10510040 		.word	1073762576
ARM GAS  C:\Users\haoen\AppData\Local\Temp\ccLaEL5c.s 			page 27


 846 012c C00D0048 		.word	1207963072
 847 0130 22510040 		.word	1073762594
 848 0134 C80D0048 		.word	1207963080
 849 0138 30510040 		.word	1073762608
 850 013c 22430040 		.word	1073759010
 851 0140 00480040 		.word	1073760256
 852 0144 04000840 		.word	1074266116
 853 0148 B0430040 		.word	1073759152
 854              		.cfi_endproc
 855              	.LFE12:
 856              		.size	cyfitter_cfg, .-cyfitter_cfg
 857              		.global	AMux_CYAMUXSIDE_B__maskTable
 858              		.global	AMux_CYAMUXSIDE_B__addrTable
 859              		.global	AMux_CYAMUXSIDE_A__maskTable
 860              		.global	AMux_CYAMUXSIDE_A__addrTable
 861              		.section	.rodata
 862              		.align	2
 863              		.set	.LANCHOR0,. + 0
 864              		.type	AMux_CYAMUXSIDE_A__addrTable, %object
 865              		.size	AMux_CYAMUXSIDE_A__addrTable, 8
 866              	AMux_CYAMUXSIDE_A__addrTable:
 867 0000 3D510040 		.word	1073762621
 868 0004 0D510040 		.word	1073762573
 869              		.type	AMux_CYAMUXSIDE_A__maskTable, %object
 870              		.size	AMux_CYAMUXSIDE_A__maskTable, 2
 871              	AMux_CYAMUXSIDE_A__maskTable:
 872 0008 20       		.byte	32
 873 0009 10       		.byte	16
 874 000a 0000     		.space	2
 875              		.type	AMux_CYAMUXSIDE_B__addrTable, %object
 876              		.size	AMux_CYAMUXSIDE_B__addrTable, 8
 877              	AMux_CYAMUXSIDE_B__addrTable:
 878 000c 3C510040 		.word	1073762620
 879 0010 0D510040 		.word	1073762573
 880              		.type	AMux_CYAMUXSIDE_B__maskTable, %object
 881              		.size	AMux_CYAMUXSIDE_B__maskTable, 2
 882              	AMux_CYAMUXSIDE_B__maskTable:
 883 0014 10       		.byte	16
 884 0015 20       		.byte	32
 885 0016 0000     		.space	2
 886              		.type	cfg_memset_list.5043, %object
 887              		.size	cfg_memset_list.5043, 42
 888              	cfg_memset_list.5043:
 889 0018 004F0040 		.word	1073762048
 890 001c 0C00     		.short	12
 891 001e 40510040 		.4byte	1073762624
 892 0022 3000     		.short	48
 893 0024 00000140 		.word	1073807360
 894 0028 0010     		.short	4096
 895 002a 00140140 		.4byte	1073812480
 896 002e 0008     		.short	2048
 897 0030 00400140 		.word	1073823744
 898 0034 000A     		.short	2560
 899 0036 004C0140 		.4byte	1073826816
 900 003a 0002     		.short	512
 901 003c 00500140 		.word	1073827840
 902 0040 2000     		.short	32
ARM GAS  C:\Users\haoen\AppData\Local\Temp\ccLaEL5c.s 			page 28


 903              		.text
 904              	.Letext0:
 905              		.file 2 "c:\\program files (x86)\\cypress\\psoc creator\\4.4\\psoc creator\\import\\gnu\\arm\\5.4.
 906              		.file 3 "Generated_Source\\PSoC5\\cytypes.h"
 907              		.file 4 "Generated_Source\\PSoC5\\CyLib.h"
 908              		.section	.debug_info,"",%progbits
 909              	.Ldebug_info0:
 910 0000 02070000 		.4byte	0x702
 911 0004 0400     		.2byte	0x4
 912 0006 00000000 		.4byte	.Ldebug_abbrev0
 913 000a 04       		.byte	0x4
 914 000b 01       		.uleb128 0x1
 915 000c 9D020000 		.4byte	.LASF58
 916 0010 0C       		.byte	0xc
 917 0011 AD030000 		.4byte	.LASF59
 918 0015 9A010000 		.4byte	.LASF60
 919 0019 00000000 		.4byte	.Ldebug_ranges0+0
 920 001d 00000000 		.4byte	0
 921 0021 00000000 		.4byte	.Ldebug_line0
 922 0025 02       		.uleb128 0x2
 923 0026 04       		.byte	0x4
 924 0027 05       		.byte	0x5
 925 0028 696E7400 		.ascii	"int\000"
 926 002c 03       		.uleb128 0x3
 927 002d 16000000 		.4byte	.LASF12
 928 0031 02       		.byte	0x2
 929 0032 D8       		.byte	0xd8
 930 0033 37000000 		.4byte	0x37
 931 0037 04       		.uleb128 0x4
 932 0038 04       		.byte	0x4
 933 0039 07       		.byte	0x7
 934 003a 5B010000 		.4byte	.LASF0
 935 003e 04       		.uleb128 0x4
 936 003f 08       		.byte	0x8
 937 0040 05       		.byte	0x5
 938 0041 6F000000 		.4byte	.LASF1
 939 0045 04       		.uleb128 0x4
 940 0046 08       		.byte	0x8
 941 0047 04       		.byte	0x4
 942 0048 F2010000 		.4byte	.LASF2
 943 004c 04       		.uleb128 0x4
 944 004d 01       		.byte	0x1
 945 004e 06       		.byte	0x6
 946 004f 7D000000 		.4byte	.LASF3
 947 0053 04       		.uleb128 0x4
 948 0054 01       		.byte	0x1
 949 0055 08       		.byte	0x8
 950 0056 68020000 		.4byte	.LASF4
 951 005a 04       		.uleb128 0x4
 952 005b 02       		.byte	0x2
 953 005c 05       		.byte	0x5
 954 005d 93020000 		.4byte	.LASF5
 955 0061 04       		.uleb128 0x4
 956 0062 02       		.byte	0x2
 957 0063 07       		.byte	0x7
 958 0064 87010000 		.4byte	.LASF6
 959 0068 04       		.uleb128 0x4
ARM GAS  C:\Users\haoen\AppData\Local\Temp\ccLaEL5c.s 			page 29


 960 0069 04       		.byte	0x4
 961 006a 05       		.byte	0x5
 962 006b B0000000 		.4byte	.LASF7
 963 006f 04       		.uleb128 0x4
 964 0070 04       		.byte	0x4
 965 0071 07       		.byte	0x7
 966 0072 68010000 		.4byte	.LASF8
 967 0076 04       		.uleb128 0x4
 968 0077 08       		.byte	0x8
 969 0078 07       		.byte	0x7
 970 0079 3C000000 		.4byte	.LASF9
 971 007d 04       		.uleb128 0x4
 972 007e 04       		.byte	0x4
 973 007f 07       		.byte	0x7
 974 0080 E9010000 		.4byte	.LASF10
 975 0084 05       		.uleb128 0x5
 976 0085 04       		.byte	0x4
 977 0086 04       		.uleb128 0x4
 978 0087 01       		.byte	0x1
 979 0088 08       		.byte	0x8
 980 0089 70030000 		.4byte	.LASF11
 981 008d 06       		.uleb128 0x6
 982 008e C6000000 		.4byte	.LASF13
 983 0092 03       		.byte	0x3
 984 0093 E801     		.2byte	0x1e8
 985 0095 53000000 		.4byte	0x53
 986 0099 06       		.uleb128 0x6
 987 009a 06000000 		.4byte	.LASF14
 988 009e 03       		.byte	0x3
 989 009f E901     		.2byte	0x1e9
 990 00a1 61000000 		.4byte	0x61
 991 00a5 06       		.uleb128 0x6
 992 00a6 10010000 		.4byte	.LASF15
 993 00aa 03       		.byte	0x3
 994 00ab EA01     		.2byte	0x1ea
 995 00ad 6F000000 		.4byte	0x6f
 996 00b1 04       		.uleb128 0x4
 997 00b2 04       		.byte	0x4
 998 00b3 04       		.byte	0x4
 999 00b4 32020000 		.4byte	.LASF16
 1000 00b8 04       		.uleb128 0x4
 1001 00b9 08       		.byte	0x8
 1002 00ba 04       		.byte	0x4
 1003 00bb E2000000 		.4byte	.LASF17
 1004 00bf 06       		.uleb128 0x6
 1005 00c0 63020000 		.4byte	.LASF18
 1006 00c4 03       		.byte	0x3
 1007 00c5 9202     		.2byte	0x292
 1008 00c7 CB000000 		.4byte	0xcb
 1009 00cb 07       		.uleb128 0x7
 1010 00cc 8D000000 		.4byte	0x8d
 1011 00d0 06       		.uleb128 0x6
 1012 00d1 B9000000 		.4byte	.LASF19
 1013 00d5 03       		.byte	0x3
 1014 00d6 9302     		.2byte	0x293
 1015 00d8 DC000000 		.4byte	0xdc
 1016 00dc 07       		.uleb128 0x7
ARM GAS  C:\Users\haoen\AppData\Local\Temp\ccLaEL5c.s 			page 30


 1017 00dd 99000000 		.4byte	0x99
 1018 00e1 08       		.uleb128 0x8
 1019 00e2 02       		.byte	0x2
 1020 00e3 01       		.byte	0x1
 1021 00e4 98       		.byte	0x98
 1022 00e5 02010000 		.4byte	0x102
 1023 00e9 09       		.uleb128 0x9
 1024 00ea 8B030000 		.4byte	.LASF20
 1025 00ee 01       		.byte	0x1
 1026 00ef 9A       		.byte	0x9a
 1027 00f0 8D000000 		.4byte	0x8d
 1028 00f4 00       		.byte	0
 1029 00f5 09       		.uleb128 0x9
 1030 00f6 55010000 		.4byte	.LASF21
 1031 00fa 01       		.byte	0x1
 1032 00fb 9B       		.byte	0x9b
 1033 00fc 8D000000 		.4byte	0x8d
 1034 0100 01       		.byte	0x1
 1035 0101 00       		.byte	0
 1036 0102 03       		.uleb128 0x3
 1037 0103 45030000 		.4byte	.LASF22
 1038 0107 01       		.byte	0x1
 1039 0108 9C       		.byte	0x9c
 1040 0109 E1000000 		.4byte	0xe1
 1041 010d 0A       		.uleb128 0xa
 1042 010e 1D000000 		.4byte	.LASF61
 1043 0112 01       		.byte	0x1
 1044 0113 7F       		.byte	0x7f
 1045 0114 00000000 		.4byte	.LFB3
 1046 0118 02000000 		.4byte	.LFE3-.LFB3
 1047 011c 01       		.uleb128 0x1
 1048 011d 9C       		.byte	0x9c
 1049 011e 30010000 		.4byte	0x130
 1050 0122 0B       		.uleb128 0xb
 1051 0123 A6000000 		.4byte	.LASF23
 1052 0127 01       		.byte	0x1
 1053 0128 7F       		.byte	0x7f
 1054 0129 8D000000 		.4byte	0x8d
 1055 012d 01       		.uleb128 0x1
 1056 012e 50       		.byte	0x50
 1057 012f 00       		.byte	0
 1058 0130 0C       		.uleb128 0xc
 1059 0131 89000000 		.4byte	.LASF28
 1060 0135 01       		.byte	0x1
 1061 0136 C9       		.byte	0xc9
 1062 0137 00000000 		.4byte	.LFB4
 1063 013b 34000000 		.4byte	.LFE4-.LFB4
 1064 013f 01       		.uleb128 0x1
 1065 0140 9C       		.byte	0x9c
 1066 0141 A2010000 		.4byte	0x1a2
 1067 0145 0B       		.uleb128 0xb
 1068 0146 53000000 		.4byte	.LASF24
 1069 014a 01       		.byte	0x1
 1070 014b C9       		.byte	0xc9
 1071 014c A2010000 		.4byte	0x1a2
 1072 0150 01       		.uleb128 0x1
 1073 0151 50       		.byte	0x50
ARM GAS  C:\Users\haoen\AppData\Local\Temp\ccLaEL5c.s 			page 31


 1074 0152 0B       		.uleb128 0xb
 1075 0153 31000000 		.4byte	.LASF25
 1076 0157 01       		.byte	0x1
 1077 0158 C9       		.byte	0xc9
 1078 0159 AD010000 		.4byte	0x1ad
 1079 015d 01       		.uleb128 0x1
 1080 015e 51       		.byte	0x51
 1081 015f 0D       		.uleb128 0xd
 1082 0160 6900     		.ascii	"i\000"
 1083 0162 01       		.byte	0x1
 1084 0163 CC       		.byte	0xcc
 1085 0164 A5000000 		.4byte	0xa5
 1086 0168 00000000 		.4byte	.LLST0
 1087 016c 0D       		.uleb128 0xd
 1088 016d 6A00     		.ascii	"j\000"
 1089 016f 01       		.byte	0x1
 1090 0170 CC       		.byte	0xcc
 1091 0171 A5000000 		.4byte	0xa5
 1092 0175 1F000000 		.4byte	.LLST1
 1093 0179 0E       		.uleb128 0xe
 1094 017a 08000000 		.4byte	.LBB2
 1095 017e 22000000 		.4byte	.LBE2-.LBB2
 1096 0182 0F       		.uleb128 0xf
 1097 0183 0D000000 		.4byte	.LASF26
 1098 0187 01       		.byte	0x1
 1099 0188 CF       		.byte	0xcf
 1100 0189 A5000000 		.4byte	0xa5
 1101 018d 3E000000 		.4byte	.LLST2
 1102 0191 0F       		.uleb128 0xf
 1103 0192 00000000 		.4byte	.LASF27
 1104 0196 01       		.byte	0x1
 1105 0197 D0       		.byte	0xd0
 1106 0198 8D000000 		.4byte	0x8d
 1107 019c 51000000 		.4byte	.LLST3
 1108 01a0 00       		.byte	0
 1109 01a1 00       		.byte	0
 1110 01a2 10       		.uleb128 0x10
 1111 01a3 04       		.byte	0x4
 1112 01a4 A8010000 		.4byte	0x1a8
 1113 01a8 11       		.uleb128 0x11
 1114 01a9 A5000000 		.4byte	0xa5
 1115 01ad 10       		.uleb128 0x10
 1116 01ae 04       		.byte	0x4
 1117 01af B3010000 		.4byte	0x1b3
 1118 01b3 11       		.uleb128 0x11
 1119 01b4 02010000 		.4byte	0x102
 1120 01b8 0C       		.uleb128 0xc
 1121 01b9 06010000 		.4byte	.LASF29
 1122 01bd 01       		.byte	0x1
 1123 01be 4D       		.byte	0x4d
 1124 01bf 00000000 		.4byte	.LFB0
 1125 01c3 0C000000 		.4byte	.LFE0-.LFB0
 1126 01c7 01       		.uleb128 0x1
 1127 01c8 9C       		.byte	0x9c
 1128 01c9 05020000 		.4byte	0x205
 1129 01cd 12       		.uleb128 0x12
 1130 01ce 7300     		.ascii	"s\000"
ARM GAS  C:\Users\haoen\AppData\Local\Temp\ccLaEL5c.s 			page 32


 1131 01d0 01       		.byte	0x1
 1132 01d1 4D       		.byte	0x4d
 1133 01d2 84000000 		.4byte	0x84
 1134 01d6 6F000000 		.4byte	.LLST4
 1135 01da 12       		.uleb128 0x12
 1136 01db 6E00     		.ascii	"n\000"
 1137 01dd 01       		.byte	0x1
 1138 01de 4D       		.byte	0x4d
 1139 01df 2C000000 		.4byte	0x2c
 1140 01e3 90000000 		.4byte	.LLST5
 1141 01e7 13       		.uleb128 0x13
 1142 01e8 0A000000 		.4byte	.LVL14
 1143 01ec DD060000 		.4byte	0x6dd
 1144 01f0 14       		.uleb128 0x14
 1145 01f1 01       		.uleb128 0x1
 1146 01f2 50       		.byte	0x50
 1147 01f3 03       		.uleb128 0x3
 1148 01f4 F3       		.byte	0xf3
 1149 01f5 01       		.uleb128 0x1
 1150 01f6 50       		.byte	0x50
 1151 01f7 14       		.uleb128 0x14
 1152 01f8 01       		.uleb128 0x1
 1153 01f9 51       		.byte	0x51
 1154 01fa 01       		.uleb128 0x1
 1155 01fb 30       		.byte	0x30
 1156 01fc 14       		.uleb128 0x14
 1157 01fd 01       		.uleb128 0x1
 1158 01fe 52       		.byte	0x52
 1159 01ff 03       		.uleb128 0x3
 1160 0200 F3       		.byte	0xf3
 1161 0201 01       		.uleb128 0x1
 1162 0202 51       		.byte	0x51
 1163 0203 00       		.byte	0
 1164 0204 00       		.byte	0
 1165 0205 15       		.uleb128 0x15
 1166 0206 5E000000 		.4byte	.LASF30
 1167 020a 01       		.byte	0x1
 1168 020b 3F01     		.2byte	0x13f
 1169 020d 00000000 		.4byte	.LFB6
 1170 0211 A8000000 		.4byte	.LFE6-.LFB6
 1171 0215 01       		.uleb128 0x1
 1172 0216 9C       		.byte	0x9c
 1173 0217 5B020000 		.4byte	0x25b
 1174 021b 16       		.uleb128 0x16
 1175 021c FE010000 		.4byte	.LASF31
 1176 0220 01       		.byte	0x1
 1177 0221 4101     		.2byte	0x141
 1178 0223 8D000000 		.4byte	0x8d
 1179 0227 BC000000 		.4byte	.LLST6
 1180 022b 17       		.uleb128 0x17
 1181 022c 63723400 		.ascii	"cr4\000"
 1182 0230 01       		.byte	0x1
 1183 0231 4201     		.2byte	0x142
 1184 0233 8D000000 		.4byte	0x8d
 1185 0237 CF000000 		.4byte	.LLST7
 1186 023b 17       		.uleb128 0x17
 1187 023c 63723500 		.ascii	"cr5\000"
ARM GAS  C:\Users\haoen\AppData\Local\Temp\ccLaEL5c.s 			page 33


 1188 0240 01       		.byte	0x1
 1189 0241 4301     		.2byte	0x143
 1190 0243 8D000000 		.4byte	0x8d
 1191 0247 E2000000 		.4byte	.LLST8
 1192 024b 13       		.uleb128 0x13
 1193 024c 7C000000 		.4byte	.LVL19
 1194 0250 E6060000 		.4byte	0x6e6
 1195 0254 14       		.uleb128 0x14
 1196 0255 01       		.uleb128 0x1
 1197 0256 50       		.byte	0x50
 1198 0257 01       		.uleb128 0x1
 1199 0258 3A       		.byte	0x3a
 1200 0259 00       		.byte	0
 1201 025a 00       		.byte	0
 1202 025b 0C       		.uleb128 0xc
 1203 025c A1030000 		.4byte	.LASF32
 1204 0260 01       		.byte	0x1
 1205 0261 54       		.byte	0x54
 1206 0262 00000000 		.4byte	.LFB1
 1207 0266 08000000 		.4byte	.LFE1-.LFB1
 1208 026a 01       		.uleb128 0x1
 1209 026b 9C       		.byte	0x9c
 1210 026c BB020000 		.4byte	0x2bb
 1211 0270 18       		.uleb128 0x18
 1212 0271 2D020000 		.4byte	.LASF33
 1213 0275 01       		.byte	0x1
 1214 0276 54       		.byte	0x54
 1215 0277 84000000 		.4byte	0x84
 1216 027b F5000000 		.4byte	.LLST9
 1217 027f 12       		.uleb128 0x12
 1218 0280 73726300 		.ascii	"src\000"
 1219 0284 01       		.byte	0x1
 1220 0285 54       		.byte	0x54
 1221 0286 BB020000 		.4byte	0x2bb
 1222 028a 16010000 		.4byte	.LLST10
 1223 028e 12       		.uleb128 0x12
 1224 028f 6E00     		.ascii	"n\000"
 1225 0291 01       		.byte	0x1
 1226 0292 54       		.byte	0x54
 1227 0293 2C000000 		.4byte	0x2c
 1228 0297 37010000 		.4byte	.LLST11
 1229 029b 13       		.uleb128 0x13
 1230 029c 06000000 		.4byte	.LVL22
 1231 02a0 F1060000 		.4byte	0x6f1
 1232 02a4 14       		.uleb128 0x14
 1233 02a5 01       		.uleb128 0x1
 1234 02a6 50       		.byte	0x50
 1235 02a7 03       		.uleb128 0x3
 1236 02a8 F3       		.byte	0xf3
 1237 02a9 01       		.uleb128 0x1
 1238 02aa 50       		.byte	0x50
 1239 02ab 14       		.uleb128 0x14
 1240 02ac 01       		.uleb128 0x1
 1241 02ad 51       		.byte	0x51
 1242 02ae 03       		.uleb128 0x3
 1243 02af F3       		.byte	0xf3
 1244 02b0 01       		.uleb128 0x1
ARM GAS  C:\Users\haoen\AppData\Local\Temp\ccLaEL5c.s 			page 34


 1245 02b1 51       		.byte	0x51
 1246 02b2 14       		.uleb128 0x14
 1247 02b3 01       		.uleb128 0x1
 1248 02b4 52       		.byte	0x52
 1249 02b5 03       		.uleb128 0x3
 1250 02b6 F3       		.byte	0xf3
 1251 02b7 01       		.uleb128 0x1
 1252 02b8 52       		.byte	0x52
 1253 02b9 00       		.byte	0
 1254 02ba 00       		.byte	0
 1255 02bb 10       		.uleb128 0x10
 1256 02bc 04       		.byte	0x4
 1257 02bd C1020000 		.4byte	0x2c1
 1258 02c1 19       		.uleb128 0x19
 1259 02c2 0C       		.uleb128 0xc
 1260 02c3 9B000000 		.4byte	.LASF34
 1261 02c7 01       		.byte	0x1
 1262 02c8 EC       		.byte	0xec
 1263 02c9 00000000 		.4byte	.LFB5
 1264 02cd 20010000 		.4byte	.LFE5-.LFB5
 1265 02d1 01       		.uleb128 0x1
 1266 02d2 9C       		.byte	0x9c
 1267 02d3 3F030000 		.4byte	0x33f
 1268 02d7 0F       		.uleb128 0xf
 1269 02d8 7A010000 		.4byte	.LASF35
 1270 02dc 01       		.byte	0x1
 1271 02dd EE       		.byte	0xee
 1272 02de A5000000 		.4byte	0xa5
 1273 02e2 58010000 		.4byte	.LLST12
 1274 02e6 0F       		.uleb128 0xf
 1275 02e7 35030000 		.4byte	.LASF36
 1276 02eb 01       		.byte	0x1
 1277 02ec EF       		.byte	0xef
 1278 02ed 8D000000 		.4byte	0x8d
 1279 02f1 77010000 		.4byte	.LLST13
 1280 02f5 1A       		.uleb128 0x1a
 1281 02f6 4A000000 		.4byte	.LVL23
 1282 02fa 5B020000 		.4byte	0x25b
 1283 02fe 1A030000 		.4byte	0x31a
 1284 0302 14       		.uleb128 0x14
 1285 0303 01       		.uleb128 0x1
 1286 0304 50       		.byte	0x50
 1287 0305 05       		.uleb128 0x5
 1288 0306 0C       		.byte	0xc
 1289 0307 00410040 		.4byte	0x40004100
 1290 030b 14       		.uleb128 0x14
 1291 030c 01       		.uleb128 0x1
 1292 030d 51       		.byte	0x51
 1293 030e 05       		.uleb128 0x5
 1294 030f 0C       		.byte	0xc
 1295 0310 D40D0048 		.4byte	0x48000dd4
 1296 0314 14       		.uleb128 0x14
 1297 0315 01       		.uleb128 0x1
 1298 0316 52       		.byte	0x52
 1299 0317 01       		.uleb128 0x1
 1300 0318 34       		.byte	0x34
 1301 0319 00       		.byte	0
ARM GAS  C:\Users\haoen\AppData\Local\Temp\ccLaEL5c.s 			page 35


 1302 031a 1A       		.uleb128 0x1a
 1303 031b 8C000000 		.4byte	.LVL28
 1304 031f FA060000 		.4byte	0x6fa
 1305 0323 2F030000 		.4byte	0x32f
 1306 0327 14       		.uleb128 0x14
 1307 0328 01       		.uleb128 0x1
 1308 0329 50       		.byte	0x50
 1309 032a 03       		.uleb128 0x3
 1310 032b 0A       		.byte	0xa
 1311 032c E001     		.2byte	0x1e0
 1312 032e 00       		.byte	0
 1313 032f 13       		.uleb128 0x13
 1314 0330 9C000000 		.4byte	.LVL30
 1315 0334 0D010000 		.4byte	0x10d
 1316 0338 14       		.uleb128 0x14
 1317 0339 01       		.uleb128 0x1
 1318 033a 50       		.byte	0x50
 1319 033b 01       		.uleb128 0x1
 1320 033c 33       		.byte	0x33
 1321 033d 00       		.byte	0
 1322 033e 00       		.byte	0
 1323 033f 1B       		.uleb128 0x1b
 1324 0340 75030000 		.4byte	.LASF39
 1325 0344 01       		.byte	0x1
 1326 0345 6D01     		.2byte	0x16d
 1327 0347 00000000 		.4byte	.LFB7
 1328 034b 1C000000 		.4byte	.LFE7-.LFB7
 1329 034f 01       		.uleb128 0x1
 1330 0350 9C       		.byte	0x9c
 1331 0351 72030000 		.4byte	0x372
 1332 0355 1C       		.uleb128 0x1c
 1333 0356 92030000 		.4byte	.LASF37
 1334 035a 01       		.byte	0x1
 1335 035b 6D01     		.2byte	0x16d
 1336 035d 8D000000 		.4byte	0x8d
 1337 0361 01       		.uleb128 0x1
 1338 0362 50       		.byte	0x50
 1339 0363 1D       		.uleb128 0x1d
 1340 0364 2F010000 		.4byte	.LASF38
 1341 0368 01       		.byte	0x1
 1342 0369 6F01     		.2byte	0x16f
 1343 036b 8D000000 		.4byte	0x8d
 1344 036f 01       		.uleb128 0x1
 1345 0370 53       		.byte	0x53
 1346 0371 00       		.byte	0
 1347 0372 1B       		.uleb128 0x1b
 1348 0373 CC000000 		.4byte	.LASF40
 1349 0377 01       		.byte	0x1
 1350 0378 9801     		.2byte	0x198
 1351 037a 00000000 		.4byte	.LFB8
 1352 037e 1C000000 		.4byte	.LFE8-.LFB8
 1353 0382 01       		.uleb128 0x1
 1354 0383 9C       		.byte	0x9c
 1355 0384 99030000 		.4byte	0x399
 1356 0388 1E       		.uleb128 0x1e
 1357 0389 3D030000 		.4byte	.LASF41
 1358 038d 01       		.byte	0x1
ARM GAS  C:\Users\haoen\AppData\Local\Temp\ccLaEL5c.s 			page 36


 1359 038e 9801     		.2byte	0x198
 1360 0390 8D000000 		.4byte	0x8d
 1361 0394 A1010000 		.4byte	.LLST14
 1362 0398 00       		.byte	0
 1363 0399 1B       		.uleb128 0x1b
 1364 039a 58030000 		.4byte	.LASF42
 1365 039e 01       		.byte	0x1
 1366 039f AE01     		.2byte	0x1ae
 1367 03a1 00000000 		.4byte	.LFB9
 1368 03a5 1C000000 		.4byte	.LFE9-.LFB9
 1369 03a9 01       		.uleb128 0x1
 1370 03aa 9C       		.byte	0x9c
 1371 03ab C0030000 		.4byte	0x3c0
 1372 03af 1E       		.uleb128 0x1e
 1373 03b0 3D030000 		.4byte	.LASF41
 1374 03b4 01       		.byte	0x1
 1375 03b5 AE01     		.2byte	0x1ae
 1376 03b7 8D000000 		.4byte	0x8d
 1377 03bb C2010000 		.4byte	.LLST15
 1378 03bf 00       		.byte	0
 1379 03c0 1B       		.uleb128 0x1b
 1380 03c1 DB030000 		.4byte	.LASF43
 1381 03c5 01       		.byte	0x1
 1382 03c6 D101     		.2byte	0x1d1
 1383 03c8 00000000 		.4byte	.LFB10
 1384 03cc 1C000000 		.4byte	.LFE10-.LFB10
 1385 03d0 01       		.uleb128 0x1
 1386 03d1 9C       		.byte	0x9c
 1387 03d2 E7030000 		.4byte	0x3e7
 1388 03d6 1E       		.uleb128 0x1e
 1389 03d7 3D030000 		.4byte	.LASF41
 1390 03db 01       		.byte	0x1
 1391 03dc D101     		.2byte	0x1d1
 1392 03de 8D000000 		.4byte	0x8d
 1393 03e2 E3010000 		.4byte	.LLST16
 1394 03e6 00       		.byte	0
 1395 03e7 1B       		.uleb128 0x1b
 1396 03e8 17010000 		.4byte	.LASF44
 1397 03ec 01       		.byte	0x1
 1398 03ed E701     		.2byte	0x1e7
 1399 03ef 00000000 		.4byte	.LFB11
 1400 03f3 20000000 		.4byte	.LFE11-.LFB11
 1401 03f7 01       		.uleb128 0x1
 1402 03f8 9C       		.byte	0x9c
 1403 03f9 0E040000 		.4byte	0x40e
 1404 03fd 1E       		.uleb128 0x1e
 1405 03fe 3D030000 		.4byte	.LASF41
 1406 0402 01       		.byte	0x1
 1407 0403 E701     		.2byte	0x1e7
 1408 0405 8D000000 		.4byte	0x8d
 1409 0409 04020000 		.4byte	.LLST17
 1410 040d 00       		.byte	0
 1411 040e 1B       		.uleb128 0x1b
 1412 040f F1030000 		.4byte	.LASF45
 1413 0413 01       		.byte	0x1
 1414 0414 0202     		.2byte	0x202
 1415 0416 00000000 		.4byte	.LFB12
ARM GAS  C:\Users\haoen\AppData\Local\Temp\ccLaEL5c.s 			page 37


 1416 041a 4C010000 		.4byte	.LFE12-.LFB12
 1417 041e 01       		.uleb128 0x1
 1418 041f 9C       		.byte	0x9c
 1419 0420 51060000 		.4byte	0x651
 1420 0424 1F       		.uleb128 0x1f
 1421 0425 0E000000 		.4byte	.LBB3
 1422 0429 6E000000 		.4byte	.LBE3-.LBB3
 1423 042d 3D050000 		.4byte	0x53d
 1424 0431 20       		.uleb128 0x20
 1425 0432 06       		.byte	0x6
 1426 0433 01       		.byte	0x1
 1427 0434 0E02     		.2byte	0x20e
 1428 0436 55040000 		.4byte	0x455
 1429 043a 21       		.uleb128 0x21
 1430 043b D3030000 		.4byte	.LASF46
 1431 043f 01       		.byte	0x1
 1432 0440 0F02     		.2byte	0x20f
 1433 0442 84000000 		.4byte	0x84
 1434 0446 00       		.byte	0
 1435 0447 21       		.uleb128 0x21
 1436 0448 82010000 		.4byte	.LASF47
 1437 044c 01       		.byte	0x1
 1438 044d 1002     		.2byte	0x210
 1439 044f 99000000 		.4byte	0x99
 1440 0453 04       		.byte	0x4
 1441 0454 00       		.byte	0
 1442 0455 06       		.uleb128 0x6
 1443 0456 10020000 		.4byte	.LASF48
 1444 045a 01       		.byte	0x1
 1445 045b 1102     		.2byte	0x211
 1446 045d 31040000 		.4byte	0x431
 1447 0461 22       		.uleb128 0x22
 1448 0462 71040000 		.4byte	0x471
 1449 0466 71040000 		.4byte	0x471
 1450 046a 23       		.uleb128 0x23
 1451 046b 7D000000 		.4byte	0x7d
 1452 046f 06       		.byte	0x6
 1453 0470 00       		.byte	0
 1454 0471 11       		.uleb128 0x11
 1455 0472 55040000 		.4byte	0x455
 1456 0476 1D       		.uleb128 0x1d
 1457 0477 1D020000 		.4byte	.LASF49
 1458 047b 01       		.byte	0x1
 1459 047c 1302     		.2byte	0x213
 1460 047e 88040000 		.4byte	0x488
 1461 0482 05       		.uleb128 0x5
 1462 0483 03       		.byte	0x3
 1463 0484 18000000 		.4byte	cfg_memset_list.5043
 1464 0488 11       		.uleb128 0x11
 1465 0489 61040000 		.4byte	0x461
 1466 048d 17       		.uleb128 0x17
 1467 048e 6900     		.ascii	"i\000"
 1468 0490 01       		.byte	0x1
 1469 0491 1E02     		.2byte	0x21e
 1470 0493 8D000000 		.4byte	0x8d
 1471 0497 25020000 		.4byte	.LLST18
 1472 049b 1F       		.uleb128 0x1f
ARM GAS  C:\Users\haoen\AppData\Local\Temp\ccLaEL5c.s 			page 38


 1473 049c 12000000 		.4byte	.LBB4
 1474 04a0 14000000 		.4byte	.LBE4-.LBB4
 1475 04a4 E1040000 		.4byte	0x4e1
 1476 04a8 17       		.uleb128 0x17
 1477 04a9 6D7300   		.ascii	"ms\000"
 1478 04ac 01       		.byte	0x1
 1479 04ad 2302     		.2byte	0x223
 1480 04af B7040000 		.4byte	0x4b7
 1481 04b3 4F020000 		.4byte	.LLST19
 1482 04b7 10       		.uleb128 0x10
 1483 04b8 04       		.byte	0x4
 1484 04b9 71040000 		.4byte	0x471
 1485 04bd 13       		.uleb128 0x13
 1486 04be 26000000 		.4byte	.LVL46
 1487 04c2 B8010000 		.4byte	0x1b8
 1488 04c6 14       		.uleb128 0x14
 1489 04c7 01       		.uleb128 0x1
 1490 04c8 51       		.byte	0x51
 1491 04c9 15       		.uleb128 0x15
 1492 04ca 74       		.byte	0x74
 1493 04cb 00       		.sleb128 0
 1494 04cc 31       		.byte	0x31
 1495 04cd 24       		.byte	0x24
 1496 04ce 74       		.byte	0x74
 1497 04cf 00       		.sleb128 0
 1498 04d0 22       		.byte	0x22
 1499 04d1 31       		.byte	0x31
 1500 04d2 24       		.byte	0x24
 1501 04d3 03       		.byte	0x3
 1502 04d4 1C000000 		.4byte	.LANCHOR0+28
 1503 04d8 22       		.byte	0x22
 1504 04d9 94       		.byte	0x94
 1505 04da 02       		.byte	0x2
 1506 04db 0A       		.byte	0xa
 1507 04dc FFFF     		.2byte	0xffff
 1508 04de 1A       		.byte	0x1a
 1509 04df 00       		.byte	0
 1510 04e0 00       		.byte	0
 1511 04e1 1A       		.uleb128 0x1a
 1512 04e2 38000000 		.4byte	.LVL49
 1513 04e6 30010000 		.4byte	0x130
 1514 04ea FF040000 		.4byte	0x4ff
 1515 04ee 14       		.uleb128 0x14
 1516 04ef 01       		.uleb128 0x1
 1517 04f0 50       		.byte	0x50
 1518 04f1 03       		.uleb128 0x3
 1519 04f2 42       		.byte	0x42
 1520 04f3 4A       		.byte	0x4a
 1521 04f4 24       		.byte	0x24
 1522 04f5 14       		.uleb128 0x14
 1523 04f6 01       		.uleb128 0x1
 1524 04f7 51       		.byte	0x51
 1525 04f8 05       		.uleb128 0x5
 1526 04f9 0C       		.byte	0xc
 1527 04fa AC000048 		.4byte	0x480000ac
 1528 04fe 00       		.byte	0
 1529 04ff 1A       		.uleb128 0x1a
ARM GAS  C:\Users\haoen\AppData\Local\Temp\ccLaEL5c.s 			page 39


 1530 0500 46000000 		.4byte	.LVL51
 1531 0504 B8010000 		.4byte	0x1b8
 1532 0508 1B050000 		.4byte	0x51b
 1533 050c 14       		.uleb128 0x14
 1534 050d 01       		.uleb128 0x1
 1535 050e 50       		.byte	0x50
 1536 050f 05       		.uleb128 0x5
 1537 0510 0C       		.byte	0xc
 1538 0511 00760040 		.4byte	0x40007600
 1539 0515 14       		.uleb128 0x14
 1540 0516 01       		.uleb128 0x1
 1541 0517 51       		.byte	0x51
 1542 0518 01       		.uleb128 0x1
 1543 0519 34       		.byte	0x34
 1544 051a 00       		.byte	0
 1545 051b 13       		.uleb128 0x13
 1546 051c 50000000 		.4byte	.LVL52
 1547 0520 5B020000 		.4byte	0x25b
 1548 0524 14       		.uleb128 0x14
 1549 0525 01       		.uleb128 0x1
 1550 0526 50       		.byte	0x50
 1551 0527 05       		.uleb128 0x5
 1552 0528 0C       		.byte	0xc
 1553 0529 08760040 		.4byte	0x40007608
 1554 052d 14       		.uleb128 0x14
 1555 052e 01       		.uleb128 0x1
 1556 052f 51       		.byte	0x51
 1557 0530 05       		.uleb128 0x5
 1558 0531 0C       		.byte	0xc
 1559 0532 D80D0048 		.4byte	0x48000dd8
 1560 0536 14       		.uleb128 0x14
 1561 0537 01       		.uleb128 0x1
 1562 0538 52       		.byte	0x52
 1563 0539 01       		.uleb128 0x1
 1564 053a 34       		.byte	0x34
 1565 053b 00       		.byte	0
 1566 053c 00       		.byte	0
 1567 053d 1A       		.uleb128 0x1a
 1568 053e 86000000 		.4byte	.LVL53
 1569 0542 5B020000 		.4byte	0x25b
 1570 0546 63050000 		.4byte	0x563
 1571 054a 14       		.uleb128 0x14
 1572 054b 01       		.uleb128 0x1
 1573 054c 50       		.byte	0x50
 1574 054d 05       		.uleb128 0x5
 1575 054e 0C       		.byte	0xc
 1576 054f 00510040 		.4byte	0x40005100
 1577 0553 14       		.uleb128 0x14
 1578 0554 01       		.uleb128 0x1
 1579 0555 51       		.byte	0x51
 1580 0556 05       		.uleb128 0x5
 1581 0557 0C       		.byte	0xc
 1582 0558 900D0048 		.4byte	0x48000d90
 1583 055c 14       		.uleb128 0x14
 1584 055d 01       		.uleb128 0x1
 1585 055e 52       		.byte	0x52
 1586 055f 02       		.uleb128 0x2
ARM GAS  C:\Users\haoen\AppData\Local\Temp\ccLaEL5c.s 			page 40


 1587 0560 74       		.byte	0x74
 1588 0561 00       		.sleb128 0
 1589 0562 00       		.byte	0
 1590 0563 1A       		.uleb128 0x1a
 1591 0564 90000000 		.4byte	.LVL54
 1592 0568 5B020000 		.4byte	0x25b
 1593 056c 89050000 		.4byte	0x589
 1594 0570 14       		.uleb128 0x14
 1595 0571 01       		.uleb128 0x1
 1596 0572 50       		.byte	0x50
 1597 0573 05       		.uleb128 0x5
 1598 0574 0C       		.byte	0xc
 1599 0575 C0510040 		.4byte	0x400051c0
 1600 0579 14       		.uleb128 0x14
 1601 057a 01       		.uleb128 0x1
 1602 057b 51       		.byte	0x51
 1603 057c 05       		.uleb128 0x5
 1604 057d 0C       		.byte	0xc
 1605 057e 9C0D0048 		.4byte	0x48000d9c
 1606 0582 14       		.uleb128 0x14
 1607 0583 01       		.uleb128 0x1
 1608 0584 52       		.byte	0x52
 1609 0585 02       		.uleb128 0x2
 1610 0586 74       		.byte	0x74
 1611 0587 00       		.sleb128 0
 1612 0588 00       		.byte	0
 1613 0589 1A       		.uleb128 0x1a
 1614 058a 9A000000 		.4byte	.LVL55
 1615 058e 5B020000 		.4byte	0x25b
 1616 0592 AF050000 		.4byte	0x5af
 1617 0596 14       		.uleb128 0x14
 1618 0597 01       		.uleb128 0x1
 1619 0598 50       		.byte	0x50
 1620 0599 05       		.uleb128 0x5
 1621 059a 0C       		.byte	0xc
 1622 059b F0510040 		.4byte	0x400051f0
 1623 059f 14       		.uleb128 0x14
 1624 05a0 01       		.uleb128 0x1
 1625 05a1 51       		.byte	0x51
 1626 05a2 05       		.uleb128 0x5
 1627 05a3 0C       		.byte	0xc
 1628 05a4 A80D0048 		.4byte	0x48000da8
 1629 05a8 14       		.uleb128 0x14
 1630 05a9 01       		.uleb128 0x1
 1631 05aa 52       		.byte	0x52
 1632 05ab 02       		.uleb128 0x2
 1633 05ac 74       		.byte	0x74
 1634 05ad 00       		.sleb128 0
 1635 05ae 00       		.byte	0
 1636 05af 1A       		.uleb128 0x1a
 1637 05b0 A4000000 		.4byte	.LVL56
 1638 05b4 5B020000 		.4byte	0x25b
 1639 05b8 D5050000 		.4byte	0x5d5
 1640 05bc 14       		.uleb128 0x14
 1641 05bd 01       		.uleb128 0x1
 1642 05be 50       		.byte	0x50
 1643 05bf 05       		.uleb128 0x5
ARM GAS  C:\Users\haoen\AppData\Local\Temp\ccLaEL5c.s 			page 41


 1644 05c0 0C       		.byte	0xc
 1645 05c1 10510040 		.4byte	0x40005110
 1646 05c5 14       		.uleb128 0x14
 1647 05c6 01       		.uleb128 0x1
 1648 05c7 51       		.byte	0x51
 1649 05c8 05       		.uleb128 0x5
 1650 05c9 0C       		.byte	0xc
 1651 05ca B40D0048 		.4byte	0x48000db4
 1652 05ce 14       		.uleb128 0x14
 1653 05cf 01       		.uleb128 0x1
 1654 05d0 52       		.byte	0x52
 1655 05d1 02       		.uleb128 0x2
 1656 05d2 74       		.byte	0x74
 1657 05d3 00       		.sleb128 0
 1658 05d4 00       		.byte	0
 1659 05d5 1A       		.uleb128 0x1a
 1660 05d6 AE000000 		.4byte	.LVL57
 1661 05da 5B020000 		.4byte	0x25b
 1662 05de FA050000 		.4byte	0x5fa
 1663 05e2 14       		.uleb128 0x14
 1664 05e3 01       		.uleb128 0x1
 1665 05e4 50       		.byte	0x50
 1666 05e5 05       		.uleb128 0x5
 1667 05e6 0C       		.byte	0xc
 1668 05e7 22510040 		.4byte	0x40005122
 1669 05eb 14       		.uleb128 0x14
 1670 05ec 01       		.uleb128 0x1
 1671 05ed 51       		.byte	0x51
 1672 05ee 05       		.uleb128 0x5
 1673 05ef 0C       		.byte	0xc
 1674 05f0 C00D0048 		.4byte	0x48000dc0
 1675 05f4 14       		.uleb128 0x14
 1676 05f5 01       		.uleb128 0x1
 1677 05f6 52       		.byte	0x52
 1678 05f7 01       		.uleb128 0x1
 1679 05f8 38       		.byte	0x38
 1680 05f9 00       		.byte	0
 1681 05fa 1A       		.uleb128 0x1a
 1682 05fb B8000000 		.4byte	.LVL58
 1683 05ff 5B020000 		.4byte	0x25b
 1684 0603 20060000 		.4byte	0x620
 1685 0607 14       		.uleb128 0x14
 1686 0608 01       		.uleb128 0x1
 1687 0609 50       		.byte	0x50
 1688 060a 05       		.uleb128 0x5
 1689 060b 0C       		.byte	0xc
 1690 060c 30510040 		.4byte	0x40005130
 1691 0610 14       		.uleb128 0x14
 1692 0611 01       		.uleb128 0x1
 1693 0612 51       		.byte	0x51
 1694 0613 05       		.uleb128 0x5
 1695 0614 0C       		.byte	0xc
 1696 0615 C80D0048 		.4byte	0x48000dc8
 1697 0619 14       		.uleb128 0x14
 1698 061a 01       		.uleb128 0x1
 1699 061b 52       		.byte	0x52
 1700 061c 02       		.uleb128 0x2
ARM GAS  C:\Users\haoen\AppData\Local\Temp\ccLaEL5c.s 			page 42


 1701 061d 74       		.byte	0x74
 1702 061e 00       		.sleb128 0
 1703 061f 00       		.byte	0
 1704 0620 24       		.uleb128 0x24
 1705 0621 CC000000 		.4byte	.LVL59
 1706 0625 C2020000 		.4byte	0x2c2
 1707 0629 24       		.uleb128 0x24
 1708 062a DA000000 		.4byte	.LVL60
 1709 062e 05020000 		.4byte	0x205
 1710 0632 13       		.uleb128 0x13
 1711 0633 E4000000 		.4byte	.LVL61
 1712 0637 5B020000 		.4byte	0x25b
 1713 063b 14       		.uleb128 0x14
 1714 063c 01       		.uleb128 0x1
 1715 063d 50       		.byte	0x50
 1716 063e 05       		.uleb128 0x5
 1717 063f 0C       		.byte	0xc
 1718 0640 B0430040 		.4byte	0x400043b0
 1719 0644 14       		.uleb128 0x14
 1720 0645 01       		.uleb128 0x1
 1721 0646 51       		.byte	0x51
 1722 0647 02       		.uleb128 0x2
 1723 0648 75       		.byte	0x75
 1724 0649 00       		.sleb128 0
 1725 064a 14       		.uleb128 0x14
 1726 064b 01       		.uleb128 0x1
 1727 064c 52       		.byte	0x52
 1728 064d 01       		.uleb128 0x1
 1729 064e 3E       		.byte	0x3e
 1730 064f 00       		.byte	0
 1731 0650 00       		.byte	0
 1732 0651 22       		.uleb128 0x22
 1733 0652 67060000 		.4byte	0x667
 1734 0656 61060000 		.4byte	0x661
 1735 065a 23       		.uleb128 0x23
 1736 065b 7D000000 		.4byte	0x7d
 1737 065f 01       		.byte	0x1
 1738 0660 00       		.byte	0
 1739 0661 10       		.uleb128 0x10
 1740 0662 04       		.byte	0x4
 1741 0663 8D000000 		.4byte	0x8d
 1742 0667 11       		.uleb128 0x11
 1743 0668 61060000 		.4byte	0x661
 1744 066c 25       		.uleb128 0x25
 1745 066d 38010000 		.4byte	.LASF50
 1746 0671 01       		.byte	0x1
 1747 0672 7F01     		.2byte	0x17f
 1748 0674 7E060000 		.4byte	0x67e
 1749 0678 05       		.uleb128 0x5
 1750 0679 03       		.byte	0x3
 1751 067a 00000000 		.4byte	AMux_CYAMUXSIDE_A__addrTable
 1752 067e 11       		.uleb128 0x11
 1753 067f 51060000 		.4byte	0x651
 1754 0683 22       		.uleb128 0x22
 1755 0684 93060000 		.4byte	0x693
 1756 0688 93060000 		.4byte	0x693
 1757 068c 23       		.uleb128 0x23
ARM GAS  C:\Users\haoen\AppData\Local\Temp\ccLaEL5c.s 			page 43


 1758 068d 7D000000 		.4byte	0x7d
 1759 0691 01       		.byte	0x1
 1760 0692 00       		.byte	0
 1761 0693 11       		.uleb128 0x11
 1762 0694 8D000000 		.4byte	0x8d
 1763 0698 25       		.uleb128 0x25
 1764 0699 E9000000 		.4byte	.LASF51
 1765 069d 01       		.byte	0x1
 1766 069e 8601     		.2byte	0x186
 1767 06a0 AA060000 		.4byte	0x6aa
 1768 06a4 05       		.uleb128 0x5
 1769 06a5 03       		.byte	0x3
 1770 06a6 00000000 		.4byte	AMux_CYAMUXSIDE_A__maskTable
 1771 06aa 11       		.uleb128 0x11
 1772 06ab 83060000 		.4byte	0x683
 1773 06af 25       		.uleb128 0x25
 1774 06b0 76020000 		.4byte	.LASF52
 1775 06b4 01       		.byte	0x1
 1776 06b5 B801     		.2byte	0x1b8
 1777 06b7 C1060000 		.4byte	0x6c1
 1778 06bb 05       		.uleb128 0x5
 1779 06bc 03       		.byte	0x3
 1780 06bd 00000000 		.4byte	AMux_CYAMUXSIDE_B__addrTable
 1781 06c1 11       		.uleb128 0x11
 1782 06c2 51060000 		.4byte	0x651
 1783 06c6 25       		.uleb128 0x25
 1784 06c7 46020000 		.4byte	.LASF53
 1785 06cb 01       		.byte	0x1
 1786 06cc BF01     		.2byte	0x1bf
 1787 06ce D8060000 		.4byte	0x6d8
 1788 06d2 05       		.uleb128 0x5
 1789 06d3 03       		.byte	0x3
 1790 06d4 00000000 		.4byte	AMux_CYAMUXSIDE_B__maskTable
 1791 06d8 11       		.uleb128 0x11
 1792 06d9 83060000 		.4byte	0x683
 1793 06dd 26       		.uleb128 0x26
 1794 06de 9A030000 		.4byte	.LASF54
 1795 06e2 9A030000 		.4byte	.LASF54
 1796 06e6 27       		.uleb128 0x27
 1797 06e7 2B030000 		.4byte	.LASF56
 1798 06eb 2B030000 		.4byte	.LASF56
 1799 06ef 04       		.byte	0x4
 1800 06f0 77       		.byte	0x77
 1801 06f1 26       		.uleb128 0x26
 1802 06f2 BF000000 		.4byte	.LASF55
 1803 06f6 BF000000 		.4byte	.LASF55
 1804 06fa 27       		.uleb128 0x27
 1805 06fb 38020000 		.4byte	.LASF57
 1806 06ff 38020000 		.4byte	.LASF57
 1807 0703 04       		.byte	0x4
 1808 0704 79       		.byte	0x79
 1809 0705 00       		.byte	0
 1810              		.section	.debug_abbrev,"",%progbits
 1811              	.Ldebug_abbrev0:
 1812 0000 01       		.uleb128 0x1
 1813 0001 11       		.uleb128 0x11
 1814 0002 01       		.byte	0x1
ARM GAS  C:\Users\haoen\AppData\Local\Temp\ccLaEL5c.s 			page 44


 1815 0003 25       		.uleb128 0x25
 1816 0004 0E       		.uleb128 0xe
 1817 0005 13       		.uleb128 0x13
 1818 0006 0B       		.uleb128 0xb
 1819 0007 03       		.uleb128 0x3
 1820 0008 0E       		.uleb128 0xe
 1821 0009 1B       		.uleb128 0x1b
 1822 000a 0E       		.uleb128 0xe
 1823 000b 55       		.uleb128 0x55
 1824 000c 17       		.uleb128 0x17
 1825 000d 11       		.uleb128 0x11
 1826 000e 01       		.uleb128 0x1
 1827 000f 10       		.uleb128 0x10
 1828 0010 17       		.uleb128 0x17
 1829 0011 00       		.byte	0
 1830 0012 00       		.byte	0
 1831 0013 02       		.uleb128 0x2
 1832 0014 24       		.uleb128 0x24
 1833 0015 00       		.byte	0
 1834 0016 0B       		.uleb128 0xb
 1835 0017 0B       		.uleb128 0xb
 1836 0018 3E       		.uleb128 0x3e
 1837 0019 0B       		.uleb128 0xb
 1838 001a 03       		.uleb128 0x3
 1839 001b 08       		.uleb128 0x8
 1840 001c 00       		.byte	0
 1841 001d 00       		.byte	0
 1842 001e 03       		.uleb128 0x3
 1843 001f 16       		.uleb128 0x16
 1844 0020 00       		.byte	0
 1845 0021 03       		.uleb128 0x3
 1846 0022 0E       		.uleb128 0xe
 1847 0023 3A       		.uleb128 0x3a
 1848 0024 0B       		.uleb128 0xb
 1849 0025 3B       		.uleb128 0x3b
 1850 0026 0B       		.uleb128 0xb
 1851 0027 49       		.uleb128 0x49
 1852 0028 13       		.uleb128 0x13
 1853 0029 00       		.byte	0
 1854 002a 00       		.byte	0
 1855 002b 04       		.uleb128 0x4
 1856 002c 24       		.uleb128 0x24
 1857 002d 00       		.byte	0
 1858 002e 0B       		.uleb128 0xb
 1859 002f 0B       		.uleb128 0xb
 1860 0030 3E       		.uleb128 0x3e
 1861 0031 0B       		.uleb128 0xb
 1862 0032 03       		.uleb128 0x3
 1863 0033 0E       		.uleb128 0xe
 1864 0034 00       		.byte	0
 1865 0035 00       		.byte	0
 1866 0036 05       		.uleb128 0x5
 1867 0037 0F       		.uleb128 0xf
 1868 0038 00       		.byte	0
 1869 0039 0B       		.uleb128 0xb
 1870 003a 0B       		.uleb128 0xb
 1871 003b 00       		.byte	0
ARM GAS  C:\Users\haoen\AppData\Local\Temp\ccLaEL5c.s 			page 45


 1872 003c 00       		.byte	0
 1873 003d 06       		.uleb128 0x6
 1874 003e 16       		.uleb128 0x16
 1875 003f 00       		.byte	0
 1876 0040 03       		.uleb128 0x3
 1877 0041 0E       		.uleb128 0xe
 1878 0042 3A       		.uleb128 0x3a
 1879 0043 0B       		.uleb128 0xb
 1880 0044 3B       		.uleb128 0x3b
 1881 0045 05       		.uleb128 0x5
 1882 0046 49       		.uleb128 0x49
 1883 0047 13       		.uleb128 0x13
 1884 0048 00       		.byte	0
 1885 0049 00       		.byte	0
 1886 004a 07       		.uleb128 0x7
 1887 004b 35       		.uleb128 0x35
 1888 004c 00       		.byte	0
 1889 004d 49       		.uleb128 0x49
 1890 004e 13       		.uleb128 0x13
 1891 004f 00       		.byte	0
 1892 0050 00       		.byte	0
 1893 0051 08       		.uleb128 0x8
 1894 0052 13       		.uleb128 0x13
 1895 0053 01       		.byte	0x1
 1896 0054 0B       		.uleb128 0xb
 1897 0055 0B       		.uleb128 0xb
 1898 0056 3A       		.uleb128 0x3a
 1899 0057 0B       		.uleb128 0xb
 1900 0058 3B       		.uleb128 0x3b
 1901 0059 0B       		.uleb128 0xb
 1902 005a 01       		.uleb128 0x1
 1903 005b 13       		.uleb128 0x13
 1904 005c 00       		.byte	0
 1905 005d 00       		.byte	0
 1906 005e 09       		.uleb128 0x9
 1907 005f 0D       		.uleb128 0xd
 1908 0060 00       		.byte	0
 1909 0061 03       		.uleb128 0x3
 1910 0062 0E       		.uleb128 0xe
 1911 0063 3A       		.uleb128 0x3a
 1912 0064 0B       		.uleb128 0xb
 1913 0065 3B       		.uleb128 0x3b
 1914 0066 0B       		.uleb128 0xb
 1915 0067 49       		.uleb128 0x49
 1916 0068 13       		.uleb128 0x13
 1917 0069 38       		.uleb128 0x38
 1918 006a 0B       		.uleb128 0xb
 1919 006b 00       		.byte	0
 1920 006c 00       		.byte	0
 1921 006d 0A       		.uleb128 0xa
 1922 006e 2E       		.uleb128 0x2e
 1923 006f 01       		.byte	0x1
 1924 0070 03       		.uleb128 0x3
 1925 0071 0E       		.uleb128 0xe
 1926 0072 3A       		.uleb128 0x3a
 1927 0073 0B       		.uleb128 0xb
 1928 0074 3B       		.uleb128 0x3b
ARM GAS  C:\Users\haoen\AppData\Local\Temp\ccLaEL5c.s 			page 46


 1929 0075 0B       		.uleb128 0xb
 1930 0076 27       		.uleb128 0x27
 1931 0077 19       		.uleb128 0x19
 1932 0078 8701     		.uleb128 0x87
 1933 007a 19       		.uleb128 0x19
 1934 007b 11       		.uleb128 0x11
 1935 007c 01       		.uleb128 0x1
 1936 007d 12       		.uleb128 0x12
 1937 007e 06       		.uleb128 0x6
 1938 007f 40       		.uleb128 0x40
 1939 0080 18       		.uleb128 0x18
 1940 0081 9742     		.uleb128 0x2117
 1941 0083 19       		.uleb128 0x19
 1942 0084 01       		.uleb128 0x1
 1943 0085 13       		.uleb128 0x13
 1944 0086 00       		.byte	0
 1945 0087 00       		.byte	0
 1946 0088 0B       		.uleb128 0xb
 1947 0089 05       		.uleb128 0x5
 1948 008a 00       		.byte	0
 1949 008b 03       		.uleb128 0x3
 1950 008c 0E       		.uleb128 0xe
 1951 008d 3A       		.uleb128 0x3a
 1952 008e 0B       		.uleb128 0xb
 1953 008f 3B       		.uleb128 0x3b
 1954 0090 0B       		.uleb128 0xb
 1955 0091 49       		.uleb128 0x49
 1956 0092 13       		.uleb128 0x13
 1957 0093 02       		.uleb128 0x2
 1958 0094 18       		.uleb128 0x18
 1959 0095 00       		.byte	0
 1960 0096 00       		.byte	0
 1961 0097 0C       		.uleb128 0xc
 1962 0098 2E       		.uleb128 0x2e
 1963 0099 01       		.byte	0x1
 1964 009a 03       		.uleb128 0x3
 1965 009b 0E       		.uleb128 0xe
 1966 009c 3A       		.uleb128 0x3a
 1967 009d 0B       		.uleb128 0xb
 1968 009e 3B       		.uleb128 0x3b
 1969 009f 0B       		.uleb128 0xb
 1970 00a0 27       		.uleb128 0x27
 1971 00a1 19       		.uleb128 0x19
 1972 00a2 11       		.uleb128 0x11
 1973 00a3 01       		.uleb128 0x1
 1974 00a4 12       		.uleb128 0x12
 1975 00a5 06       		.uleb128 0x6
 1976 00a6 40       		.uleb128 0x40
 1977 00a7 18       		.uleb128 0x18
 1978 00a8 9742     		.uleb128 0x2117
 1979 00aa 19       		.uleb128 0x19
 1980 00ab 01       		.uleb128 0x1
 1981 00ac 13       		.uleb128 0x13
 1982 00ad 00       		.byte	0
 1983 00ae 00       		.byte	0
 1984 00af 0D       		.uleb128 0xd
 1985 00b0 34       		.uleb128 0x34
ARM GAS  C:\Users\haoen\AppData\Local\Temp\ccLaEL5c.s 			page 47


 1986 00b1 00       		.byte	0
 1987 00b2 03       		.uleb128 0x3
 1988 00b3 08       		.uleb128 0x8
 1989 00b4 3A       		.uleb128 0x3a
 1990 00b5 0B       		.uleb128 0xb
 1991 00b6 3B       		.uleb128 0x3b
 1992 00b7 0B       		.uleb128 0xb
 1993 00b8 49       		.uleb128 0x49
 1994 00b9 13       		.uleb128 0x13
 1995 00ba 02       		.uleb128 0x2
 1996 00bb 17       		.uleb128 0x17
 1997 00bc 00       		.byte	0
 1998 00bd 00       		.byte	0
 1999 00be 0E       		.uleb128 0xe
 2000 00bf 0B       		.uleb128 0xb
 2001 00c0 01       		.byte	0x1
 2002 00c1 11       		.uleb128 0x11
 2003 00c2 01       		.uleb128 0x1
 2004 00c3 12       		.uleb128 0x12
 2005 00c4 06       		.uleb128 0x6
 2006 00c5 00       		.byte	0
 2007 00c6 00       		.byte	0
 2008 00c7 0F       		.uleb128 0xf
 2009 00c8 34       		.uleb128 0x34
 2010 00c9 00       		.byte	0
 2011 00ca 03       		.uleb128 0x3
 2012 00cb 0E       		.uleb128 0xe
 2013 00cc 3A       		.uleb128 0x3a
 2014 00cd 0B       		.uleb128 0xb
 2015 00ce 3B       		.uleb128 0x3b
 2016 00cf 0B       		.uleb128 0xb
 2017 00d0 49       		.uleb128 0x49
 2018 00d1 13       		.uleb128 0x13
 2019 00d2 02       		.uleb128 0x2
 2020 00d3 17       		.uleb128 0x17
 2021 00d4 00       		.byte	0
 2022 00d5 00       		.byte	0
 2023 00d6 10       		.uleb128 0x10
 2024 00d7 0F       		.uleb128 0xf
 2025 00d8 00       		.byte	0
 2026 00d9 0B       		.uleb128 0xb
 2027 00da 0B       		.uleb128 0xb
 2028 00db 49       		.uleb128 0x49
 2029 00dc 13       		.uleb128 0x13
 2030 00dd 00       		.byte	0
 2031 00de 00       		.byte	0
 2032 00df 11       		.uleb128 0x11
 2033 00e0 26       		.uleb128 0x26
 2034 00e1 00       		.byte	0
 2035 00e2 49       		.uleb128 0x49
 2036 00e3 13       		.uleb128 0x13
 2037 00e4 00       		.byte	0
 2038 00e5 00       		.byte	0
 2039 00e6 12       		.uleb128 0x12
 2040 00e7 05       		.uleb128 0x5
 2041 00e8 00       		.byte	0
 2042 00e9 03       		.uleb128 0x3
ARM GAS  C:\Users\haoen\AppData\Local\Temp\ccLaEL5c.s 			page 48


 2043 00ea 08       		.uleb128 0x8
 2044 00eb 3A       		.uleb128 0x3a
 2045 00ec 0B       		.uleb128 0xb
 2046 00ed 3B       		.uleb128 0x3b
 2047 00ee 0B       		.uleb128 0xb
 2048 00ef 49       		.uleb128 0x49
 2049 00f0 13       		.uleb128 0x13
 2050 00f1 02       		.uleb128 0x2
 2051 00f2 17       		.uleb128 0x17
 2052 00f3 00       		.byte	0
 2053 00f4 00       		.byte	0
 2054 00f5 13       		.uleb128 0x13
 2055 00f6 898201   		.uleb128 0x4109
 2056 00f9 01       		.byte	0x1
 2057 00fa 11       		.uleb128 0x11
 2058 00fb 01       		.uleb128 0x1
 2059 00fc 31       		.uleb128 0x31
 2060 00fd 13       		.uleb128 0x13
 2061 00fe 00       		.byte	0
 2062 00ff 00       		.byte	0
 2063 0100 14       		.uleb128 0x14
 2064 0101 8A8201   		.uleb128 0x410a
 2065 0104 00       		.byte	0
 2066 0105 02       		.uleb128 0x2
 2067 0106 18       		.uleb128 0x18
 2068 0107 9142     		.uleb128 0x2111
 2069 0109 18       		.uleb128 0x18
 2070 010a 00       		.byte	0
 2071 010b 00       		.byte	0
 2072 010c 15       		.uleb128 0x15
 2073 010d 2E       		.uleb128 0x2e
 2074 010e 01       		.byte	0x1
 2075 010f 03       		.uleb128 0x3
 2076 0110 0E       		.uleb128 0xe
 2077 0111 3A       		.uleb128 0x3a
 2078 0112 0B       		.uleb128 0xb
 2079 0113 3B       		.uleb128 0x3b
 2080 0114 05       		.uleb128 0x5
 2081 0115 27       		.uleb128 0x27
 2082 0116 19       		.uleb128 0x19
 2083 0117 11       		.uleb128 0x11
 2084 0118 01       		.uleb128 0x1
 2085 0119 12       		.uleb128 0x12
 2086 011a 06       		.uleb128 0x6
 2087 011b 40       		.uleb128 0x40
 2088 011c 18       		.uleb128 0x18
 2089 011d 9742     		.uleb128 0x2117
 2090 011f 19       		.uleb128 0x19
 2091 0120 01       		.uleb128 0x1
 2092 0121 13       		.uleb128 0x13
 2093 0122 00       		.byte	0
 2094 0123 00       		.byte	0
 2095 0124 16       		.uleb128 0x16
 2096 0125 34       		.uleb128 0x34
 2097 0126 00       		.byte	0
 2098 0127 03       		.uleb128 0x3
 2099 0128 0E       		.uleb128 0xe
ARM GAS  C:\Users\haoen\AppData\Local\Temp\ccLaEL5c.s 			page 49


 2100 0129 3A       		.uleb128 0x3a
 2101 012a 0B       		.uleb128 0xb
 2102 012b 3B       		.uleb128 0x3b
 2103 012c 05       		.uleb128 0x5
 2104 012d 49       		.uleb128 0x49
 2105 012e 13       		.uleb128 0x13
 2106 012f 02       		.uleb128 0x2
 2107 0130 17       		.uleb128 0x17
 2108 0131 00       		.byte	0
 2109 0132 00       		.byte	0
 2110 0133 17       		.uleb128 0x17
 2111 0134 34       		.uleb128 0x34
 2112 0135 00       		.byte	0
 2113 0136 03       		.uleb128 0x3
 2114 0137 08       		.uleb128 0x8
 2115 0138 3A       		.uleb128 0x3a
 2116 0139 0B       		.uleb128 0xb
 2117 013a 3B       		.uleb128 0x3b
 2118 013b 05       		.uleb128 0x5
 2119 013c 49       		.uleb128 0x49
 2120 013d 13       		.uleb128 0x13
 2121 013e 02       		.uleb128 0x2
 2122 013f 17       		.uleb128 0x17
 2123 0140 00       		.byte	0
 2124 0141 00       		.byte	0
 2125 0142 18       		.uleb128 0x18
 2126 0143 05       		.uleb128 0x5
 2127 0144 00       		.byte	0
 2128 0145 03       		.uleb128 0x3
 2129 0146 0E       		.uleb128 0xe
 2130 0147 3A       		.uleb128 0x3a
 2131 0148 0B       		.uleb128 0xb
 2132 0149 3B       		.uleb128 0x3b
 2133 014a 0B       		.uleb128 0xb
 2134 014b 49       		.uleb128 0x49
 2135 014c 13       		.uleb128 0x13
 2136 014d 02       		.uleb128 0x2
 2137 014e 17       		.uleb128 0x17
 2138 014f 00       		.byte	0
 2139 0150 00       		.byte	0
 2140 0151 19       		.uleb128 0x19
 2141 0152 26       		.uleb128 0x26
 2142 0153 00       		.byte	0
 2143 0154 00       		.byte	0
 2144 0155 00       		.byte	0
 2145 0156 1A       		.uleb128 0x1a
 2146 0157 898201   		.uleb128 0x4109
 2147 015a 01       		.byte	0x1
 2148 015b 11       		.uleb128 0x11
 2149 015c 01       		.uleb128 0x1
 2150 015d 31       		.uleb128 0x31
 2151 015e 13       		.uleb128 0x13
 2152 015f 01       		.uleb128 0x1
 2153 0160 13       		.uleb128 0x13
 2154 0161 00       		.byte	0
 2155 0162 00       		.byte	0
 2156 0163 1B       		.uleb128 0x1b
ARM GAS  C:\Users\haoen\AppData\Local\Temp\ccLaEL5c.s 			page 50


 2157 0164 2E       		.uleb128 0x2e
 2158 0165 01       		.byte	0x1
 2159 0166 3F       		.uleb128 0x3f
 2160 0167 19       		.uleb128 0x19
 2161 0168 03       		.uleb128 0x3
 2162 0169 0E       		.uleb128 0xe
 2163 016a 3A       		.uleb128 0x3a
 2164 016b 0B       		.uleb128 0xb
 2165 016c 3B       		.uleb128 0x3b
 2166 016d 05       		.uleb128 0x5
 2167 016e 27       		.uleb128 0x27
 2168 016f 19       		.uleb128 0x19
 2169 0170 11       		.uleb128 0x11
 2170 0171 01       		.uleb128 0x1
 2171 0172 12       		.uleb128 0x12
 2172 0173 06       		.uleb128 0x6
 2173 0174 40       		.uleb128 0x40
 2174 0175 18       		.uleb128 0x18
 2175 0176 9742     		.uleb128 0x2117
 2176 0178 19       		.uleb128 0x19
 2177 0179 01       		.uleb128 0x1
 2178 017a 13       		.uleb128 0x13
 2179 017b 00       		.byte	0
 2180 017c 00       		.byte	0
 2181 017d 1C       		.uleb128 0x1c
 2182 017e 05       		.uleb128 0x5
 2183 017f 00       		.byte	0
 2184 0180 03       		.uleb128 0x3
 2185 0181 0E       		.uleb128 0xe
 2186 0182 3A       		.uleb128 0x3a
 2187 0183 0B       		.uleb128 0xb
 2188 0184 3B       		.uleb128 0x3b
 2189 0185 05       		.uleb128 0x5
 2190 0186 49       		.uleb128 0x49
 2191 0187 13       		.uleb128 0x13
 2192 0188 02       		.uleb128 0x2
 2193 0189 18       		.uleb128 0x18
 2194 018a 00       		.byte	0
 2195 018b 00       		.byte	0
 2196 018c 1D       		.uleb128 0x1d
 2197 018d 34       		.uleb128 0x34
 2198 018e 00       		.byte	0
 2199 018f 03       		.uleb128 0x3
 2200 0190 0E       		.uleb128 0xe
 2201 0191 3A       		.uleb128 0x3a
 2202 0192 0B       		.uleb128 0xb
 2203 0193 3B       		.uleb128 0x3b
 2204 0194 05       		.uleb128 0x5
 2205 0195 49       		.uleb128 0x49
 2206 0196 13       		.uleb128 0x13
 2207 0197 02       		.uleb128 0x2
 2208 0198 18       		.uleb128 0x18
 2209 0199 00       		.byte	0
 2210 019a 00       		.byte	0
 2211 019b 1E       		.uleb128 0x1e
 2212 019c 05       		.uleb128 0x5
 2213 019d 00       		.byte	0
ARM GAS  C:\Users\haoen\AppData\Local\Temp\ccLaEL5c.s 			page 51


 2214 019e 03       		.uleb128 0x3
 2215 019f 0E       		.uleb128 0xe
 2216 01a0 3A       		.uleb128 0x3a
 2217 01a1 0B       		.uleb128 0xb
 2218 01a2 3B       		.uleb128 0x3b
 2219 01a3 05       		.uleb128 0x5
 2220 01a4 49       		.uleb128 0x49
 2221 01a5 13       		.uleb128 0x13
 2222 01a6 02       		.uleb128 0x2
 2223 01a7 17       		.uleb128 0x17
 2224 01a8 00       		.byte	0
 2225 01a9 00       		.byte	0
 2226 01aa 1F       		.uleb128 0x1f
 2227 01ab 0B       		.uleb128 0xb
 2228 01ac 01       		.byte	0x1
 2229 01ad 11       		.uleb128 0x11
 2230 01ae 01       		.uleb128 0x1
 2231 01af 12       		.uleb128 0x12
 2232 01b0 06       		.uleb128 0x6
 2233 01b1 01       		.uleb128 0x1
 2234 01b2 13       		.uleb128 0x13
 2235 01b3 00       		.byte	0
 2236 01b4 00       		.byte	0
 2237 01b5 20       		.uleb128 0x20
 2238 01b6 13       		.uleb128 0x13
 2239 01b7 01       		.byte	0x1
 2240 01b8 0B       		.uleb128 0xb
 2241 01b9 0B       		.uleb128 0xb
 2242 01ba 3A       		.uleb128 0x3a
 2243 01bb 0B       		.uleb128 0xb
 2244 01bc 3B       		.uleb128 0x3b
 2245 01bd 05       		.uleb128 0x5
 2246 01be 01       		.uleb128 0x1
 2247 01bf 13       		.uleb128 0x13
 2248 01c0 00       		.byte	0
 2249 01c1 00       		.byte	0
 2250 01c2 21       		.uleb128 0x21
 2251 01c3 0D       		.uleb128 0xd
 2252 01c4 00       		.byte	0
 2253 01c5 03       		.uleb128 0x3
 2254 01c6 0E       		.uleb128 0xe
 2255 01c7 3A       		.uleb128 0x3a
 2256 01c8 0B       		.uleb128 0xb
 2257 01c9 3B       		.uleb128 0x3b
 2258 01ca 05       		.uleb128 0x5
 2259 01cb 49       		.uleb128 0x49
 2260 01cc 13       		.uleb128 0x13
 2261 01cd 38       		.uleb128 0x38
 2262 01ce 0B       		.uleb128 0xb
 2263 01cf 00       		.byte	0
 2264 01d0 00       		.byte	0
 2265 01d1 22       		.uleb128 0x22
 2266 01d2 01       		.uleb128 0x1
 2267 01d3 01       		.byte	0x1
 2268 01d4 49       		.uleb128 0x49
 2269 01d5 13       		.uleb128 0x13
 2270 01d6 01       		.uleb128 0x1
ARM GAS  C:\Users\haoen\AppData\Local\Temp\ccLaEL5c.s 			page 52


 2271 01d7 13       		.uleb128 0x13
 2272 01d8 00       		.byte	0
 2273 01d9 00       		.byte	0
 2274 01da 23       		.uleb128 0x23
 2275 01db 21       		.uleb128 0x21
 2276 01dc 00       		.byte	0
 2277 01dd 49       		.uleb128 0x49
 2278 01de 13       		.uleb128 0x13
 2279 01df 2F       		.uleb128 0x2f
 2280 01e0 0B       		.uleb128 0xb
 2281 01e1 00       		.byte	0
 2282 01e2 00       		.byte	0
 2283 01e3 24       		.uleb128 0x24
 2284 01e4 898201   		.uleb128 0x4109
 2285 01e7 00       		.byte	0
 2286 01e8 11       		.uleb128 0x11
 2287 01e9 01       		.uleb128 0x1
 2288 01ea 31       		.uleb128 0x31
 2289 01eb 13       		.uleb128 0x13
 2290 01ec 00       		.byte	0
 2291 01ed 00       		.byte	0
 2292 01ee 25       		.uleb128 0x25
 2293 01ef 34       		.uleb128 0x34
 2294 01f0 00       		.byte	0
 2295 01f1 03       		.uleb128 0x3
 2296 01f2 0E       		.uleb128 0xe
 2297 01f3 3A       		.uleb128 0x3a
 2298 01f4 0B       		.uleb128 0xb
 2299 01f5 3B       		.uleb128 0x3b
 2300 01f6 05       		.uleb128 0x5
 2301 01f7 49       		.uleb128 0x49
 2302 01f8 13       		.uleb128 0x13
 2303 01f9 3F       		.uleb128 0x3f
 2304 01fa 19       		.uleb128 0x19
 2305 01fb 02       		.uleb128 0x2
 2306 01fc 18       		.uleb128 0x18
 2307 01fd 00       		.byte	0
 2308 01fe 00       		.byte	0
 2309 01ff 26       		.uleb128 0x26
 2310 0200 2E       		.uleb128 0x2e
 2311 0201 00       		.byte	0
 2312 0202 3F       		.uleb128 0x3f
 2313 0203 19       		.uleb128 0x19
 2314 0204 3C       		.uleb128 0x3c
 2315 0205 19       		.uleb128 0x19
 2316 0206 6E       		.uleb128 0x6e
 2317 0207 0E       		.uleb128 0xe
 2318 0208 03       		.uleb128 0x3
 2319 0209 0E       		.uleb128 0xe
 2320 020a 00       		.byte	0
 2321 020b 00       		.byte	0
 2322 020c 27       		.uleb128 0x27
 2323 020d 2E       		.uleb128 0x2e
 2324 020e 00       		.byte	0
 2325 020f 3F       		.uleb128 0x3f
 2326 0210 19       		.uleb128 0x19
 2327 0211 3C       		.uleb128 0x3c
ARM GAS  C:\Users\haoen\AppData\Local\Temp\ccLaEL5c.s 			page 53


 2328 0212 19       		.uleb128 0x19
 2329 0213 6E       		.uleb128 0x6e
 2330 0214 0E       		.uleb128 0xe
 2331 0215 03       		.uleb128 0x3
 2332 0216 0E       		.uleb128 0xe
 2333 0217 3A       		.uleb128 0x3a
 2334 0218 0B       		.uleb128 0xb
 2335 0219 3B       		.uleb128 0x3b
 2336 021a 0B       		.uleb128 0xb
 2337 021b 00       		.byte	0
 2338 021c 00       		.byte	0
 2339 021d 00       		.byte	0
 2340              		.section	.debug_loc,"",%progbits
 2341              	.Ldebug_loc0:
 2342              	.LLST0:
 2343 0000 02000000 		.4byte	.LVL2
 2344 0004 08000000 		.4byte	.LVL3
 2345 0008 0200     		.2byte	0x2
 2346 000a 30       		.byte	0x30
 2347 000b 9F       		.byte	0x9f
 2348 000c 08000000 		.4byte	.LVL3
 2349 0010 32000000 		.4byte	.LVL11
 2350 0014 0100     		.2byte	0x1
 2351 0016 57       		.byte	0x57
 2352 0017 00000000 		.4byte	0
 2353 001b 00000000 		.4byte	0
 2354              	.LLST1:
 2355 001f 02000000 		.4byte	.LVL2
 2356 0023 08000000 		.4byte	.LVL3
 2357 0027 0200     		.2byte	0x2
 2358 0029 30       		.byte	0x30
 2359 002a 9F       		.byte	0x9f
 2360 002b 08000000 		.4byte	.LVL3
 2361 002f 34000000 		.4byte	.LFE4
 2362 0033 0100     		.2byte	0x1
 2363 0035 52       		.byte	0x52
 2364 0036 00000000 		.4byte	0
 2365 003a 00000000 		.4byte	0
 2366              	.LLST2:
 2367 003e 0C000000 		.4byte	.LVL4
 2368 0042 2C000000 		.4byte	.LVL10
 2369 0046 0100     		.2byte	0x1
 2370 0048 56       		.byte	0x56
 2371 0049 00000000 		.4byte	0
 2372 004d 00000000 		.4byte	0
 2373              	.LLST3:
 2374 0051 0E000000 		.4byte	.LVL5
 2375 0055 24000000 		.4byte	.LVL8
 2376 0059 0100     		.2byte	0x1
 2377 005b 53       		.byte	0x53
 2378 005c 26000000 		.4byte	.LVL9
 2379 0060 2C000000 		.4byte	.LVL10
 2380 0064 0100     		.2byte	0x1
 2381 0066 53       		.byte	0x53
 2382 0067 00000000 		.4byte	0
 2383 006b 00000000 		.4byte	0
 2384              	.LLST4:
ARM GAS  C:\Users\haoen\AppData\Local\Temp\ccLaEL5c.s 			page 54


 2385 006f 00000000 		.4byte	.LVL12
 2386 0073 09000000 		.4byte	.LVL14-1
 2387 0077 0100     		.2byte	0x1
 2388 0079 50       		.byte	0x50
 2389 007a 09000000 		.4byte	.LVL14-1
 2390 007e 0C000000 		.4byte	.LFE0
 2391 0082 0400     		.2byte	0x4
 2392 0084 F3       		.byte	0xf3
 2393 0085 01       		.uleb128 0x1
 2394 0086 50       		.byte	0x50
 2395 0087 9F       		.byte	0x9f
 2396 0088 00000000 		.4byte	0
 2397 008c 00000000 		.4byte	0
 2398              	.LLST5:
 2399 0090 00000000 		.4byte	.LVL12
 2400 0094 06000000 		.4byte	.LVL13
 2401 0098 0100     		.2byte	0x1
 2402 009a 51       		.byte	0x51
 2403 009b 06000000 		.4byte	.LVL13
 2404 009f 09000000 		.4byte	.LVL14-1
 2405 00a3 0100     		.2byte	0x1
 2406 00a5 52       		.byte	0x52
 2407 00a6 09000000 		.4byte	.LVL14-1
 2408 00aa 0C000000 		.4byte	.LFE0
 2409 00ae 0400     		.2byte	0x4
 2410 00b0 F3       		.byte	0xf3
 2411 00b1 01       		.uleb128 0x1
 2412 00b2 51       		.byte	0x51
 2413 00b3 9F       		.byte	0x9f
 2414 00b4 00000000 		.4byte	0
 2415 00b8 00000000 		.4byte	0
 2416              	.LLST6:
 2417 00bc 08000000 		.4byte	.LVL15
 2418 00c0 1E000000 		.4byte	.LVL18
 2419 00c4 0100     		.2byte	0x1
 2420 00c6 53       		.byte	0x53
 2421 00c7 00000000 		.4byte	0
 2422 00cb 00000000 		.4byte	0
 2423              	.LLST7:
 2424 00cf 0E000000 		.4byte	.LVL16
 2425 00d3 88000000 		.4byte	.LVL20
 2426 00d7 0100     		.2byte	0x1
 2427 00d9 54       		.byte	0x54
 2428 00da 00000000 		.4byte	0
 2429 00de 00000000 		.4byte	0
 2430              	.LLST8:
 2431 00e2 14000000 		.4byte	.LVL17
 2432 00e6 88000000 		.4byte	.LVL20
 2433 00ea 0100     		.2byte	0x1
 2434 00ec 55       		.byte	0x55
 2435 00ed 00000000 		.4byte	0
 2436 00f1 00000000 		.4byte	0
 2437              	.LLST9:
 2438 00f5 00000000 		.4byte	.LVL21
 2439 00f9 05000000 		.4byte	.LVL22-1
 2440 00fd 0100     		.2byte	0x1
 2441 00ff 50       		.byte	0x50
ARM GAS  C:\Users\haoen\AppData\Local\Temp\ccLaEL5c.s 			page 55


 2442 0100 05000000 		.4byte	.LVL22-1
 2443 0104 08000000 		.4byte	.LFE1
 2444 0108 0400     		.2byte	0x4
 2445 010a F3       		.byte	0xf3
 2446 010b 01       		.uleb128 0x1
 2447 010c 50       		.byte	0x50
 2448 010d 9F       		.byte	0x9f
 2449 010e 00000000 		.4byte	0
 2450 0112 00000000 		.4byte	0
 2451              	.LLST10:
 2452 0116 00000000 		.4byte	.LVL21
 2453 011a 05000000 		.4byte	.LVL22-1
 2454 011e 0100     		.2byte	0x1
 2455 0120 51       		.byte	0x51
 2456 0121 05000000 		.4byte	.LVL22-1
 2457 0125 08000000 		.4byte	.LFE1
 2458 0129 0400     		.2byte	0x4
 2459 012b F3       		.byte	0xf3
 2460 012c 01       		.uleb128 0x1
 2461 012d 51       		.byte	0x51
 2462 012e 9F       		.byte	0x9f
 2463 012f 00000000 		.4byte	0
 2464 0133 00000000 		.4byte	0
 2465              	.LLST11:
 2466 0137 00000000 		.4byte	.LVL21
 2467 013b 05000000 		.4byte	.LVL22-1
 2468 013f 0100     		.2byte	0x1
 2469 0141 52       		.byte	0x52
 2470 0142 05000000 		.4byte	.LVL22-1
 2471 0146 08000000 		.4byte	.LFE1
 2472 014a 0400     		.2byte	0x4
 2473 014c F3       		.byte	0xf3
 2474 014d 01       		.uleb128 0x1
 2475 014e 52       		.byte	0x52
 2476 014f 9F       		.byte	0x9f
 2477 0150 00000000 		.4byte	0
 2478 0154 00000000 		.4byte	0
 2479              	.LLST12:
 2480 0158 72000000 		.4byte	.LVL24
 2481 015c 74000000 		.4byte	.LVL25
 2482 0160 0200     		.2byte	0x2
 2483 0162 49       		.byte	0x49
 2484 0163 9F       		.byte	0x9f
 2485 0164 74000000 		.4byte	.LVL25
 2486 0168 E6000000 		.4byte	.LVL31
 2487 016c 0100     		.2byte	0x1
 2488 016e 55       		.byte	0x55
 2489 016f 00000000 		.4byte	0
 2490 0173 00000000 		.4byte	0
 2491              	.LLST13:
 2492 0177 72000000 		.4byte	.LVL24
 2493 017b 74000000 		.4byte	.LVL25
 2494 017f 0200     		.2byte	0x2
 2495 0181 30       		.byte	0x30
 2496 0182 9F       		.byte	0x9f
 2497 0183 74000000 		.4byte	.LVL25
 2498 0187 80000000 		.4byte	.LVL26
ARM GAS  C:\Users\haoen\AppData\Local\Temp\ccLaEL5c.s 			page 56


 2499 018b 0100     		.2byte	0x1
 2500 018d 54       		.byte	0x54
 2501 018e 84000000 		.4byte	.LVL27
 2502 0192 E6000000 		.4byte	.LVL31
 2503 0196 0100     		.2byte	0x1
 2504 0198 54       		.byte	0x54
 2505 0199 00000000 		.4byte	0
 2506 019d 00000000 		.4byte	0
 2507              	.LLST14:
 2508 01a1 00000000 		.4byte	.LVL36
 2509 01a5 0C000000 		.4byte	.LVL37
 2510 01a9 0100     		.2byte	0x1
 2511 01ab 50       		.byte	0x50
 2512 01ac 0C000000 		.4byte	.LVL37
 2513 01b0 1C000000 		.4byte	.LFE8
 2514 01b4 0400     		.2byte	0x4
 2515 01b6 F3       		.byte	0xf3
 2516 01b7 01       		.uleb128 0x1
 2517 01b8 50       		.byte	0x50
 2518 01b9 9F       		.byte	0x9f
 2519 01ba 00000000 		.4byte	0
 2520 01be 00000000 		.4byte	0
 2521              	.LLST15:
 2522 01c2 00000000 		.4byte	.LVL38
 2523 01c6 0C000000 		.4byte	.LVL39
 2524 01ca 0100     		.2byte	0x1
 2525 01cc 50       		.byte	0x50
 2526 01cd 0C000000 		.4byte	.LVL39
 2527 01d1 1C000000 		.4byte	.LFE9
 2528 01d5 0400     		.2byte	0x4
 2529 01d7 F3       		.byte	0xf3
 2530 01d8 01       		.uleb128 0x1
 2531 01d9 50       		.byte	0x50
 2532 01da 9F       		.byte	0x9f
 2533 01db 00000000 		.4byte	0
 2534 01df 00000000 		.4byte	0
 2535              	.LLST16:
 2536 01e3 00000000 		.4byte	.LVL40
 2537 01e7 0E000000 		.4byte	.LVL41
 2538 01eb 0100     		.2byte	0x1
 2539 01ed 50       		.byte	0x50
 2540 01ee 0E000000 		.4byte	.LVL41
 2541 01f2 1C000000 		.4byte	.LFE10
 2542 01f6 0400     		.2byte	0x4
 2543 01f8 F3       		.byte	0xf3
 2544 01f9 01       		.uleb128 0x1
 2545 01fa 50       		.byte	0x50
 2546 01fb 9F       		.byte	0x9f
 2547 01fc 00000000 		.4byte	0
 2548 0200 00000000 		.4byte	0
 2549              	.LLST17:
 2550 0204 00000000 		.4byte	.LVL42
 2551 0208 0E000000 		.4byte	.LVL43
 2552 020c 0100     		.2byte	0x1
 2553 020e 50       		.byte	0x50
 2554 020f 0E000000 		.4byte	.LVL43
 2555 0213 20000000 		.4byte	.LFE11
ARM GAS  C:\Users\haoen\AppData\Local\Temp\ccLaEL5c.s 			page 57


 2556 0217 0400     		.2byte	0x4
 2557 0219 F3       		.byte	0xf3
 2558 021a 01       		.uleb128 0x1
 2559 021b 50       		.byte	0x50
 2560 021c 9F       		.byte	0x9f
 2561 021d 00000000 		.4byte	0
 2562 0221 00000000 		.4byte	0
 2563              	.LLST18:
 2564 0225 0E000000 		.4byte	.LVL44
 2565 0229 12000000 		.4byte	.LVL45
 2566 022d 0200     		.2byte	0x2
 2567 022f 30       		.byte	0x30
 2568 0230 9F       		.byte	0x9f
 2569 0231 12000000 		.4byte	.LVL45
 2570 0235 28000000 		.4byte	.LVL47
 2571 0239 0100     		.2byte	0x1
 2572 023b 54       		.byte	0x54
 2573 023c 2A000000 		.4byte	.LVL48
 2574 0240 3A000000 		.4byte	.LVL50
 2575 0244 0100     		.2byte	0x1
 2576 0246 54       		.byte	0x54
 2577 0247 00000000 		.4byte	0
 2578 024b 00000000 		.4byte	0
 2579              	.LLST19:
 2580 024f 12000000 		.4byte	.LVL45
 2581 0253 28000000 		.4byte	.LVL47
 2582 0257 0B00     		.2byte	0xb
 2583 0259 74       		.byte	0x74
 2584 025a 00       		.sleb128 0
 2585 025b 36       		.byte	0x36
 2586 025c 1E       		.byte	0x1e
 2587 025d 03       		.byte	0x3
 2588 025e 18000000 		.4byte	cfg_memset_list.5043
 2589 0262 22       		.byte	0x22
 2590 0263 9F       		.byte	0x9f
 2591 0264 28000000 		.4byte	.LVL47
 2592 0268 2A000000 		.4byte	.LVL48
 2593 026c 0B00     		.2byte	0xb
 2594 026e 74       		.byte	0x74
 2595 026f 7F       		.sleb128 -1
 2596 0270 36       		.byte	0x36
 2597 0271 1E       		.byte	0x1e
 2598 0272 03       		.byte	0x3
 2599 0273 18000000 		.4byte	cfg_memset_list.5043
 2600 0277 22       		.byte	0x22
 2601 0278 9F       		.byte	0x9f
 2602 0279 00000000 		.4byte	0
 2603 027d 00000000 		.4byte	0
 2604              		.section	.debug_aranges,"",%progbits
 2605 0000 74000000 		.4byte	0x74
 2606 0004 0200     		.2byte	0x2
 2607 0006 00000000 		.4byte	.Ldebug_info0
 2608 000a 04       		.byte	0x4
 2609 000b 00       		.byte	0
 2610 000c 0000     		.2byte	0
 2611 000e 0000     		.2byte	0
 2612 0010 00000000 		.4byte	.LFB3
ARM GAS  C:\Users\haoen\AppData\Local\Temp\ccLaEL5c.s 			page 58


 2613 0014 02000000 		.4byte	.LFE3-.LFB3
 2614 0018 00000000 		.4byte	.LFB4
 2615 001c 34000000 		.4byte	.LFE4-.LFB4
 2616 0020 00000000 		.4byte	.LFB0
 2617 0024 0C000000 		.4byte	.LFE0-.LFB0
 2618 0028 00000000 		.4byte	.LFB6
 2619 002c A8000000 		.4byte	.LFE6-.LFB6
 2620 0030 00000000 		.4byte	.LFB1
 2621 0034 08000000 		.4byte	.LFE1-.LFB1
 2622 0038 00000000 		.4byte	.LFB5
 2623 003c 20010000 		.4byte	.LFE5-.LFB5
 2624 0040 00000000 		.4byte	.LFB7
 2625 0044 1C000000 		.4byte	.LFE7-.LFB7
 2626 0048 00000000 		.4byte	.LFB8
 2627 004c 1C000000 		.4byte	.LFE8-.LFB8
 2628 0050 00000000 		.4byte	.LFB9
 2629 0054 1C000000 		.4byte	.LFE9-.LFB9
 2630 0058 00000000 		.4byte	.LFB10
 2631 005c 1C000000 		.4byte	.LFE10-.LFB10
 2632 0060 00000000 		.4byte	.LFB11
 2633 0064 20000000 		.4byte	.LFE11-.LFB11
 2634 0068 00000000 		.4byte	.LFB12
 2635 006c 4C010000 		.4byte	.LFE12-.LFB12
 2636 0070 00000000 		.4byte	0
 2637 0074 00000000 		.4byte	0
 2638              		.section	.debug_ranges,"",%progbits
 2639              	.Ldebug_ranges0:
 2640 0000 00000000 		.4byte	.LFB3
 2641 0004 02000000 		.4byte	.LFE3
 2642 0008 00000000 		.4byte	.LFB4
 2643 000c 34000000 		.4byte	.LFE4
 2644 0010 00000000 		.4byte	.LFB0
 2645 0014 0C000000 		.4byte	.LFE0
 2646 0018 00000000 		.4byte	.LFB6
 2647 001c A8000000 		.4byte	.LFE6
 2648 0020 00000000 		.4byte	.LFB1
 2649 0024 08000000 		.4byte	.LFE1
 2650 0028 00000000 		.4byte	.LFB5
 2651 002c 20010000 		.4byte	.LFE5
 2652 0030 00000000 		.4byte	.LFB7
 2653 0034 1C000000 		.4byte	.LFE7
 2654 0038 00000000 		.4byte	.LFB8
 2655 003c 1C000000 		.4byte	.LFE8
 2656 0040 00000000 		.4byte	.LFB9
 2657 0044 1C000000 		.4byte	.LFE9
 2658 0048 00000000 		.4byte	.LFB10
 2659 004c 1C000000 		.4byte	.LFE10
 2660 0050 00000000 		.4byte	.LFB11
 2661 0054 20000000 		.4byte	.LFE11
 2662 0058 00000000 		.4byte	.LFB12
 2663 005c 4C010000 		.4byte	.LFE12
 2664 0060 00000000 		.4byte	0
 2665 0064 00000000 		.4byte	0
 2666              		.section	.debug_line,"",%progbits
 2667              	.Ldebug_line0:
 2668 0000 42020000 		.section	.debug_str,"MS",%progbits,1
 2668      0200D600 
ARM GAS  C:\Users\haoen\AppData\Local\Temp\ccLaEL5c.s 			page 59


 2668      00000201 
 2668      FB0E0D00 
 2668      01010101 
 2669              	.LASF27:
 2670 0000 636F756E 		.ascii	"count\000"
 2670      7400
 2671              	.LASF14:
 2672 0006 75696E74 		.ascii	"uint16\000"
 2672      313600
 2673              	.LASF26:
 2674 000d 62617365 		.ascii	"baseAddr\000"
 2674      41646472 
 2674      00
 2675              	.LASF12:
 2676 0016 73697A65 		.ascii	"size_t\000"
 2676      5F7400
 2677              	.LASF61:
 2678 001d 4379436C 		.ascii	"CyClockStartupError\000"
 2678      6F636B53 
 2678      74617274 
 2678      75704572 
 2678      726F7200 
 2679              	.LASF25:
 2680 0031 64617461 		.ascii	"data_table\000"
 2680      5F746162 
 2680      6C6500
 2681              	.LASF9:
 2682 003c 6C6F6E67 		.ascii	"long long unsigned int\000"
 2682      206C6F6E 
 2682      6720756E 
 2682      7369676E 
 2682      65642069 
 2683              	.LASF24:
 2684 0053 61646472 		.ascii	"addr_table\000"
 2684      5F746162 
 2684      6C6500
 2685              	.LASF30:
 2686 005e 416E616C 		.ascii	"AnalogSetDefault\000"
 2686      6F675365 
 2686      74446566 
 2686      61756C74 
 2686      00
 2687              	.LASF1:
 2688 006f 6C6F6E67 		.ascii	"long long int\000"
 2688      206C6F6E 
 2688      6720696E 
 2688      7400
 2689              	.LASF3:
 2690 007d 7369676E 		.ascii	"signed char\000"
 2690      65642063 
 2690      68617200 
 2691              	.LASF28:
 2692 0089 6366675F 		.ascii	"cfg_write_bytes32\000"
 2692      77726974 
 2692      655F6279 
 2692      74657333 
 2692      3200
ARM GAS  C:\Users\haoen\AppData\Local\Temp\ccLaEL5c.s 			page 60


 2693              	.LASF34:
 2694 009b 436C6F63 		.ascii	"ClockSetup\000"
 2694      6B536574 
 2694      757000
 2695              	.LASF23:
 2696 00a6 6572726F 		.ascii	"errorCode\000"
 2696      72436F64 
 2696      6500
 2697              	.LASF7:
 2698 00b0 6C6F6E67 		.ascii	"long int\000"
 2698      20696E74 
 2698      00
 2699              	.LASF19:
 2700 00b9 72656731 		.ascii	"reg16\000"
 2700      3600
 2701              	.LASF55:
 2702 00bf 6D656D63 		.ascii	"memcpy\000"
 2702      707900
 2703              	.LASF13:
 2704 00c6 75696E74 		.ascii	"uint8\000"
 2704      3800
 2705              	.LASF40:
 2706 00cc 414D7578 		.ascii	"AMux_CYAMUXSIDE_A_Set\000"
 2706      5F435941 
 2706      4D555853 
 2706      4944455F 
 2706      415F5365 
 2707              	.LASF17:
 2708 00e2 646F7562 		.ascii	"double\000"
 2708      6C6500
 2709              	.LASF51:
 2710 00e9 414D7578 		.ascii	"AMux_CYAMUXSIDE_A__maskTable\000"
 2710      5F435941 
 2710      4D555853 
 2710      4944455F 
 2710      415F5F6D 
 2711              	.LASF29:
 2712 0106 43594D45 		.ascii	"CYMEMZERO\000"
 2712      4D5A4552 
 2712      4F00
 2713              	.LASF15:
 2714 0110 75696E74 		.ascii	"uint32\000"
 2714      333200
 2715              	.LASF44:
 2716 0117 414D7578 		.ascii	"AMux_CYAMUXSIDE_B_Unset\000"
 2716      5F435941 
 2716      4D555853 
 2716      4944455F 
 2716      425F556E 
 2717              	.LASF38:
 2718 012f 72656756 		.ascii	"regValue\000"
 2718      616C7565 
 2718      00
 2719              	.LASF50:
 2720 0138 414D7578 		.ascii	"AMux_CYAMUXSIDE_A__addrTable\000"
 2720      5F435941 
 2720      4D555853 
ARM GAS  C:\Users\haoen\AppData\Local\Temp\ccLaEL5c.s 			page 61


 2720      4944455F 
 2720      415F5F61 
 2721              	.LASF21:
 2722 0155 76616C75 		.ascii	"value\000"
 2722      6500
 2723              	.LASF0:
 2724 015b 756E7369 		.ascii	"unsigned int\000"
 2724      676E6564 
 2724      20696E74 
 2724      00
 2725              	.LASF8:
 2726 0168 6C6F6E67 		.ascii	"long unsigned int\000"
 2726      20756E73 
 2726      69676E65 
 2726      6420696E 
 2726      7400
 2727              	.LASF35:
 2728 017a 74696D65 		.ascii	"timeout\000"
 2728      6F757400 
 2729              	.LASF47:
 2730 0182 73697A65 		.ascii	"size\000"
 2730      00
 2731              	.LASF6:
 2732 0187 73686F72 		.ascii	"short unsigned int\000"
 2732      7420756E 
 2732      7369676E 
 2732      65642069 
 2732      6E7400
 2733              	.LASF60:
 2734 019a 433A5C55 		.ascii	"C:\\Users\\haoen\\Desktop\\Work\\ECMO\\ecmo_psoc5_w"
 2734      73657273 
 2734      5C68616F 
 2734      656E5C44 
 2734      65736B74 
 2735 01c7 735C5053 		.ascii	"s\\PSOC Code\\PSOC5 Implement.cydsn\000"
 2735      4F432043 
 2735      6F64655C 
 2735      50534F43 
 2735      3520496D 
 2736              	.LASF10:
 2737 01e9 73697A65 		.ascii	"sizetype\000"
 2737      74797065 
 2737      00
 2738              	.LASF2:
 2739 01f2 6C6F6E67 		.ascii	"long double\000"
 2739      20646F75 
 2739      626C6500 
 2740              	.LASF31:
 2741 01fe 62675F78 		.ascii	"bg_xover_inl_trim\000"
 2741      6F766572 
 2741      5F696E6C 
 2741      5F747269 
 2741      6D00
 2742              	.LASF48:
 2743 0210 6366675F 		.ascii	"cfg_memset_t\000"
 2743      6D656D73 
 2743      65745F74 
ARM GAS  C:\Users\haoen\AppData\Local\Temp\ccLaEL5c.s 			page 62


 2743      00
 2744              	.LASF49:
 2745 021d 6366675F 		.ascii	"cfg_memset_list\000"
 2745      6D656D73 
 2745      65745F6C 
 2745      69737400 
 2746              	.LASF33:
 2747 022d 64657374 		.ascii	"dest\000"
 2747      00
 2748              	.LASF16:
 2749 0232 666C6F61 		.ascii	"float\000"
 2749      7400
 2750              	.LASF57:
 2751 0238 43794465 		.ascii	"CyDelayCycles\000"
 2751      6C617943 
 2751      79636C65 
 2751      7300
 2752              	.LASF53:
 2753 0246 414D7578 		.ascii	"AMux_CYAMUXSIDE_B__maskTable\000"
 2753      5F435941 
 2753      4D555853 
 2753      4944455F 
 2753      425F5F6D 
 2754              	.LASF18:
 2755 0263 72656738 		.ascii	"reg8\000"
 2755      00
 2756              	.LASF4:
 2757 0268 756E7369 		.ascii	"unsigned char\000"
 2757      676E6564 
 2757      20636861 
 2757      7200
 2758              	.LASF52:
 2759 0276 414D7578 		.ascii	"AMux_CYAMUXSIDE_B__addrTable\000"
 2759      5F435941 
 2759      4D555853 
 2759      4944455F 
 2759      425F5F61 
 2760              	.LASF5:
 2761 0293 73686F72 		.ascii	"short int\000"
 2761      7420696E 
 2761      7400
 2762              	.LASF58:
 2763 029d 474E5520 		.ascii	"GNU C11 5.4.1 20160609 (release) [ARM/embedded-5-br"
 2763      43313120 
 2763      352E342E 
 2763      31203230 
 2763      31363036 
 2764 02d0 616E6368 		.ascii	"anch revision 237715] -mcpu=cortex-m3 -mthumb -g -O"
 2764      20726576 
 2764      6973696F 
 2764      6E203233 
 2764      37373135 
 2765 0303 67202D66 		.ascii	"g -ffunction-sections -ffat-lto-objects\000"
 2765      66756E63 
 2765      74696F6E 
 2765      2D736563 
 2765      74696F6E 
ARM GAS  C:\Users\haoen\AppData\Local\Temp\ccLaEL5c.s 			page 63


 2766              	.LASF56:
 2767 032b 43794465 		.ascii	"CyDelayUs\000"
 2767      6C617955 
 2767      7300
 2768              	.LASF36:
 2769 0335 706C6C4C 		.ascii	"pllLock\000"
 2769      6F636B00 
 2770              	.LASF41:
 2771 033d 6368616E 		.ascii	"channel\000"
 2771      6E656C00 
 2772              	.LASF22:
 2773 0345 63795F63 		.ascii	"cy_cfg_addrvalue_t\000"
 2773      66675F61 
 2773      64647276 
 2773      616C7565 
 2773      5F7400
 2774              	.LASF42:
 2775 0358 414D7578 		.ascii	"AMux_CYAMUXSIDE_A_Unset\000"
 2775      5F435941 
 2775      4D555853 
 2775      4944455F 
 2775      415F556E 
 2776              	.LASF11:
 2777 0370 63686172 		.ascii	"char\000"
 2777      00
 2778              	.LASF39:
 2779 0375 53657441 		.ascii	"SetAnalogRoutingPumps\000"
 2779      6E616C6F 
 2779      67526F75 
 2779      74696E67 
 2779      50756D70 
 2780              	.LASF20:
 2781 038b 6F666673 		.ascii	"offset\000"
 2781      657400
 2782              	.LASF37:
 2783 0392 656E6162 		.ascii	"enabled\000"
 2783      6C656400 
 2784              	.LASF54:
 2785 039a 6D656D73 		.ascii	"memset\000"
 2785      657400
 2786              	.LASF32:
 2787 03a1 4359434F 		.ascii	"CYCONFIGCPY\000"
 2787      4E464947 
 2787      43505900 
 2788              	.LASF59:
 2789 03ad 47656E65 		.ascii	"Generated_Source\\PSoC5\\cyfitter_cfg.c\000"
 2789      72617465 
 2789      645F536F 
 2789      75726365 
 2789      5C50536F 
 2790              	.LASF46:
 2791 03d3 61646472 		.ascii	"address\000"
 2791      65737300 
 2792              	.LASF43:
 2793 03db 414D7578 		.ascii	"AMux_CYAMUXSIDE_B_Set\000"
 2793      5F435941 
 2793      4D555853 
ARM GAS  C:\Users\haoen\AppData\Local\Temp\ccLaEL5c.s 			page 64


 2793      4944455F 
 2793      425F5365 
 2794              	.LASF45:
 2795 03f1 63796669 		.ascii	"cyfitter_cfg\000"
 2795      74746572 
 2795      5F636667 
 2795      00
 2796              		.ident	"GCC: (GNU Tools for ARM Embedded Processors) 5.4.1 20160609 (release) [ARM/embedded-5-bran
