ARM GAS  C:\Users\haoen\AppData\Local\Temp\cciZ6gBk.s 			page 1


   1              		.syntax unified
   2              		.cpu cortex-m3
   3              		.fpu softvfp
   4              		.eabi_attribute 20, 1
   5              		.eabi_attribute 21, 1
   6              		.eabi_attribute 23, 3
   7              		.eabi_attribute 24, 1
   8              		.eabi_attribute 25, 1
   9              		.eabi_attribute 26, 1
  10              		.eabi_attribute 30, 1
  11              		.eabi_attribute 34, 1
  12              		.eabi_attribute 18, 4
  13              		.thumb
  14              		.syntax unified
  15              		.file	"cymetadata.c"
  16              		.text
  17              	.Ltext0:
  18              		.cfi_sections	.debug_frame
  19              		.global	cy_metadata
  20              		.global	cy_meta_flashprotect
  21              		.global	cy_meta_wonvl
  22              		.global	cy_meta_custnvl
  23              		.global	cy_meta_configecc
  24              		.section	.cyconfigecc,"a",%progbits
  25              		.align	2
  26              		.type	cy_meta_configecc, %object
  27              		.size	cy_meta_configecc, 3548
  28              	cy_meta_configecc:
  29 0000 02       		.byte	2
  30 0001 4F       		.byte	79
  31 0002 00       		.byte	0
  32 0003 40       		.byte	64
  33 0004 07       		.byte	7
  34 0005 52       		.byte	82
  35 0006 00       		.byte	0
  36 0007 40       		.byte	64
  37 0008 01       		.byte	1
  38 0009 5B       		.byte	91
  39 000a 00       		.byte	0
  40 000b 40       		.byte	64
  41 000c 07       		.byte	7
  42 000d 64       		.byte	100
  43 000e 00       		.byte	0
  44 000f 40       		.byte	64
  45 0010 01       		.byte	1
  46 0011 65       		.byte	101
  47 0012 00       		.byte	0
  48 0013 40       		.byte	64
  49 0014 04       		.byte	4
  50 0015 00       		.byte	0
  51 0016 01       		.byte	1
  52 0017 40       		.byte	64
  53 0018 04       		.byte	4
  54 0019 01       		.byte	1
  55 001a 01       		.byte	1
  56 001b 40       		.byte	64
  57 001c 3E       		.byte	62
ARM GAS  C:\Users\haoen\AppData\Local\Temp\cciZ6gBk.s 			page 2


  58 001d 02       		.byte	2
  59 001e 01       		.byte	1
  60 001f 40       		.byte	64
  61 0020 38       		.byte	56
  62 0021 03       		.byte	3
  63 0022 01       		.byte	1
  64 0023 40       		.byte	64
  65 0024 48       		.byte	72
  66 0025 04       		.byte	4
  67 0026 01       		.byte	1
  68 0027 40       		.byte	64
  69 0028 4A       		.byte	74
  70 0029 05       		.byte	5
  71 002a 01       		.byte	1
  72 002b 40       		.byte	64
  73 002c 36       		.byte	54
  74 002d 06       		.byte	6
  75 002e 01       		.byte	1
  76 002f 40       		.byte	64
  77 0030 51       		.byte	81
  78 0031 07       		.byte	7
  79 0032 01       		.byte	1
  80 0033 40       		.byte	64
  81 0034 51       		.byte	81
  82 0035 08       		.byte	8
  83 0036 01       		.byte	1
  84 0037 40       		.byte	64
  85 0038 49       		.byte	73
  86 0039 09       		.byte	9
  87 003a 01       		.byte	1
  88 003b 40       		.byte	64
  89 003c 5C       		.byte	92
  90 003d 0A       		.byte	10
  91 003e 01       		.byte	1
  92 003f 40       		.byte	64
  93 0040 49       		.byte	73
  94 0041 0B       		.byte	11
  95 0042 01       		.byte	1
  96 0043 40       		.byte	64
  97 0044 44       		.byte	68
  98 0045 0C       		.byte	12
  99 0046 01       		.byte	1
 100 0047 40       		.byte	64
 101 0048 4D       		.byte	77
 102 0049 0D       		.byte	13
 103 004a 01       		.byte	1
 104 004b 40       		.byte	64
 105 004c 40       		.byte	64
 106 004d 0E       		.byte	14
 107 004e 01       		.byte	1
 108 004f 40       		.byte	64
 109 0050 2E       		.byte	46
 110 0051 0F       		.byte	15
 111 0052 01       		.byte	1
 112 0053 40       		.byte	64
 113 0054 33       		.byte	51
 114 0055 14       		.byte	20
ARM GAS  C:\Users\haoen\AppData\Local\Temp\cciZ6gBk.s 			page 3


 115 0056 01       		.byte	1
 116 0057 40       		.byte	64
 117 0058 50       		.byte	80
 118 0059 15       		.byte	21
 119 005a 01       		.byte	1
 120 005b 40       		.byte	64
 121 005c 41       		.byte	65
 122 005d 16       		.byte	22
 123 005e 01       		.byte	1
 124 005f 40       		.byte	64
 125 0060 52       		.byte	82
 126 0061 17       		.byte	23
 127 0062 01       		.byte	1
 128 0063 40       		.byte	64
 129 0064 42       		.byte	66
 130 0065 18       		.byte	24
 131 0066 01       		.byte	1
 132 0067 40       		.byte	64
 133 0068 4B       		.byte	75
 134 0069 19       		.byte	25
 135 006a 01       		.byte	1
 136 006b 40       		.byte	64
 137 006c 29       		.byte	41
 138 006d 1A       		.byte	26
 139 006e 01       		.byte	1
 140 006f 40       		.byte	64
 141 0070 5C       		.byte	92
 142 0071 1B       		.byte	27
 143 0072 01       		.byte	1
 144 0073 40       		.byte	64
 145 0074 08       		.byte	8
 146 0075 40       		.byte	64
 147 0076 01       		.byte	1
 148 0077 40       		.byte	64
 149 0078 09       		.byte	9
 150 0079 41       		.byte	65
 151 007a 01       		.byte	1
 152 007b 40       		.byte	64
 153 007c 07       		.byte	7
 154 007d 42       		.byte	66
 155 007e 01       		.byte	1
 156 007f 40       		.byte	64
 157 0080 03       		.byte	3
 158 0081 43       		.byte	67
 159 0082 01       		.byte	1
 160 0083 40       		.byte	64
 161 0084 02       		.byte	2
 162 0085 44       		.byte	68
 163 0086 01       		.byte	1
 164 0087 40       		.byte	64
 165 0088 03       		.byte	3
 166 0089 45       		.byte	69
 167 008a 01       		.byte	1
 168 008b 40       		.byte	64
 169 008c 0D       		.byte	13
 170 008d 46       		.byte	70
 171 008e 01       		.byte	1
ARM GAS  C:\Users\haoen\AppData\Local\Temp\cciZ6gBk.s 			page 4


 172 008f 40       		.byte	64
 173 0090 07       		.byte	7
 174 0091 47       		.byte	71
 175 0092 01       		.byte	1
 176 0093 40       		.byte	64
 177 0094 08       		.byte	8
 178 0095 48       		.byte	72
 179 0096 01       		.byte	1
 180 0097 40       		.byte	64
 181 0098 0A       		.byte	10
 182 0099 49       		.byte	73
 183 009a 01       		.byte	1
 184 009b 40       		.byte	64
 185 009c 0A       		.byte	10
 186 009d 4C       		.byte	76
 187 009e 01       		.byte	1
 188 009f 40       		.byte	64
 189 00a0 07       		.byte	7
 190 00a1 4D       		.byte	77
 191 00a2 01       		.byte	1
 192 00a3 40       		.byte	64
 193 00a4 0A       		.byte	10
 194 00a5 50       		.byte	80
 195 00a6 01       		.byte	1
 196 00a7 40       		.byte	64
 197 00a8 02       		.byte	2
 198 00a9 51       		.byte	81
 199 00aa 01       		.byte	1
 200 00ab 40       		.byte	64
 201 00ac 01       		.byte	1
 202 00ad 40       		.byte	64
 203 00ae 0A       		.byte	10
 204 00af 4B       		.byte	75
 205 00b0 00       		.byte	0
 206 00b1 80       		.byte	-128
 207 00b2 08       		.byte	8
 208 00b3 80       		.byte	-128
 209 00b4 18       		.byte	24
 210 00b5 88       		.byte	-120
 211 00b6 60       		.byte	96
 212 00b7 80       		.byte	-128
 213 00b8 61       		.byte	97
 214 00b9 80       		.byte	-128
 215 00ba 78       		.byte	120
 216 00bb 20       		.byte	32
 217 00bc 79       		.byte	121
 218 00bd 08       		.byte	8
 219 00be 27       		.byte	39
 220 00bf 84       		.byte	-124
 221 00c0 83       		.byte	-125
 222 00c1 0F       		.byte	15
 223 00c2 84       		.byte	-124
 224 00c3 0F       		.byte	15
 225 00c4 86       		.byte	-122
 226 00c5 0F       		.byte	15
 227 00c6 88       		.byte	-120
 228 00c7 38       		.byte	56
ARM GAS  C:\Users\haoen\AppData\Local\Temp\cciZ6gBk.s 			page 5


 229 00c8 8B       		.byte	-117
 230 00c9 76       		.byte	118
 231 00ca 8D       		.byte	-115
 232 00cb 38       		.byte	56
 233 00cc 8E       		.byte	-114
 234 00cd 76       		.byte	118
 235 00ce 8B       		.byte	-117
 236 00cf 03       		.byte	3
 237 00d0 39       		.byte	57
 238 00d1 82       		.byte	-126
 239 00d2 3F       		.byte	63
 240 00d3 41       		.byte	65
 241 00d4 59       		.byte	89
 242 00d5 04       		.byte	4
 243 00d6 5F       		.byte	95
 244 00d7 01       		.byte	1
 245 00d8 20       		.byte	32
 246 00d9 01       		.byte	1
 247 00da 21       		.byte	33
 248 00db 02       		.byte	2
 249 00dc 86       		.byte	-122
 250 00dd 10       		.byte	16
 251 00de E2       		.byte	-30
 252 00df 02       		.byte	2
 253 00e0 08       		.byte	8
 254 00e1 01       		.byte	1
 255 00e2 12       		.byte	18
 256 00e3 01       		.byte	1
 257 00e4 1C       		.byte	28
 258 00e5 01       		.byte	1
 259 00e6 22       		.byte	34
 260 00e7 01       		.byte	1
 261 00e8 26       		.byte	38
 262 00e9 01       		.byte	1
 263 00ea 28       		.byte	40
 264 00eb 01       		.byte	1
 265 00ec 2C       		.byte	44
 266 00ed 01       		.byte	1
 267 00ee 36       		.byte	54
 268 00ef 01       		.byte	1
 269 00f0 52       		.byte	82
 270 00f1 03       		.byte	3
 271 00f2 53       		.byte	83
 272 00f3 02       		.byte	2
 273 00f4 58       		.byte	88
 274 00f5 04       		.byte	4
 275 00f6 59       		.byte	89
 276 00f7 04       		.byte	4
 277 00f8 5B       		.byte	91
 278 00f9 04       		.byte	4
 279 00fa 5C       		.byte	92
 280 00fb 33       		.byte	51
 281 00fc 5D       		.byte	93
 282 00fd 30       		.byte	48
 283 00fe 5F       		.byte	95
 284 00ff 01       		.byte	1
 285 0100 81       		.byte	-127
ARM GAS  C:\Users\haoen\AppData\Local\Temp\cciZ6gBk.s 			page 6


 286 0101 10       		.byte	16
 287 0102 85       		.byte	-123
 288 0103 1C       		.byte	28
 289 0104 87       		.byte	-121
 290 0105 22       		.byte	34
 291 0106 89       		.byte	-119
 292 0107 14       		.byte	20
 293 0108 8D       		.byte	-115
 294 0109 40       		.byte	64
 295 010a 94       		.byte	-108
 296 010b 03       		.byte	3
 297 010c 97       		.byte	-105
 298 010d 03       		.byte	3
 299 010e 98       		.byte	-104
 300 010f 03       		.byte	3
 301 0110 9C       		.byte	-100
 302 0111 04       		.byte	4
 303 0112 9D       		.byte	-99
 304 0113 09       		.byte	9
 305 0114 9F       		.byte	-97
 306 0115 10       		.byte	16
 307 0116 A4       		.byte	-92
 308 0117 02       		.byte	2
 309 0118 A5       		.byte	-91
 310 0119 30       		.byte	48
 311 011a A7       		.byte	-89
 312 011b 0C       		.byte	12
 313 011c A9       		.byte	-87
 314 011d 2C       		.byte	44
 315 011e AA       		.byte	-86
 316 011f 01       		.byte	1
 317 0120 AB       		.byte	-85
 318 0121 11       		.byte	17
 319 0122 B2       		.byte	-78
 320 0123 04       		.byte	4
 321 0124 B3       		.byte	-77
 322 0125 1F       		.byte	31
 323 0126 B4       		.byte	-76
 324 0127 03       		.byte	3
 325 0128 B7       		.byte	-73
 326 0129 60       		.byte	96
 327 012a B8       		.byte	-72
 328 012b 20       		.byte	32
 329 012c B9       		.byte	-71
 330 012d 80       		.byte	-128
 331 012e BE       		.byte	-66
 332 012f 14       		.byte	20
 333 0130 C0       		.byte	-64
 334 0131 02       		.byte	2
 335 0132 C7       		.byte	-57
 336 0133 40       		.byte	64
 337 0134 C9       		.byte	-55
 338 0135 FF       		.byte	-1
 339 0136 CA       		.byte	-54
 340 0137 0F       		.byte	15
 341 0138 CB       		.byte	-53
 342 0139 FF       		.byte	-1
ARM GAS  C:\Users\haoen\AppData\Local\Temp\cciZ6gBk.s 			page 7


 343 013a CC       		.byte	-52
 344 013b 40       		.byte	64
 345 013c CD       		.byte	-51
 346 013d 20       		.byte	32
 347 013e CE       		.byte	-50
 348 013f F0       		.byte	-16
 349 0140 CF       		.byte	-49
 350 0141 05       		.byte	5
 351 0142 D0       		.byte	-48
 352 0143 08       		.byte	8
 353 0144 D4       		.byte	-44
 354 0145 01       		.byte	1
 355 0146 D8       		.byte	-40
 356 0147 04       		.byte	4
 357 0148 D9       		.byte	-39
 358 0149 04       		.byte	4
 359 014a DA       		.byte	-38
 360 014b 04       		.byte	4
 361 014c DB       		.byte	-37
 362 014d 04       		.byte	4
 363 014e DC       		.byte	-36
 364 014f 13       		.byte	19
 365 0150 DD       		.byte	-35
 366 0151 51       		.byte	81
 367 0152 DF       		.byte	-33
 368 0153 01       		.byte	1
 369 0154 E0       		.byte	-32
 370 0155 40       		.byte	64
 371 0156 E1       		.byte	-31
 372 0157 A8       		.byte	-88
 373 0158 E2       		.byte	-30
 374 0159 40       		.byte	64
 375 015a E3       		.byte	-29
 376 015b 20       		.byte	32
 377 015c 00       		.byte	0
 378 015d 10       		.byte	16
 379 015e 01       		.byte	1
 380 015f 09       		.byte	9
 381 0160 02       		.byte	2
 382 0161 91       		.byte	-111
 383 0162 03       		.byte	3
 384 0163 50       		.byte	80
 385 0164 04       		.byte	4
 386 0165 10       		.byte	16
 387 0166 08       		.byte	8
 388 0167 14       		.byte	20
 389 0168 0A       		.byte	10
 390 0169 05       		.byte	5
 391 016a 0B       		.byte	11
 392 016b 42       		.byte	66
 393 016c 0C       		.byte	12
 394 016d 40       		.byte	64
 395 016e 0F       		.byte	15
 396 016f 40       		.byte	64
 397 0170 10       		.byte	16
 398 0171 40       		.byte	64
 399 0172 11       		.byte	17
ARM GAS  C:\Users\haoen\AppData\Local\Temp\cciZ6gBk.s 			page 8


 400 0173 80       		.byte	-128
 401 0174 12       		.byte	18
 402 0175 04       		.byte	4
 403 0176 13       		.byte	19
 404 0177 04       		.byte	4
 405 0178 14       		.byte	20
 406 0179 80       		.byte	-128
 407 017a 16       		.byte	22
 408 017b 20       		.byte	32
 409 017c 17       		.byte	23
 410 017d 54       		.byte	84
 411 017e 18       		.byte	24
 412 017f 04       		.byte	4
 413 0180 19       		.byte	25
 414 0181 04       		.byte	4
 415 0182 1F       		.byte	31
 416 0183 80       		.byte	-128
 417 0184 21       		.byte	33
 418 0185 88       		.byte	-120
 419 0186 28       		.byte	40
 420 0187 14       		.byte	20
 421 0188 2C       		.byte	44
 422 0189 40       		.byte	64
 423 018a 2E       		.byte	46
 424 018b 20       		.byte	32
 425 018c 2F       		.byte	47
 426 018d 20       		.byte	32
 427 018e 31       		.byte	49
 428 018f 88       		.byte	-120
 429 0190 34       		.byte	52
 430 0191 80       		.byte	-128
 431 0192 35       		.byte	53
 432 0193 08       		.byte	8
 433 0194 39       		.byte	57
 434 0195 22       		.byte	34
 435 0196 3A       		.byte	58
 436 0197 80       		.byte	-128
 437 0198 3B       		.byte	59
 438 0199 04       		.byte	4
 439 019a 3C       		.byte	60
 440 019b 10       		.byte	16
 441 019c 3D       		.byte	61
 442 019d 01       		.byte	1
 443 019e 40       		.byte	64
 444 019f 04       		.byte	4
 445 01a0 51       		.byte	81
 446 01a1 01       		.byte	1
 447 01a2 52       		.byte	82
 448 01a3 06       		.byte	6
 449 01a4 58       		.byte	88
 450 01a5 20       		.byte	32
 451 01a6 59       		.byte	89
 452 01a7 04       		.byte	4
 453 01a8 5A       		.byte	90
 454 01a9 81       		.byte	-127
 455 01aa 6E       		.byte	110
 456 01ab 10       		.byte	16
ARM GAS  C:\Users\haoen\AppData\Local\Temp\cciZ6gBk.s 			page 9


 457 01ac 6F       		.byte	111
 458 01ad 02       		.byte	2
 459 01ae 82       		.byte	-126
 460 01af 84       		.byte	-124
 461 01b0 8A       		.byte	-118
 462 01b1 80       		.byte	-128
 463 01b2 8B       		.byte	-117
 464 01b3 02       		.byte	2
 465 01b4 9A       		.byte	-102
 466 01b5 10       		.byte	16
 467 01b6 A9       		.byte	-87
 468 01b7 02       		.byte	2
 469 01b8 B4       		.byte	-76
 470 01b9 01       		.byte	1
 471 01ba C0       		.byte	-64
 472 01bb 4F       		.byte	79
 473 01bc C2       		.byte	-62
 474 01bd 9F       		.byte	-97
 475 01be C4       		.byte	-60
 476 01bf FF       		.byte	-1
 477 01c0 CA       		.byte	-54
 478 01c1 E6       		.byte	-26
 479 01c2 CC       		.byte	-52
 480 01c3 5A       		.byte	90
 481 01c4 CE       		.byte	-50
 482 01c5 AF       		.byte	-81
 483 01c6 D0       		.byte	-48
 484 01c7 04       		.byte	4
 485 01c8 D6       		.byte	-42
 486 01c9 0F       		.byte	15
 487 01ca E4       		.byte	-28
 488 01cb 40       		.byte	64
 489 01cc 03       		.byte	3
 490 01cd 01       		.byte	1
 491 01ce 04       		.byte	4
 492 01cf 10       		.byte	16
 493 01d0 06       		.byte	6
 494 01d1 20       		.byte	32
 495 01d2 07       		.byte	7
 496 01d3 01       		.byte	1
 497 01d4 08       		.byte	8
 498 01d5 10       		.byte	16
 499 01d6 0A       		.byte	10
 500 01d7 20       		.byte	32
 501 01d8 0E       		.byte	14
 502 01d9 20       		.byte	32
 503 01da 0F       		.byte	15
 504 01db 01       		.byte	1
 505 01dc 10       		.byte	16
 506 01dd 10       		.byte	16
 507 01de 12       		.byte	18
 508 01df 20       		.byte	32
 509 01e0 14       		.byte	20
 510 01e1 03       		.byte	3
 511 01e2 15       		.byte	21
 512 01e3 01       		.byte	1
 513 01e4 16       		.byte	22
ARM GAS  C:\Users\haoen\AppData\Local\Temp\cciZ6gBk.s 			page 10


 514 01e5 04       		.byte	4
 515 01e6 18       		.byte	24
 516 01e7 03       		.byte	3
 517 01e8 19       		.byte	25
 518 01e9 01       		.byte	1
 519 01ea 1A       		.byte	26
 520 01eb 0C       		.byte	12
 521 01ec 1E       		.byte	30
 522 01ed 08       		.byte	8
 523 01ee 20       		.byte	32
 524 01ef 03       		.byte	3
 525 01f0 22       		.byte	34
 526 01f1 04       		.byte	4
 527 01f2 24       		.byte	36
 528 01f3 0A       		.byte	10
 529 01f4 26       		.byte	38
 530 01f5 04       		.byte	4
 531 01f6 28       		.byte	40
 532 01f7 40       		.byte	64
 533 01f8 2E       		.byte	46
 534 01f9 05       		.byte	5
 535 01fa 30       		.byte	48
 536 01fb 30       		.byte	48
 537 01fc 31       		.byte	49
 538 01fd 01       		.byte	1
 539 01fe 32       		.byte	50
 540 01ff 40       		.byte	64
 541 0200 34       		.byte	52
 542 0201 0F       		.byte	15
 543 0202 38       		.byte	56
 544 0203 02       		.byte	2
 545 0204 3A       		.byte	58
 546 0205 20       		.byte	32
 547 0206 3E       		.byte	62
 548 0207 05       		.byte	5
 549 0208 3F       		.byte	63
 550 0209 01       		.byte	1
 551 020a 54       		.byte	84
 552 020b 01       		.byte	1
 553 020c 58       		.byte	88
 554 020d 04       		.byte	4
 555 020e 59       		.byte	89
 556 020f 04       		.byte	4
 557 0210 5B       		.byte	91
 558 0211 04       		.byte	4
 559 0212 5C       		.byte	92
 560 0213 31       		.byte	49
 561 0214 5D       		.byte	93
 562 0215 10       		.byte	16
 563 0216 5F       		.byte	95
 564 0217 01       		.byte	1
 565 0218 81       		.byte	-127
 566 0219 20       		.byte	32
 567 021a 83       		.byte	-125
 568 021b 05       		.byte	5
 569 021c 85       		.byte	-123
 570 021d 03       		.byte	3
ARM GAS  C:\Users\haoen\AppData\Local\Temp\cciZ6gBk.s 			page 11


 571 021e 86       		.byte	-122
 572 021f 2C       		.byte	44
 573 0220 87       		.byte	-121
 574 0221 04       		.byte	4
 575 0222 88       		.byte	-120
 576 0223 11       		.byte	17
 577 0224 89       		.byte	-119
 578 0225 13       		.byte	19
 579 0226 8A       		.byte	-118
 580 0227 26       		.byte	38
 581 0228 8B       		.byte	-117
 582 0229 0C       		.byte	12
 583 022a 8E       		.byte	-114
 584 022b 08       		.byte	8
 585 022c 94       		.byte	-108
 586 022d 2C       		.byte	44
 587 022e 95       		.byte	-107
 588 022f 13       		.byte	19
 589 0230 96       		.byte	-106
 590 0231 13       		.byte	19
 591 0232 97       		.byte	-105
 592 0233 04       		.byte	4
 593 0234 98       		.byte	-104
 594 0235 11       		.byte	17
 595 0236 99       		.byte	-103
 596 0237 0A       		.byte	10
 597 0238 9A       		.byte	-102
 598 0239 0E       		.byte	14
 599 023a 9B       		.byte	-101
 600 023b 14       		.byte	20
 601 023c 9E       		.byte	-98
 602 023d 13       		.byte	19
 603 023e AA       		.byte	-86
 604 023f 10       		.byte	16
 605 0240 AB       		.byte	-85
 606 0241 08       		.byte	8
 607 0242 B0       		.byte	-80
 608 0243 10       		.byte	16
 609 0244 B2       		.byte	-78
 610 0245 0F       		.byte	15
 611 0246 B3       		.byte	-77
 612 0247 30       		.byte	48
 613 0248 B4       		.byte	-76
 614 0249 2A       		.byte	42
 615 024a B5       		.byte	-75
 616 024b 0F       		.byte	15
 617 024c B9       		.byte	-71
 618 024d 08       		.byte	8
 619 024e BA       		.byte	-70
 620 024f 28       		.byte	40
 621 0250 BB       		.byte	-69
 622 0251 20       		.byte	32
 623 0252 BE       		.byte	-66
 624 0253 01       		.byte	1
 625 0254 D8       		.byte	-40
 626 0255 04       		.byte	4
 627 0256 D9       		.byte	-39
ARM GAS  C:\Users\haoen\AppData\Local\Temp\cciZ6gBk.s 			page 12


 628 0257 04       		.byte	4
 629 0258 DC       		.byte	-36
 630 0259 22       		.byte	34
 631 025a DF       		.byte	-33
 632 025b 01       		.byte	1
 633 025c 00       		.byte	0
 634 025d E0       		.byte	-32
 635 025e 01       		.byte	1
 636 025f 04       		.byte	4
 637 0260 04       		.byte	4
 638 0261 80       		.byte	-128
 639 0262 06       		.byte	6
 640 0263 20       		.byte	32
 641 0264 07       		.byte	7
 642 0265 18       		.byte	24
 643 0266 08       		.byte	8
 644 0267 04       		.byte	4
 645 0268 09       		.byte	9
 646 0269 81       		.byte	-127
 647 026a 0A       		.byte	10
 648 026b 04       		.byte	4
 649 026c 0E       		.byte	14
 650 026d 28       		.byte	40
 651 026e 0F       		.byte	15
 652 026f 02       		.byte	2
 653 0270 11       		.byte	17
 654 0271 41       		.byte	65
 655 0272 12       		.byte	18
 656 0273 04       		.byte	4
 657 0274 13       		.byte	19
 658 0275 24       		.byte	36
 659 0276 16       		.byte	22
 660 0277 08       		.byte	8
 661 0278 19       		.byte	25
 662 0279 04       		.byte	4
 663 027a 1A       		.byte	26
 664 027b 0C       		.byte	12
 665 027c 1B       		.byte	27
 666 027d 02       		.byte	2
 667 027e 1E       		.byte	30
 668 027f 68       		.byte	104
 669 0280 23       		.byte	35
 670 0281 80       		.byte	-128
 671 0282 25       		.byte	37
 672 0283 14       		.byte	20
 673 0284 27       		.byte	39
 674 0285 18       		.byte	24
 675 0286 28       		.byte	40
 676 0287 52       		.byte	82
 677 0288 2A       		.byte	42
 678 0289 10       		.byte	16
 679 028a 2B       		.byte	43
 680 028b 20       		.byte	32
 681 028c 2E       		.byte	46
 682 028d 20       		.byte	32
 683 028e 31       		.byte	49
 684 028f 10       		.byte	16
ARM GAS  C:\Users\haoen\AppData\Local\Temp\cciZ6gBk.s 			page 13


 685 0290 32       		.byte	50
 686 0291 85       		.byte	-123
 687 0292 36       		.byte	54
 688 0293 14       		.byte	20
 689 0294 38       		.byte	56
 690 0295 22       		.byte	34
 691 0296 39       		.byte	57
 692 0297 41       		.byte	65
 693 0298 3A       		.byte	58
 694 0299 80       		.byte	-128
 695 029a 3B       		.byte	59
 696 029b 04       		.byte	4
 697 029c 3D       		.byte	61
 698 029d 20       		.byte	32
 699 029e 3E       		.byte	62
 700 029f 08       		.byte	8
 701 02a0 3F       		.byte	63
 702 02a1 02       		.byte	2
 703 02a2 59       		.byte	89
 704 02a3 04       		.byte	4
 705 02a4 5A       		.byte	90
 706 02a5 20       		.byte	32
 707 02a6 5B       		.byte	91
 708 02a7 81       		.byte	-127
 709 02a8 7C       		.byte	124
 710 02a9 80       		.byte	-128
 711 02aa 7D       		.byte	125
 712 02ab 80       		.byte	-128
 713 02ac 7E       		.byte	126
 714 02ad 01       		.byte	1
 715 02ae 80       		.byte	-128
 716 02af 12       		.byte	18
 717 02b0 83       		.byte	-125
 718 02b1 42       		.byte	66
 719 02b2 85       		.byte	-123
 720 02b3 04       		.byte	4
 721 02b4 88       		.byte	-120
 722 02b5 40       		.byte	64
 723 02b6 8C       		.byte	-116
 724 02b7 95       		.byte	-107
 725 02b8 8E       		.byte	-114
 726 02b9 11       		.byte	17
 727 02ba 92       		.byte	-110
 728 02bb 10       		.byte	16
 729 02bc 94       		.byte	-108
 730 02bd 10       		.byte	16
 731 02be 95       		.byte	-107
 732 02bf 20       		.byte	32
 733 02c0 96       		.byte	-106
 734 02c1 84       		.byte	-124
 735 02c2 97       		.byte	-105
 736 02c3 46       		.byte	70
 737 02c4 9A       		.byte	-102
 738 02c5 90       		.byte	-112
 739 02c6 9C       		.byte	-100
 740 02c7 C4       		.byte	-60
 741 02c8 9E       		.byte	-98
ARM GAS  C:\Users\haoen\AppData\Local\Temp\cciZ6gBk.s 			page 14


 742 02c9 01       		.byte	1
 743 02ca 9F       		.byte	-97
 744 02cb 04       		.byte	4
 745 02cc A1       		.byte	-95
 746 02cd 88       		.byte	-120
 747 02ce A2       		.byte	-94
 748 02cf 02       		.byte	2
 749 02d0 A5       		.byte	-91
 750 02d1 40       		.byte	64
 751 02d2 A6       		.byte	-90
 752 02d3 80       		.byte	-128
 753 02d4 A7       		.byte	-89
 754 02d5 20       		.byte	32
 755 02d6 B0       		.byte	-80
 756 02d7 20       		.byte	32
 757 02d8 B7       		.byte	-73
 758 02d9 80       		.byte	-128
 759 02da C0       		.byte	-64
 760 02db E7       		.byte	-25
 761 02dc C2       		.byte	-62
 762 02dd EF       		.byte	-17
 763 02de C4       		.byte	-60
 764 02df 4F       		.byte	79
 765 02e0 CA       		.byte	-54
 766 02e1 2F       		.byte	47
 767 02e2 CC       		.byte	-52
 768 02e3 6F       		.byte	111
 769 02e4 CE       		.byte	-50
 770 02e5 EF       		.byte	-17
 771 02e6 D6       		.byte	-42
 772 02e7 0F       		.byte	15
 773 02e8 E0       		.byte	-32
 774 02e9 04       		.byte	4
 775 02ea E6       		.byte	-26
 776 02eb 02       		.byte	2
 777 02ec EA       		.byte	-22
 778 02ed 40       		.byte	64
 779 02ee EE       		.byte	-18
 780 02ef 05       		.byte	5
 781 02f0 01       		.byte	1
 782 02f1 10       		.byte	16
 783 02f2 05       		.byte	5
 784 02f3 09       		.byte	9
 785 02f4 07       		.byte	7
 786 02f5 10       		.byte	16
 787 02f6 09       		.byte	9
 788 02f7 10       		.byte	16
 789 02f8 0B       		.byte	11
 790 02f9 0C       		.byte	12
 791 02fa 15       		.byte	21
 792 02fb 0C       		.byte	12
 793 02fc 17       		.byte	23
 794 02fd 11       		.byte	17
 795 02fe 19       		.byte	25
 796 02ff 1C       		.byte	28
 797 0300 1B       		.byte	27
 798 0301 02       		.byte	2
ARM GAS  C:\Users\haoen\AppData\Local\Temp\cciZ6gBk.s 			page 15


 799 0302 1F       		.byte	31
 800 0303 03       		.byte	3
 801 0304 21       		.byte	33
 802 0305 14       		.byte	20
 803 0306 29       		.byte	41
 804 0307 20       		.byte	32
 805 0308 2C       		.byte	44
 806 0309 01       		.byte	1
 807 030a 31       		.byte	49
 808 030b 1F       		.byte	31
 809 030c 35       		.byte	53
 810 030d 20       		.byte	32
 811 030e 36       		.byte	54
 812 030f 01       		.byte	1
 813 0310 3E       		.byte	62
 814 0311 40       		.byte	64
 815 0312 3F       		.byte	63
 816 0313 10       		.byte	16
 817 0314 54       		.byte	84
 818 0315 01       		.byte	1
 819 0316 58       		.byte	88
 820 0317 04       		.byte	4
 821 0318 59       		.byte	89
 822 0319 04       		.byte	4
 823 031a 5B       		.byte	91
 824 031b 04       		.byte	4
 825 031c 5C       		.byte	92
 826 031d 23       		.byte	35
 827 031e 5D       		.byte	93
 828 031f 20       		.byte	32
 829 0320 5F       		.byte	95
 830 0321 01       		.byte	1
 831 0322 82       		.byte	-126
 832 0323 20       		.byte	32
 833 0324 84       		.byte	-124
 834 0325 01       		.byte	1
 835 0326 86       		.byte	-122
 836 0327 0E       		.byte	14
 837 0328 87       		.byte	-121
 838 0329 01       		.byte	1
 839 032a 8A       		.byte	-118
 840 032b 20       		.byte	32
 841 032c 8E       		.byte	-114
 842 032d 20       		.byte	32
 843 032e 92       		.byte	-110
 844 032f 03       		.byte	3
 845 0330 94       		.byte	-108
 846 0331 40       		.byte	64
 847 0332 98       		.byte	-104
 848 0333 01       		.byte	1
 849 0334 9A       		.byte	-102
 850 0335 16       		.byte	22
 851 0336 9B       		.byte	-101
 852 0337 01       		.byte	1
 853 0338 9E       		.byte	-98
 854 0339 1C       		.byte	28
 855 033a A2       		.byte	-94
ARM GAS  C:\Users\haoen\AppData\Local\Temp\cciZ6gBk.s 			page 16


 856 033b 20       		.byte	32
 857 033c A6       		.byte	-90
 858 033d 20       		.byte	32
 859 033e A8       		.byte	-88
 860 033f 1C       		.byte	28
 861 0340 AA       		.byte	-86
 862 0341 03       		.byte	3
 863 0342 AE       		.byte	-82
 864 0343 08       		.byte	8
 865 0344 B0       		.byte	-80
 866 0345 20       		.byte	32
 867 0346 B1       		.byte	-79
 868 0347 01       		.byte	1
 869 0348 B2       		.byte	-78
 870 0349 0F       		.byte	15
 871 034a B4       		.byte	-76
 872 034b 1A       		.byte	26
 873 034c B6       		.byte	-74
 874 034d 40       		.byte	64
 875 034e BA       		.byte	-70
 876 034f 28       		.byte	40
 877 0350 BE       		.byte	-66
 878 0351 41       		.byte	65
 879 0352 BF       		.byte	-65
 880 0353 01       		.byte	1
 881 0354 D8       		.byte	-40
 882 0355 04       		.byte	4
 883 0356 D9       		.byte	-39
 884 0357 04       		.byte	4
 885 0358 DC       		.byte	-36
 886 0359 31       		.byte	49
 887 035a DF       		.byte	-33
 888 035b 01       		.byte	1
 889 035c 00       		.byte	0
 890 035d 60       		.byte	96
 891 035e 02       		.byte	2
 892 035f 10       		.byte	16
 893 0360 03       		.byte	3
 894 0361 80       		.byte	-128
 895 0362 04       		.byte	4
 896 0363 28       		.byte	40
 897 0364 06       		.byte	6
 898 0365 02       		.byte	2
 899 0366 07       		.byte	7
 900 0367 04       		.byte	4
 901 0368 09       		.byte	9
 902 0369 88       		.byte	-120
 903 036a 0A       		.byte	10
 904 036b 04       		.byte	4
 905 036c 0B       		.byte	11
 906 036d 40       		.byte	64
 907 036e 0C       		.byte	12
 908 036f 11       		.byte	17
 909 0370 11       		.byte	17
 910 0371 16       		.byte	22
 911 0372 12       		.byte	18
 912 0373 02       		.byte	2
ARM GAS  C:\Users\haoen\AppData\Local\Temp\cciZ6gBk.s 			page 17


 913 0374 14       		.byte	20
 914 0375 08       		.byte	8
 915 0376 16       		.byte	22
 916 0377 40       		.byte	64
 917 0378 17       		.byte	23
 918 0379 A0       		.byte	-96
 919 037a 19       		.byte	25
 920 037b 50       		.byte	80
 921 037c 1A       		.byte	26
 922 037d 80       		.byte	-128
 923 037e 1B       		.byte	27
 924 037f 04       		.byte	4
 925 0380 1E       		.byte	30
 926 0381 02       		.byte	2
 927 0382 20       		.byte	32
 928 0383 80       		.byte	-128
 929 0384 27       		.byte	39
 930 0385 88       		.byte	-120
 931 0386 28       		.byte	40
 932 0387 18       		.byte	24
 933 0388 2C       		.byte	44
 934 0389 80       		.byte	-128
 935 038a 2E       		.byte	46
 936 038b 20       		.byte	32
 937 038c 30       		.byte	48
 938 038d 21       		.byte	33
 939 038e 31       		.byte	49
 940 038f 01       		.byte	1
 941 0390 32       		.byte	50
 942 0391 84       		.byte	-124
 943 0392 36       		.byte	54
 944 0393 14       		.byte	20
 945 0394 37       		.byte	55
 946 0395 80       		.byte	-128
 947 0396 38       		.byte	56
 948 0397 20       		.byte	32
 949 0398 39       		.byte	57
 950 0399 0A       		.byte	10
 951 039a 3A       		.byte	58
 952 039b 82       		.byte	-126
 953 039c 3B       		.byte	59
 954 039d 40       		.byte	64
 955 039e 3D       		.byte	61
 956 039f 29       		.byte	41
 957 03a0 42       		.byte	66
 958 03a1 02       		.byte	2
 959 03a2 43       		.byte	67
 960 03a3 40       		.byte	64
 961 03a4 5E       		.byte	94
 962 03a5 41       		.byte	65
 963 03a6 5F       		.byte	95
 964 03a7 18       		.byte	24
 965 03a8 63       		.byte	99
 966 03a9 0C       		.byte	12
 967 03aa 64       		.byte	100
 968 03ab 04       		.byte	4
 969 03ac 65       		.byte	101
ARM GAS  C:\Users\haoen\AppData\Local\Temp\cciZ6gBk.s 			page 18


 970 03ad 10       		.byte	16
 971 03ae 66       		.byte	102
 972 03af 18       		.byte	24
 973 03b0 67       		.byte	103
 974 03b1 10       		.byte	16
 975 03b2 79       		.byte	121
 976 03b3 10       		.byte	16
 977 03b4 7B       		.byte	123
 978 03b5 04       		.byte	4
 979 03b6 84       		.byte	-124
 980 03b7 40       		.byte	64
 981 03b8 8E       		.byte	-114
 982 03b9 01       		.byte	1
 983 03ba 8F       		.byte	-113
 984 03bb 01       		.byte	1
 985 03bc 90       		.byte	-112
 986 03bd 40       		.byte	64
 987 03be 91       		.byte	-111
 988 03bf 04       		.byte	4
 989 03c0 92       		.byte	-110
 990 03c1 54       		.byte	84
 991 03c2 94       		.byte	-108
 992 03c3 AA       		.byte	-86
 993 03c4 95       		.byte	-107
 994 03c5 20       		.byte	32
 995 03c6 96       		.byte	-106
 996 03c7 80       		.byte	-128
 997 03c8 97       		.byte	-105
 998 03c9 06       		.byte	6
 999 03ca 9A       		.byte	-102
 1000 03cb 80       		.byte	-128
 1001 03cc 9C       		.byte	-100
 1002 03cd 54       		.byte	84
 1003 03ce 9D       		.byte	-99
 1004 03cf 10       		.byte	16
 1005 03d0 9E       		.byte	-98
 1006 03d1 0C       		.byte	12
 1007 03d2 9F       		.byte	-97
 1008 03d3 44       		.byte	68
 1009 03d4 A0       		.byte	-96
 1010 03d5 10       		.byte	16
 1011 03d6 A1       		.byte	-95
 1012 03d7 9D       		.byte	-99
 1013 03d8 A2       		.byte	-94
 1014 03d9 16       		.byte	22
 1015 03da A6       		.byte	-90
 1016 03db 80       		.byte	-128
 1017 03dc A7       		.byte	-89
 1018 03dd 01       		.byte	1
 1019 03de A9       		.byte	-87
 1020 03df 01       		.byte	1
 1021 03e0 AC       		.byte	-84
 1022 03e1 10       		.byte	16
 1023 03e2 AF       		.byte	-81
 1024 03e3 21       		.byte	33
 1025 03e4 B0       		.byte	-80
 1026 03e5 10       		.byte	16
ARM GAS  C:\Users\haoen\AppData\Local\Temp\cciZ6gBk.s 			page 19


 1027 03e6 B3       		.byte	-77
 1028 03e7 40       		.byte	64
 1029 03e8 C0       		.byte	-64
 1030 03e9 EF       		.byte	-17
 1031 03ea C2       		.byte	-62
 1032 03eb 5F       		.byte	95
 1033 03ec C4       		.byte	-60
 1034 03ed DF       		.byte	-33
 1035 03ee CA       		.byte	-54
 1036 03ef A6       		.byte	-90
 1037 03f0 CC       		.byte	-52
 1038 03f1 7F       		.byte	127
 1039 03f2 CE       		.byte	-50
 1040 03f3 E7       		.byte	-25
 1041 03f4 D6       		.byte	-42
 1042 03f5 F0       		.byte	-16
 1043 03f6 E0       		.byte	-32
 1044 03f7 02       		.byte	2
 1045 03f8 E8       		.byte	-24
 1046 03f9 04       		.byte	4
 1047 03fa EA       		.byte	-22
 1048 03fb 08       		.byte	8
 1049 03fc EE       		.byte	-18
 1050 03fd 01       		.byte	1
 1051 03fe 00       		.byte	0
 1052 03ff 64       		.byte	100
 1053 0400 02       		.byte	2
 1054 0401 92       		.byte	-110
 1055 0402 03       		.byte	3
 1056 0403 E3       		.byte	-29
 1057 0404 04       		.byte	4
 1058 0405 38       		.byte	56
 1059 0406 05       		.byte	5
 1060 0407 0F       		.byte	15
 1061 0408 06       		.byte	6
 1062 0409 07       		.byte	7
 1063 040a 07       		.byte	7
 1064 040b F0       		.byte	-16
 1065 040c 09       		.byte	9
 1066 040d F3       		.byte	-13
 1067 040e 0B       		.byte	11
 1068 040f 0C       		.byte	12
 1069 0410 0C       		.byte	12
 1070 0411 49       		.byte	73
 1071 0412 0D       		.byte	13
 1072 0413 C3       		.byte	-61
 1073 0414 0E       		.byte	14
 1074 0415 B6       		.byte	-74
 1075 0416 10       		.byte	16
 1076 0417 07       		.byte	7
 1077 0418 12       		.byte	18
 1078 0419 38       		.byte	56
 1079 041a 13       		.byte	19
 1080 041b 0C       		.byte	12
 1081 041c 14       		.byte	20
 1082 041d 6D       		.byte	109
 1083 041e 15       		.byte	21
ARM GAS  C:\Users\haoen\AppData\Local\Temp\cciZ6gBk.s 			page 20


 1084 041f 08       		.byte	8
 1085 0420 16       		.byte	22
 1086 0421 92       		.byte	-110
 1087 0422 18       		.byte	24
 1088 0423 6D       		.byte	109
 1089 0424 19       		.byte	25
 1090 0425 04       		.byte	4
 1091 0426 1A       		.byte	26
 1092 0427 92       		.byte	-110
 1093 0428 1C       		.byte	28
 1094 0429 DB       		.byte	-37
 1095 042a 1D       		.byte	29
 1096 042b 0C       		.byte	12
 1097 042c 1E       		.byte	30
 1098 042d 24       		.byte	36
 1099 042e 1F       		.byte	31
 1100 042f F3       		.byte	-13
 1101 0430 25       		.byte	37
 1102 0431 FF       		.byte	-1
 1103 0432 29       		.byte	41
 1104 0433 82       		.byte	-126
 1105 0434 2D       		.byte	45
 1106 0435 41       		.byte	65
 1107 0436 30       		.byte	48
 1108 0437 C0       		.byte	-64
 1109 0438 31       		.byte	49
 1110 0439 C0       		.byte	-64
 1111 043a 32       		.byte	50
 1112 043b 3F       		.byte	63
 1113 043c 33       		.byte	51
 1114 043d 2C       		.byte	44
 1115 043e 35       		.byte	53
 1116 043f 0F       		.byte	15
 1117 0440 37       		.byte	55
 1118 0441 10       		.byte	16
 1119 0442 39       		.byte	57
 1120 0443 80       		.byte	-128
 1121 0444 3A       		.byte	58
 1122 0445 20       		.byte	32
 1123 0446 3B       		.byte	59
 1124 0447 28       		.byte	40
 1125 0448 40       		.byte	64
 1126 0449 36       		.byte	54
 1127 044a 41       		.byte	65
 1128 044b 02       		.byte	2
 1129 044c 45       		.byte	69
 1130 044d CB       		.byte	-53
 1131 044e 47       		.byte	71
 1132 044f 0E       		.byte	14
 1133 0450 48       		.byte	72
 1134 0451 13       		.byte	19
 1135 0452 49       		.byte	73
 1136 0453 FF       		.byte	-1
 1137 0454 4A       		.byte	74
 1138 0455 FF       		.byte	-1
 1139 0456 4B       		.byte	75
 1140 0457 FF       		.byte	-1
ARM GAS  C:\Users\haoen\AppData\Local\Temp\cciZ6gBk.s 			page 21


 1141 0458 4E       		.byte	78
 1142 0459 F0       		.byte	-16
 1143 045a 4F       		.byte	79
 1144 045b 44       		.byte	68
 1145 045c 50       		.byte	80
 1146 045d 0C       		.byte	12
 1147 045e 54       		.byte	84
 1148 045f 18       		.byte	24
 1149 0460 58       		.byte	88
 1150 0461 04       		.byte	4
 1151 0462 59       		.byte	89
 1152 0463 04       		.byte	4
 1153 0464 5A       		.byte	90
 1154 0465 04       		.byte	4
 1155 0466 5B       		.byte	91
 1156 0467 04       		.byte	4
 1157 0468 5C       		.byte	92
 1158 0469 55       		.byte	85
 1159 046a 5D       		.byte	93
 1160 046b 55       		.byte	85
 1161 046c 5F       		.byte	95
 1162 046d 01       		.byte	1
 1163 046e 66       		.byte	102
 1164 046f C0       		.byte	-64
 1165 0470 6A       		.byte	106
 1166 0471 40       		.byte	64
 1167 0472 6B       		.byte	107
 1168 0473 02       		.byte	2
 1169 0474 81       		.byte	-127
 1170 0475 92       		.byte	-110
 1171 0476 83       		.byte	-125
 1172 0477 49       		.byte	73
 1173 0478 89       		.byte	-119
 1174 0479 1C       		.byte	28
 1175 047a 8B       		.byte	-117
 1176 047b E3       		.byte	-29
 1177 047c 8D       		.byte	-115
 1178 047d 6D       		.byte	109
 1179 047e 8F       		.byte	-113
 1180 047f 92       		.byte	-110
 1181 0480 95       		.byte	-107
 1182 0481 B6       		.byte	-74
 1183 0482 97       		.byte	-105
 1184 0483 49       		.byte	73
 1185 0484 99       		.byte	-103
 1186 0485 B6       		.byte	-74
 1187 0486 9B       		.byte	-101
 1188 0487 49       		.byte	73
 1189 0488 A1       		.byte	-95
 1190 0489 24       		.byte	36
 1191 048a A3       		.byte	-93
 1192 048b DB       		.byte	-37
 1193 048c A5       		.byte	-91
 1194 048d E0       		.byte	-32
 1195 048e A7       		.byte	-89
 1196 048f 1C       		.byte	28
 1197 0490 AD       		.byte	-83
ARM GAS  C:\Users\haoen\AppData\Local\Temp\cciZ6gBk.s 			page 22


 1198 0491 03       		.byte	3
 1199 0492 AF       		.byte	-81
 1200 0493 1C       		.byte	28
 1201 0494 B3       		.byte	-77
 1202 0495 FF       		.byte	-1
 1203 0496 BF       		.byte	-65
 1204 0497 04       		.byte	4
 1205 0498 D8       		.byte	-40
 1206 0499 04       		.byte	4
 1207 049a D9       		.byte	-39
 1208 049b 04       		.byte	4
 1209 049c DC       		.byte	-36
 1210 049d 03       		.byte	3
 1211 049e DF       		.byte	-33
 1212 049f 01       		.byte	1
 1213 04a0 01       		.byte	1
 1214 04a1 60       		.byte	96
 1215 04a2 02       		.byte	2
 1216 04a3 80       		.byte	-128
 1217 04a4 04       		.byte	4
 1218 04a5 02       		.byte	2
 1219 04a6 05       		.byte	5
 1220 04a7 04       		.byte	4
 1221 04a8 06       		.byte	6
 1222 04a9 02       		.byte	2
 1223 04aa 08       		.byte	8
 1224 04ab 20       		.byte	32
 1225 04ac 0A       		.byte	10
 1226 04ad 40       		.byte	64
 1227 04ae 0C       		.byte	12
 1228 04af 29       		.byte	41
 1229 04b0 0D       		.byte	13
 1230 04b1 40       		.byte	64
 1231 04b2 10       		.byte	16
 1232 04b3 02       		.byte	2
 1233 04b4 13       		.byte	19
 1234 04b5 02       		.byte	2
 1235 04b6 1D       		.byte	29
 1236 04b7 26       		.byte	38
 1237 04b8 1F       		.byte	31
 1238 04b9 18       		.byte	24
 1239 04ba 20       		.byte	32
 1240 04bb 10       		.byte	16
 1241 04bc 24       		.byte	36
 1242 04bd 28       		.byte	40
 1243 04be 25       		.byte	37
 1244 04bf 14       		.byte	20
 1245 04c0 26       		.byte	38
 1246 04c1 01       		.byte	1
 1247 04c2 27       		.byte	39
 1248 04c3 01       		.byte	1
 1249 04c4 28       		.byte	40
 1250 04c5 01       		.byte	1
 1251 04c6 29       		.byte	41
 1252 04c7 05       		.byte	5
 1253 04c8 2A       		.byte	42
 1254 04c9 02       		.byte	2
ARM GAS  C:\Users\haoen\AppData\Local\Temp\cciZ6gBk.s 			page 23


 1255 04ca 2C       		.byte	44
 1256 04cb 01       		.byte	1
 1257 04cc 2F       		.byte	47
 1258 04cd 18       		.byte	24
 1259 04ce 30       		.byte	48
 1260 04cf 28       		.byte	40
 1261 04d0 31       		.byte	49
 1262 04d1 10       		.byte	16
 1263 04d2 35       		.byte	53
 1264 04d3 01       		.byte	1
 1265 04d4 37       		.byte	55
 1266 04d5 54       		.byte	84
 1267 04d6 38       		.byte	56
 1268 04d7 82       		.byte	-126
 1269 04d8 39       		.byte	57
 1270 04d9 A0       		.byte	-96
 1271 04da 3C       		.byte	60
 1272 04db 80       		.byte	-128
 1273 04dc 3D       		.byte	61
 1274 04dd 2A       		.byte	42
 1275 04de 44       		.byte	68
 1276 04df 10       		.byte	16
 1277 04e0 45       		.byte	69
 1278 04e1 03       		.byte	3
 1279 04e2 46       		.byte	70
 1280 04e3 08       		.byte	8
 1281 04e4 4D       		.byte	77
 1282 04e5 08       		.byte	8
 1283 04e6 4F       		.byte	79
 1284 04e7 22       		.byte	34
 1285 04e8 57       		.byte	87
 1286 04e9 04       		.byte	4
 1287 04ea 5E       		.byte	94
 1288 04eb 02       		.byte	2
 1289 04ec 64       		.byte	100
 1290 04ed 02       		.byte	2
 1291 04ee 67       		.byte	103
 1292 04ef 04       		.byte	4
 1293 04f0 87       		.byte	-121
 1294 04f1 04       		.byte	4
 1295 04f2 88       		.byte	-120
 1296 04f3 40       		.byte	64
 1297 04f4 89       		.byte	-119
 1298 04f5 10       		.byte	16
 1299 04f6 8F       		.byte	-113
 1300 04f7 04       		.byte	4
 1301 04f8 90       		.byte	-112
 1302 04f9 82       		.byte	-126
 1303 04fa 93       		.byte	-109
 1304 04fb 80       		.byte	-128
 1305 04fc 95       		.byte	-107
 1306 04fd 40       		.byte	64
 1307 04fe 96       		.byte	-106
 1308 04ff 44       		.byte	68
 1309 0500 98       		.byte	-104
 1310 0501 90       		.byte	-112
 1311 0502 9A       		.byte	-102
ARM GAS  C:\Users\haoen\AppData\Local\Temp\cciZ6gBk.s 			page 24


 1312 0503 48       		.byte	72
 1313 0504 9B       		.byte	-101
 1314 0505 14       		.byte	20
 1315 0506 9D       		.byte	-99
 1316 0507 28       		.byte	40
 1317 0508 9E       		.byte	-98
 1318 0509 20       		.byte	32
 1319 050a 9F       		.byte	-97
 1320 050b 02       		.byte	2
 1321 050c A0       		.byte	-96
 1322 050d 28       		.byte	40
 1323 050e A2       		.byte	-94
 1324 050f 20       		.byte	32
 1325 0510 A3       		.byte	-93
 1326 0511 10       		.byte	16
 1327 0512 A7       		.byte	-89
 1328 0513 01       		.byte	1
 1329 0514 AB       		.byte	-85
 1330 0515 08       		.byte	8
 1331 0516 AE       		.byte	-82
 1332 0517 08       		.byte	8
 1333 0518 C0       		.byte	-64
 1334 0519 BB       		.byte	-69
 1335 051a C2       		.byte	-62
 1336 051b FA       		.byte	-6
 1337 051c C4       		.byte	-60
 1338 051d 09       		.byte	9
 1339 051e CA       		.byte	-54
 1340 051f 7B       		.byte	123
 1341 0520 CC       		.byte	-52
 1342 0521 F6       		.byte	-10
 1343 0522 CE       		.byte	-50
 1344 0523 FD       		.byte	-3
 1345 0524 D0       		.byte	-48
 1346 0525 60       		.byte	96
 1347 0526 D2       		.byte	-46
 1348 0527 20       		.byte	32
 1349 0528 D6       		.byte	-42
 1350 0529 80       		.byte	-128
 1351 052a D8       		.byte	-40
 1352 052b 30       		.byte	48
 1353 052c E0       		.byte	-32
 1354 052d 10       		.byte	16
 1355 052e E2       		.byte	-30
 1356 052f 40       		.byte	64
 1357 0530 E8       		.byte	-24
 1358 0531 04       		.byte	4
 1359 0532 01       		.byte	1
 1360 0533 03       		.byte	3
 1361 0534 03       		.byte	3
 1362 0535 1C       		.byte	28
 1363 0536 05       		.byte	5
 1364 0537 B6       		.byte	-74
 1365 0538 06       		.byte	6
 1366 0539 04       		.byte	4
 1367 053a 07       		.byte	7
 1368 053b 49       		.byte	73
ARM GAS  C:\Users\haoen\AppData\Local\Temp\cciZ6gBk.s 			page 25


 1369 053c 09       		.byte	9
 1370 053d B6       		.byte	-74
 1371 053e 0B       		.byte	11
 1372 053f 49       		.byte	73
 1373 0540 0D       		.byte	13
 1374 0541 92       		.byte	-110
 1375 0542 0E       		.byte	14
 1376 0543 04       		.byte	4
 1377 0544 0F       		.byte	15
 1378 0545 49       		.byte	73
 1379 0546 10       		.byte	16
 1380 0547 01       		.byte	1
 1381 0548 12       		.byte	18
 1382 0549 02       		.byte	2
 1383 054a 14       		.byte	20
 1384 054b 01       		.byte	1
 1385 054c 15       		.byte	21
 1386 054d E0       		.byte	-32
 1387 054e 16       		.byte	22
 1388 054f 02       		.byte	2
 1389 0550 17       		.byte	23
 1390 0551 1C       		.byte	28
 1391 0552 19       		.byte	25
 1392 0553 1C       		.byte	28
 1393 0554 1B       		.byte	27
 1394 0555 E3       		.byte	-29
 1395 0556 1D       		.byte	29
 1396 0557 6D       		.byte	109
 1397 0558 1F       		.byte	31
 1398 0559 92       		.byte	-110
 1399 055a 20       		.byte	32
 1400 055b 03       		.byte	3
 1401 055c 24       		.byte	36
 1402 055d 01       		.byte	1
 1403 055e 26       		.byte	38
 1404 055f 02       		.byte	2
 1405 0560 28       		.byte	40
 1406 0561 01       		.byte	1
 1407 0562 29       		.byte	41
 1408 0563 24       		.byte	36
 1409 0564 2A       		.byte	42
 1410 0565 02       		.byte	2
 1411 0566 2B       		.byte	43
 1412 0567 DB       		.byte	-37
 1413 0568 31       		.byte	49
 1414 0569 FF       		.byte	-1
 1415 056a 34       		.byte	52
 1416 056b 04       		.byte	4
 1417 056c 36       		.byte	54
 1418 056d 03       		.byte	3
 1419 056e 3E       		.byte	62
 1420 056f 10       		.byte	16
 1421 0570 3F       		.byte	63
 1422 0571 01       		.byte	1
 1423 0572 58       		.byte	88
 1424 0573 04       		.byte	4
 1425 0574 59       		.byte	89
ARM GAS  C:\Users\haoen\AppData\Local\Temp\cciZ6gBk.s 			page 26


 1426 0575 04       		.byte	4
 1427 0576 5C       		.byte	92
 1428 0577 02       		.byte	2
 1429 0578 5F       		.byte	95
 1430 0579 01       		.byte	1
 1431 057a 82       		.byte	-126
 1432 057b 80       		.byte	-128
 1433 057c 85       		.byte	-123
 1434 057d 60       		.byte	96
 1435 057e 87       		.byte	-121
 1436 057f 8F       		.byte	-113
 1437 0580 88       		.byte	-120
 1438 0581 8A       		.byte	-118
 1439 0582 89       		.byte	-119
 1440 0583 E6       		.byte	-26
 1441 0584 8A       		.byte	-118
 1442 0585 55       		.byte	85
 1443 0586 8B       		.byte	-117
 1444 0587 11       		.byte	17
 1445 0588 8E       		.byte	-114
 1446 0589 88       		.byte	-120
 1447 058a 93       		.byte	-109
 1448 058b 01       		.byte	1
 1449 058c 94       		.byte	-108
 1450 058d 20       		.byte	32
 1451 058e 96       		.byte	-106
 1452 058f 45       		.byte	69
 1453 0590 98       		.byte	-104
 1454 0591 03       		.byte	3
 1455 0592 9A       		.byte	-102
 1456 0593 5C       		.byte	92
 1457 0594 9B       		.byte	-101
 1458 0595 18       		.byte	24
 1459 0596 9C       		.byte	-100
 1460 0597 02       		.byte	2
 1461 0598 9E       		.byte	-98
 1462 0599 04       		.byte	4
 1463 059a A1       		.byte	-95
 1464 059b 80       		.byte	-128
 1465 059c A3       		.byte	-93
 1466 059d 04       		.byte	4
 1467 059e A5       		.byte	-91
 1468 059f A0       		.byte	-96
 1469 05a0 A8       		.byte	-88
 1470 05a1 03       		.byte	3
 1471 05a2 A9       		.byte	-87
 1472 05a3 80       		.byte	-128
 1473 05a4 AA       		.byte	-86
 1474 05a5 D4       		.byte	-44
 1475 05a6 AB       		.byte	-85
 1476 05a7 63       		.byte	99
 1477 05a8 AD       		.byte	-83
 1478 05a9 48       		.byte	72
 1479 05aa AF       		.byte	-81
 1480 05ab 86       		.byte	-122
 1481 05ac B0       		.byte	-80
 1482 05ad 30       		.byte	48
ARM GAS  C:\Users\haoen\AppData\Local\Temp\cciZ6gBk.s 			page 27


 1483 05ae B2       		.byte	-78
 1484 05af 0F       		.byte	15
 1485 05b0 B3       		.byte	-77
 1486 05b1 07       		.byte	7
 1487 05b2 B4       		.byte	-76
 1488 05b3 C9       		.byte	-55
 1489 05b4 B5       		.byte	-75
 1490 05b5 F8       		.byte	-8
 1491 05b6 B8       		.byte	-72
 1492 05b7 02       		.byte	2
 1493 05b8 BA       		.byte	-70
 1494 05b9 28       		.byte	40
 1495 05ba BB       		.byte	-69
 1496 05bb 08       		.byte	8
 1497 05bc C0       		.byte	-64
 1498 05bd 01       		.byte	1
 1499 05be C5       		.byte	-59
 1500 05bf 40       		.byte	64
 1501 05c0 C9       		.byte	-55
 1502 05c1 FF       		.byte	-1
 1503 05c2 CA       		.byte	-54
 1504 05c3 0F       		.byte	15
 1505 05c4 CB       		.byte	-53
 1506 05c5 FF       		.byte	-1
 1507 05c6 CC       		.byte	-52
 1508 05c7 40       		.byte	64
 1509 05c8 CD       		.byte	-51
 1510 05c9 20       		.byte	32
 1511 05ca CE       		.byte	-50
 1512 05cb F0       		.byte	-16
 1513 05cc CF       		.byte	-49
 1514 05cd 05       		.byte	5
 1515 05ce D0       		.byte	-48
 1516 05cf 08       		.byte	8
 1517 05d0 D6       		.byte	-42
 1518 05d1 02       		.byte	2
 1519 05d2 D7       		.byte	-41
 1520 05d3 12       		.byte	18
 1521 05d4 D8       		.byte	-40
 1522 05d5 04       		.byte	4
 1523 05d6 D9       		.byte	-39
 1524 05d7 04       		.byte	4
 1525 05d8 DA       		.byte	-38
 1526 05d9 04       		.byte	4
 1527 05da DB       		.byte	-37
 1528 05db 04       		.byte	4
 1529 05dc DC       		.byte	-36
 1530 05dd 55       		.byte	85
 1531 05de DD       		.byte	-35
 1532 05df 55       		.byte	85
 1533 05e0 DF       		.byte	-33
 1534 05e1 01       		.byte	1
 1535 05e2 E0       		.byte	-32
 1536 05e3 40       		.byte	64
 1537 05e4 E1       		.byte	-31
 1538 05e5 A8       		.byte	-88
 1539 05e6 E2       		.byte	-30
ARM GAS  C:\Users\haoen\AppData\Local\Temp\cciZ6gBk.s 			page 28


 1540 05e7 40       		.byte	64
 1541 05e8 E3       		.byte	-29
 1542 05e9 20       		.byte	32
 1543 05ea 00       		.byte	0
 1544 05eb 88       		.byte	-120
 1545 05ec 04       		.byte	4
 1546 05ed 60       		.byte	96
 1547 05ee 05       		.byte	5
 1548 05ef 02       		.byte	2
 1549 05f0 08       		.byte	8
 1550 05f1 04       		.byte	4
 1551 05f2 0B       		.byte	11
 1552 05f3 40       		.byte	64
 1553 05f4 0C       		.byte	12
 1554 05f5 10       		.byte	16
 1555 05f6 0F       		.byte	15
 1556 05f7 22       		.byte	34
 1557 05f8 10       		.byte	16
 1558 05f9 80       		.byte	-128
 1559 05fa 11       		.byte	17
 1560 05fb 10       		.byte	16
 1561 05fc 13       		.byte	19
 1562 05fd 04       		.byte	4
 1563 05fe 16       		.byte	22
 1564 05ff 08       		.byte	8
 1565 0600 18       		.byte	24
 1566 0601 04       		.byte	4
 1567 0602 19       		.byte	25
 1568 0603 40       		.byte	64
 1569 0604 1C       		.byte	28
 1570 0605 40       		.byte	64
 1571 0606 1F       		.byte	31
 1572 0607 1A       		.byte	26
 1573 0608 22       		.byte	34
 1574 0609 01       		.byte	1
 1575 060a 24       		.byte	36
 1576 060b 30       		.byte	48
 1577 060c 26       		.byte	38
 1578 060d 38       		.byte	56
 1579 060e 28       		.byte	40
 1580 060f 04       		.byte	4
 1581 0610 29       		.byte	41
 1582 0611 10       		.byte	16
 1583 0612 2D       		.byte	45
 1584 0613 0A       		.byte	10
 1585 0614 2F       		.byte	47
 1586 0615 0A       		.byte	10
 1587 0616 30       		.byte	48
 1588 0617 80       		.byte	-128
 1589 0618 32       		.byte	50
 1590 0619 14       		.byte	20
 1591 061a 36       		.byte	54
 1592 061b 12       		.byte	18
 1593 061c 39       		.byte	57
 1594 061d 99       		.byte	-103
 1595 061e 3B       		.byte	59
 1596 061f 44       		.byte	68
ARM GAS  C:\Users\haoen\AppData\Local\Temp\cciZ6gBk.s 			page 29


 1597 0620 3C       		.byte	60
 1598 0621 10       		.byte	16
 1599 0622 3E       		.byte	62
 1600 0623 08       		.byte	8
 1601 0624 46       		.byte	70
 1602 0625 01       		.byte	1
 1603 0626 4D       		.byte	77
 1604 0627 02       		.byte	2
 1605 0628 56       		.byte	86
 1606 0629 10       		.byte	16
 1607 062a 57       		.byte	87
 1608 062b 10       		.byte	16
 1609 062c 5E       		.byte	94
 1610 062d 04       		.byte	4
 1611 062e 6C       		.byte	108
 1612 062f 69       		.byte	105
 1613 0630 76       		.byte	118
 1614 0631 40       		.byte	64
 1615 0632 77       		.byte	119
 1616 0633 14       		.byte	20
 1617 0634 78       		.byte	120
 1618 0635 10       		.byte	16
 1619 0636 7B       		.byte	123
 1620 0637 08       		.byte	8
 1621 0638 82       		.byte	-126
 1622 0639 01       		.byte	1
 1623 063a 86       		.byte	-122
 1624 063b 08       		.byte	8
 1625 063c 87       		.byte	-121
 1626 063d 10       		.byte	16
 1627 063e 8A       		.byte	-118
 1628 063f 12       		.byte	18
 1629 0640 8F       		.byte	-113
 1630 0641 40       		.byte	64
 1631 0642 91       		.byte	-111
 1632 0643 99       		.byte	-103
 1633 0644 92       		.byte	-110
 1634 0645 28       		.byte	40
 1635 0646 93       		.byte	-109
 1636 0647 80       		.byte	-128
 1637 0648 94       		.byte	-108
 1638 0649 04       		.byte	4
 1639 064a 95       		.byte	-107
 1640 064b 40       		.byte	64
 1641 064c 96       		.byte	-106
 1642 064d 42       		.byte	66
 1643 064e 98       		.byte	-104
 1644 064f 80       		.byte	-128
 1645 0650 99       		.byte	-103
 1646 0651 10       		.byte	16
 1647 0652 9D       		.byte	-99
 1648 0653 60       		.byte	96
 1649 0654 9E       		.byte	-98
 1650 0655 20       		.byte	32
 1651 0656 9F       		.byte	-97
 1652 0657 42       		.byte	66
 1653 0658 A0       		.byte	-96
ARM GAS  C:\Users\haoen\AppData\Local\Temp\cciZ6gBk.s 			page 30


 1654 0659 C4       		.byte	-60
 1655 065a A7       		.byte	-89
 1656 065b 01       		.byte	1
 1657 065c AB       		.byte	-85
 1658 065d 80       		.byte	-128
 1659 065e B3       		.byte	-77
 1660 065f 13       		.byte	19
 1661 0660 B5       		.byte	-75
 1662 0661 10       		.byte	16
 1663 0662 B7       		.byte	-73
 1664 0663 01       		.byte	1
 1665 0664 C0       		.byte	-64
 1666 0665 D5       		.byte	-43
 1667 0666 C2       		.byte	-62
 1668 0667 EC       		.byte	-20
 1669 0668 C4       		.byte	-60
 1670 0669 4E       		.byte	78
 1671 066a CA       		.byte	-54
 1672 066b F4       		.byte	-12
 1673 066c CC       		.byte	-52
 1674 066d AE       		.byte	-82
 1675 066e CE       		.byte	-50
 1676 066f 6F       		.byte	111
 1677 0670 D0       		.byte	-48
 1678 0671 10       		.byte	16
 1679 0672 D6       		.byte	-42
 1680 0673 40       		.byte	64
 1681 0674 E0       		.byte	-32
 1682 0675 10       		.byte	16
 1683 0676 E6       		.byte	-26
 1684 0677 20       		.byte	32
 1685 0678 EA       		.byte	-22
 1686 0679 80       		.byte	-128
 1687 067a EE       		.byte	-18
 1688 067b 01       		.byte	1
 1689 067c 07       		.byte	7
 1690 067d 08       		.byte	8
 1691 067e 0B       		.byte	11
 1692 067f 10       		.byte	16
 1693 0680 13       		.byte	19
 1694 0681 02       		.byte	2
 1695 0682 14       		.byte	20
 1696 0683 01       		.byte	1
 1697 0684 17       		.byte	23
 1698 0685 04       		.byte	4
 1699 0686 1B       		.byte	27
 1700 0687 01       		.byte	1
 1701 0688 1F       		.byte	31
 1702 0689 04       		.byte	4
 1703 068a 21       		.byte	33
 1704 068b 01       		.byte	1
 1705 068c 27       		.byte	39
 1706 068d 10       		.byte	16
 1707 068e 2A       		.byte	42
 1708 068f 03       		.byte	3
 1709 0690 31       		.byte	49
 1710 0691 0C       		.byte	12
ARM GAS  C:\Users\haoen\AppData\Local\Temp\cciZ6gBk.s 			page 31


 1711 0692 32       		.byte	50
 1712 0693 02       		.byte	2
 1713 0694 33       		.byte	51
 1714 0695 03       		.byte	3
 1715 0696 36       		.byte	54
 1716 0697 01       		.byte	1
 1717 0698 37       		.byte	55
 1718 0699 10       		.byte	16
 1719 069a 3F       		.byte	63
 1720 069b 41       		.byte	65
 1721 069c 56       		.byte	86
 1722 069d 08       		.byte	8
 1723 069e 58       		.byte	88
 1724 069f 0F       		.byte	15
 1725 06a0 59       		.byte	89
 1726 06a1 04       		.byte	4
 1727 06a2 5B       		.byte	91
 1728 06a3 04       		.byte	4
 1729 06a4 5C       		.byte	92
 1730 06a5 93       		.byte	-109
 1731 06a6 5D       		.byte	93
 1732 06a7 90       		.byte	-112
 1733 06a8 5F       		.byte	95
 1734 06a9 01       		.byte	1
 1735 06aa 80       		.byte	-128
 1736 06ab 21       		.byte	33
 1737 06ac 81       		.byte	-127
 1738 06ad 01       		.byte	1
 1739 06ae 83       		.byte	-125
 1740 06af 80       		.byte	-128
 1741 06b0 84       		.byte	-124
 1742 06b1 63       		.byte	99
 1743 06b2 85       		.byte	-123
 1744 06b3 08       		.byte	8
 1745 06b4 88       		.byte	-120
 1746 06b5 7F       		.byte	127
 1747 06b6 89       		.byte	-119
 1748 06b7 10       		.byte	16
 1749 06b8 8C       		.byte	-116
 1750 06b9 1C       		.byte	28
 1751 06ba 8E       		.byte	-114
 1752 06bb 63       		.byte	99
 1753 06bc 8F       		.byte	-113
 1754 06bd 01       		.byte	1
 1755 06be 90       		.byte	-112
 1756 06bf 0F       		.byte	15
 1757 06c0 91       		.byte	-111
 1758 06c1 19       		.byte	25
 1759 06c2 92       		.byte	-110
 1760 06c3 70       		.byte	112
 1761 06c4 93       		.byte	-109
 1762 06c5 64       		.byte	100
 1763 06c6 94       		.byte	-108
 1764 06c7 73       		.byte	115
 1765 06c8 95       		.byte	-107
 1766 06c9 7F       		.byte	127
 1767 06ca 96       		.byte	-106
ARM GAS  C:\Users\haoen\AppData\Local\Temp\cciZ6gBk.s 			page 32


 1768 06cb 0C       		.byte	12
 1769 06cc 98       		.byte	-104
 1770 06cd 42       		.byte	66
 1771 06ce 9B       		.byte	-101
 1772 06cf 18       		.byte	24
 1773 06d0 9D       		.byte	-99
 1774 06d1 19       		.byte	25
 1775 06d2 9E       		.byte	-98
 1776 06d3 0C       		.byte	12
 1777 06d4 9F       		.byte	-97
 1778 06d5 62       		.byte	98
 1779 06d6 A4       		.byte	-92
 1780 06d7 08       		.byte	8
 1781 06d8 A8       		.byte	-88
 1782 06d9 04       		.byte	4
 1783 06da A9       		.byte	-87
 1784 06db 67       		.byte	103
 1785 06dc AB       		.byte	-85
 1786 06dd 18       		.byte	24
 1787 06de AE       		.byte	-82
 1788 06df 73       		.byte	115
 1789 06e0 AF       		.byte	-81
 1790 06e1 46       		.byte	70
 1791 06e2 B0       		.byte	-80
 1792 06e3 60       		.byte	96
 1793 06e4 B1       		.byte	-79
 1794 06e5 80       		.byte	-128
 1795 06e6 B2       		.byte	-78
 1796 06e7 0F       		.byte	15
 1797 06e8 B3       		.byte	-77
 1798 06e9 1F       		.byte	31
 1799 06ea B4       		.byte	-76
 1800 06eb 1C       		.byte	28
 1801 06ec B5       		.byte	-75
 1802 06ed 20       		.byte	32
 1803 06ee B7       		.byte	-73
 1804 06ef 58       		.byte	88
 1805 06f0 B9       		.byte	-71
 1806 06f1 20       		.byte	32
 1807 06f2 BA       		.byte	-70
 1808 06f3 08       		.byte	8
 1809 06f4 BB       		.byte	-69
 1810 06f5 88       		.byte	-120
 1811 06f6 D4       		.byte	-44
 1812 06f7 18       		.byte	24
 1813 06f8 D8       		.byte	-40
 1814 06f9 04       		.byte	4
 1815 06fa D9       		.byte	-39
 1816 06fb 04       		.byte	4
 1817 06fc DB       		.byte	-37
 1818 06fd 04       		.byte	4
 1819 06fe DC       		.byte	-36
 1820 06ff 22       		.byte	34
 1821 0700 DD       		.byte	-35
 1822 0701 20       		.byte	32
 1823 0702 DF       		.byte	-33
 1824 0703 01       		.byte	1
ARM GAS  C:\Users\haoen\AppData\Local\Temp\cciZ6gBk.s 			page 33


 1825 0704 01       		.byte	1
 1826 0705 05       		.byte	5
 1827 0706 02       		.byte	2
 1828 0707 80       		.byte	-128
 1829 0708 03       		.byte	3
 1830 0709 0A       		.byte	10
 1831 070a 0A       		.byte	10
 1832 070b 98       		.byte	-104
 1833 070c 0B       		.byte	11
 1834 070d 02       		.byte	2
 1835 070e 0E       		.byte	14
 1836 070f 20       		.byte	32
 1837 0710 10       		.byte	16
 1838 0711 01       		.byte	1
 1839 0712 12       		.byte	18
 1840 0713 14       		.byte	20
 1841 0714 17       		.byte	23
 1842 0715 10       		.byte	16
 1843 0716 19       		.byte	25
 1844 0717 02       		.byte	2
 1845 0718 1A       		.byte	26
 1846 0719 10       		.byte	16
 1847 071a 1B       		.byte	27
 1848 071b 24       		.byte	36
 1849 071c 1E       		.byte	30
 1850 071d 20       		.byte	32
 1851 071e 1F       		.byte	31
 1852 071f 80       		.byte	-128
 1853 0720 20       		.byte	32
 1854 0721 08       		.byte	8
 1855 0722 22       		.byte	34
 1856 0723 40       		.byte	64
 1857 0724 23       		.byte	35
 1858 0725 50       		.byte	80
 1859 0726 24       		.byte	36
 1860 0727 40       		.byte	64
 1861 0728 25       		.byte	37
 1862 0729 80       		.byte	-128
 1863 072a 27       		.byte	39
 1864 072b 10       		.byte	16
 1865 072c 28       		.byte	40
 1866 072d 81       		.byte	-127
 1867 072e 29       		.byte	41
 1868 072f 40       		.byte	64
 1869 0730 2B       		.byte	43
 1870 0731 84       		.byte	-124
 1871 0732 2F       		.byte	47
 1872 0733 B0       		.byte	-80
 1873 0734 31       		.byte	49
 1874 0735 10       		.byte	16
 1875 0736 32       		.byte	50
 1876 0737 40       		.byte	64
 1877 0738 33       		.byte	51
 1878 0739 0A       		.byte	10
 1879 073a 34       		.byte	52
 1880 073b 02       		.byte	2
 1881 073c 36       		.byte	54
ARM GAS  C:\Users\haoen\AppData\Local\Temp\cciZ6gBk.s 			page 34


 1882 073d 88       		.byte	-120
 1883 073e 37       		.byte	55
 1884 073f 10       		.byte	16
 1885 0740 38       		.byte	56
 1886 0741 28       		.byte	40
 1887 0742 39       		.byte	57
 1888 0743 01       		.byte	1
 1889 0744 3A       		.byte	58
 1890 0745 14       		.byte	20
 1891 0746 3B       		.byte	59
 1892 0747 40       		.byte	64
 1893 0748 3C       		.byte	60
 1894 0749 20       		.byte	32
 1895 074a 3D       		.byte	61
 1896 074b 04       		.byte	4
 1897 074c 3F       		.byte	63
 1898 074d 04       		.byte	4
 1899 074e 59       		.byte	89
 1900 074f 02       		.byte	2
 1901 0750 5D       		.byte	93
 1902 0751 80       		.byte	-128
 1903 0752 60       		.byte	96
 1904 0753 04       		.byte	4
 1905 0754 61       		.byte	97
 1906 0755 80       		.byte	-128
 1907 0756 64       		.byte	100
 1908 0757 02       		.byte	2
 1909 0758 7F       		.byte	127
 1910 0759 40       		.byte	64
 1911 075a 80       		.byte	-128
 1912 075b 08       		.byte	8
 1913 075c 82       		.byte	-126
 1914 075d 80       		.byte	-128
 1915 075e 8A       		.byte	-118
 1916 075f 02       		.byte	2
 1917 0760 8B       		.byte	-117
 1918 0761 40       		.byte	64
 1919 0762 8D       		.byte	-115
 1920 0763 80       		.byte	-128
 1921 0764 90       		.byte	-112
 1922 0765 28       		.byte	40
 1923 0766 91       		.byte	-111
 1924 0767 98       		.byte	-104
 1925 0768 92       		.byte	-110
 1926 0769 28       		.byte	40
 1927 076a 93       		.byte	-109
 1928 076b 04       		.byte	4
 1929 076c 94       		.byte	-108
 1930 076d 40       		.byte	64
 1931 076e 95       		.byte	-107
 1932 076f 40       		.byte	64
 1933 0770 96       		.byte	-106
 1934 0771 D2       		.byte	-46
 1935 0772 97       		.byte	-105
 1936 0773 32       		.byte	50
 1937 0774 99       		.byte	-103
 1938 0775 10       		.byte	16
ARM GAS  C:\Users\haoen\AppData\Local\Temp\cciZ6gBk.s 			page 35


 1939 0776 9C       		.byte	-100
 1940 0777 08       		.byte	8
 1941 0778 9D       		.byte	-99
 1942 0779 60       		.byte	96
 1943 077a 9E       		.byte	-98
 1944 077b 22       		.byte	34
 1945 077c 9F       		.byte	-97
 1946 077d 42       		.byte	66
 1947 077e A0       		.byte	-96
 1948 077f D0       		.byte	-48
 1949 0780 A2       		.byte	-94
 1950 0781 08       		.byte	8
 1951 0782 A3       		.byte	-93
 1952 0783 08       		.byte	8
 1953 0784 C0       		.byte	-64
 1954 0785 0F       		.byte	15
 1955 0786 C2       		.byte	-62
 1956 0787 2F       		.byte	47
 1957 0788 C4       		.byte	-60
 1958 0789 47       		.byte	71
 1959 078a CA       		.byte	-54
 1960 078b CC       		.byte	-52
 1961 078c CC       		.byte	-52
 1962 078d FF       		.byte	-1
 1963 078e CE       		.byte	-50
 1964 078f 6F       		.byte	111
 1965 0790 D6       		.byte	-42
 1966 0791 11       		.byte	17
 1967 0792 D8       		.byte	-40
 1968 0793 1C       		.byte	28
 1969 0794 DE       		.byte	-34
 1970 0795 80       		.byte	-128
 1971 0796 E0       		.byte	-32
 1972 0797 80       		.byte	-128
 1973 0798 E4       		.byte	-28
 1974 0799 C0       		.byte	-64
 1975 079a E6       		.byte	-26
 1976 079b 04       		.byte	4
 1977 079c EC       		.byte	-20
 1978 079d 10       		.byte	16
 1979 079e 01       		.byte	1
 1980 079f 25       		.byte	37
 1981 07a0 03       		.byte	3
 1982 07a1 D8       		.byte	-40
 1983 07a2 04       		.byte	4
 1984 07a3 01       		.byte	1
 1985 07a4 05       		.byte	5
 1986 07a5 B5       		.byte	-75
 1987 07a6 07       		.byte	7
 1988 07a7 48       		.byte	72
 1989 07a8 09       		.byte	9
 1990 07a9 B5       		.byte	-75
 1991 07aa 0B       		.byte	11
 1992 07ab 48       		.byte	72
 1993 07ac 0D       		.byte	13
 1994 07ad 90       		.byte	-112
 1995 07ae 0F       		.byte	15
ARM GAS  C:\Users\haoen\AppData\Local\Temp\cciZ6gBk.s 			page 36


 1996 07af 48       		.byte	72
 1997 07b0 10       		.byte	16
 1998 07b1 01       		.byte	1
 1999 07b2 13       		.byte	19
 2000 07b3 02       		.byte	2
 2001 07b4 14       		.byte	20
 2002 07b5 01       		.byte	1
 2003 07b6 15       		.byte	21
 2004 07b7 E0       		.byte	-32
 2005 07b8 17       		.byte	23
 2006 07b9 1C       		.byte	28
 2007 07ba 1B       		.byte	27
 2008 07bb 01       		.byte	1
 2009 07bc 1C       		.byte	28
 2010 07bd 02       		.byte	2
 2011 07be 1D       		.byte	29
 2012 07bf 6D       		.byte	109
 2013 07c0 1F       		.byte	31
 2014 07c1 90       		.byte	-112
 2015 07c2 28       		.byte	40
 2016 07c3 01       		.byte	1
 2017 07c4 29       		.byte	41
 2018 07c5 1D       		.byte	29
 2019 07c6 2B       		.byte	43
 2020 07c7 E0       		.byte	-32
 2021 07c8 2C       		.byte	44
 2022 07c9 02       		.byte	2
 2023 07ca 30       		.byte	48
 2024 07cb 01       		.byte	1
 2025 07cc 33       		.byte	51
 2026 07cd FC       		.byte	-4
 2027 07ce 34       		.byte	52
 2028 07cf 03       		.byte	3
 2029 07d0 35       		.byte	53
 2030 07d1 03       		.byte	3
 2031 07d2 38       		.byte	56
 2032 07d3 20       		.byte	32
 2033 07d4 3A       		.byte	58
 2034 07d5 08       		.byte	8
 2035 07d6 3E       		.byte	62
 2036 07d7 01       		.byte	1
 2037 07d8 40       		.byte	64
 2038 07d9 35       		.byte	53
 2039 07da 41       		.byte	65
 2040 07db 02       		.byte	2
 2041 07dc 42       		.byte	66
 2042 07dd 06       		.byte	6
 2043 07de 44       		.byte	68
 2044 07df 04       		.byte	4
 2045 07e0 45       		.byte	69
 2046 07e1 EC       		.byte	-20
 2047 07e2 48       		.byte	72
 2048 07e3 03       		.byte	3
 2049 07e4 49       		.byte	73
 2050 07e5 FF       		.byte	-1
 2051 07e6 4A       		.byte	74
 2052 07e7 FF       		.byte	-1
ARM GAS  C:\Users\haoen\AppData\Local\Temp\cciZ6gBk.s 			page 37


 2053 07e8 4B       		.byte	75
 2054 07e9 FF       		.byte	-1
 2055 07ea 4C       		.byte	76
 2056 07eb 62       		.byte	98
 2057 07ec 4D       		.byte	77
 2058 07ed A0       		.byte	-96
 2059 07ee 4E       		.byte	78
 2060 07ef F0       		.byte	-16
 2061 07f0 4F       		.byte	79
 2062 07f1 41       		.byte	65
 2063 07f2 50       		.byte	80
 2064 07f3 0C       		.byte	12
 2065 07f4 56       		.byte	86
 2066 07f5 02       		.byte	2
 2067 07f6 57       		.byte	87
 2068 07f7 13       		.byte	19
 2069 07f8 58       		.byte	88
 2070 07f9 04       		.byte	4
 2071 07fa 59       		.byte	89
 2072 07fb 04       		.byte	4
 2073 07fc 5A       		.byte	90
 2074 07fd 04       		.byte	4
 2075 07fe 5B       		.byte	91
 2076 07ff 04       		.byte	4
 2077 0800 5C       		.byte	92
 2078 0801 22       		.byte	34
 2079 0802 5D       		.byte	93
 2080 0803 22       		.byte	34
 2081 0804 5F       		.byte	95
 2082 0805 01       		.byte	1
 2083 0806 66       		.byte	102
 2084 0807 40       		.byte	64
 2085 0808 67       		.byte	103
 2086 0809 02       		.byte	2
 2087 080a 69       		.byte	105
 2088 080b 10       		.byte	16
 2089 080c 6A       		.byte	106
 2090 080d 30       		.byte	48
 2091 080e 6B       		.byte	107
 2092 080f 10       		.byte	16
 2093 0810 6D       		.byte	109
 2094 0811 10       		.byte	16
 2095 0812 6E       		.byte	110
 2096 0813 10       		.byte	16
 2097 0814 6F       		.byte	111
 2098 0815 12       		.byte	18
 2099 0816 D8       		.byte	-40
 2100 0817 04       		.byte	4
 2101 0818 D9       		.byte	-39
 2102 0819 04       		.byte	4
 2103 081a DC       		.byte	-36
 2104 081b 33       		.byte	51
 2105 081c DF       		.byte	-33
 2106 081d 01       		.byte	1
 2107 081e 00       		.byte	0
 2108 081f 04       		.byte	4
 2109 0820 01       		.byte	1
ARM GAS  C:\Users\haoen\AppData\Local\Temp\cciZ6gBk.s 			page 38


 2110 0821 08       		.byte	8
 2111 0822 05       		.byte	5
 2112 0823 20       		.byte	32
 2113 0824 06       		.byte	6
 2114 0825 20       		.byte	32
 2115 0826 07       		.byte	7
 2116 0827 02       		.byte	2
 2117 0828 0A       		.byte	10
 2118 0829 90       		.byte	-112
 2119 082a 0B       		.byte	11
 2120 082b 02       		.byte	2
 2121 082c 0E       		.byte	14
 2122 082d 40       		.byte	64
 2123 082e 0F       		.byte	15
 2124 082f 02       		.byte	2
 2125 0830 13       		.byte	19
 2126 0831 50       		.byte	80
 2127 0832 16       		.byte	22
 2128 0833 80       		.byte	-128
 2129 0834 17       		.byte	23
 2130 0835 40       		.byte	64
 2131 0836 19       		.byte	25
 2132 0837 1A       		.byte	26
 2133 0838 1B       		.byte	27
 2134 0839 08       		.byte	8
 2135 083a 22       		.byte	34
 2136 083b 1C       		.byte	28
 2137 083c 23       		.byte	35
 2138 083d 04       		.byte	4
 2139 083e 28       		.byte	40
 2140 083f 08       		.byte	8
 2141 0840 2D       		.byte	45
 2142 0841 60       		.byte	96
 2143 0842 2E       		.byte	46
 2144 0843 80       		.byte	-128
 2145 0844 30       		.byte	48
 2146 0845 80       		.byte	-128
 2147 0846 32       		.byte	50
 2148 0847 15       		.byte	21
 2149 0848 37       		.byte	55
 2150 0849 42       		.byte	66
 2151 084a 39       		.byte	57
 2152 084b 98       		.byte	-104
 2153 084c 3B       		.byte	59
 2154 084d 02       		.byte	2
 2155 084e 3E       		.byte	62
 2156 084f 62       		.byte	98
 2157 0850 3F       		.byte	63
 2158 0851 02       		.byte	2
 2159 0852 40       		.byte	64
 2160 0853 44       		.byte	68
 2161 0854 42       		.byte	66
 2162 0855 10       		.byte	16
 2163 0856 48       		.byte	72
 2164 0857 50       		.byte	80
 2165 0858 49       		.byte	73
 2166 0859 40       		.byte	64
ARM GAS  C:\Users\haoen\AppData\Local\Temp\cciZ6gBk.s 			page 39


 2167 085a 4B       		.byte	75
 2168 085b 20       		.byte	32
 2169 085c 59       		.byte	89
 2170 085d 02       		.byte	2
 2171 085e 68       		.byte	104
 2172 085f 80       		.byte	-128
 2173 0860 69       		.byte	105
 2174 0861 98       		.byte	-104
 2175 0862 70       		.byte	112
 2176 0863 14       		.byte	20
 2177 0864 73       		.byte	115
 2178 0865 40       		.byte	64
 2179 0866 86       		.byte	-122
 2180 0867 80       		.byte	-128
 2181 0868 C0       		.byte	-64
 2182 0869 E4       		.byte	-28
 2183 086a C2       		.byte	-62
 2184 086b 9D       		.byte	-99
 2185 086c C4       		.byte	-60
 2186 086d 93       		.byte	-109
 2187 086e CA       		.byte	-54
 2188 086f 34       		.byte	52
 2189 0870 CC       		.byte	-52
 2190 0871 9F       		.byte	-97
 2191 0872 CE       		.byte	-50
 2192 0873 BF       		.byte	-65
 2193 0874 D0       		.byte	-48
 2194 0875 07       		.byte	7
 2195 0876 D2       		.byte	-46
 2196 0877 0C       		.byte	12
 2197 0878 D6       		.byte	-42
 2198 0879 01       		.byte	1
 2199 087a 0F       		.byte	15
 2200 087b 01       		.byte	1
 2201 087c 14       		.byte	20
 2202 087d 02       		.byte	2
 2203 087e 1E       		.byte	30
 2204 087f 01       		.byte	1
 2205 0880 20       		.byte	32
 2206 0881 02       		.byte	2
 2207 0882 32       		.byte	50
 2208 0883 01       		.byte	1
 2209 0884 36       		.byte	54
 2210 0885 02       		.byte	2
 2211 0886 37       		.byte	55
 2212 0887 01       		.byte	1
 2213 0888 38       		.byte	56
 2214 0889 80       		.byte	-128
 2215 088a 3E       		.byte	62
 2216 088b 40       		.byte	64
 2217 088c 58       		.byte	88
 2218 088d 04       		.byte	4
 2219 088e 59       		.byte	89
 2220 088f 04       		.byte	4
 2221 0890 5C       		.byte	92
 2222 0891 33       		.byte	51
 2223 0892 5F       		.byte	95
ARM GAS  C:\Users\haoen\AppData\Local\Temp\cciZ6gBk.s 			page 40


 2224 0893 01       		.byte	1
 2225 0894 80       		.byte	-128
 2226 0895 03       		.byte	3
 2227 0896 84       		.byte	-124
 2228 0897 03       		.byte	3
 2229 0898 89       		.byte	-119
 2230 0899 03       		.byte	3
 2231 089a 8C       		.byte	-116
 2232 089b 03       		.byte	3
 2233 089c 90       		.byte	-112
 2234 089d 01       		.byte	1
 2235 089e 92       		.byte	-110
 2236 089f 02       		.byte	2
 2237 08a0 95       		.byte	-107
 2238 08a1 03       		.byte	3
 2239 08a2 99       		.byte	-103
 2240 08a3 02       		.byte	2
 2241 08a4 9A       		.byte	-102
 2242 08a5 03       		.byte	3
 2243 08a6 A3       		.byte	-93
 2244 08a7 01       		.byte	1
 2245 08a8 A4       		.byte	-92
 2246 08a9 02       		.byte	2
 2247 08aa A6       		.byte	-90
 2248 08ab 01       		.byte	1
 2249 08ac A8       		.byte	-88
 2250 08ad 03       		.byte	3
 2251 08ae B0       		.byte	-80
 2252 08af 01       		.byte	1
 2253 08b0 B1       		.byte	-79
 2254 08b1 03       		.byte	3
 2255 08b2 B2       		.byte	-78
 2256 08b3 02       		.byte	2
 2257 08b4 B9       		.byte	-71
 2258 08b5 02       		.byte	2
 2259 08b6 BF       		.byte	-65
 2260 08b7 01       		.byte	1
 2261 08b8 C0       		.byte	-64
 2262 08b9 21       		.byte	33
 2263 08ba C1       		.byte	-63
 2264 08bb 03       		.byte	3
 2265 08bc C6       		.byte	-58
 2266 08bd EB       		.byte	-21
 2267 08be C7       		.byte	-57
 2268 08bf 0C       		.byte	12
 2269 08c0 C8       		.byte	-56
 2270 08c1 1C       		.byte	28
 2271 08c2 C9       		.byte	-55
 2272 08c3 FF       		.byte	-1
 2273 08c4 CA       		.byte	-54
 2274 08c5 FF       		.byte	-1
 2275 08c6 CB       		.byte	-53
 2276 08c7 FF       		.byte	-1
 2277 08c8 CE       		.byte	-50
 2278 08c9 F0       		.byte	-16
 2279 08ca CF       		.byte	-49
 2280 08cb 44       		.byte	68
ARM GAS  C:\Users\haoen\AppData\Local\Temp\cciZ6gBk.s 			page 41


 2281 08cc D0       		.byte	-48
 2282 08cd 0C       		.byte	12
 2283 08ce D8       		.byte	-40
 2284 08cf 04       		.byte	4
 2285 08d0 D9       		.byte	-39
 2286 08d1 04       		.byte	4
 2287 08d2 DA       		.byte	-38
 2288 08d3 04       		.byte	4
 2289 08d4 DC       		.byte	-36
 2290 08d5 33       		.byte	51
 2291 08d6 DD       		.byte	-35
 2292 08d7 02       		.byte	2
 2293 08d8 DF       		.byte	-33
 2294 08d9 01       		.byte	1
 2295 08da E6       		.byte	-26
 2296 08db C0       		.byte	-64
 2297 08dc EA       		.byte	-22
 2298 08dd 40       		.byte	64
 2299 08de EB       		.byte	-21
 2300 08df 02       		.byte	2
 2301 08e0 00       		.byte	0
 2302 08e1 42       		.byte	66
 2303 08e2 05       		.byte	5
 2304 08e3 45       		.byte	69
 2305 08e4 09       		.byte	9
 2306 08e5 80       		.byte	-128
 2307 08e6 0A       		.byte	10
 2308 08e7 50       		.byte	80
 2309 08e8 0B       		.byte	11
 2310 08e9 04       		.byte	4
 2311 08ea 0C       		.byte	12
 2312 08eb 02       		.byte	2
 2313 08ec 0F       		.byte	15
 2314 08ed 04       		.byte	4
 2315 08ee 10       		.byte	16
 2316 08ef 12       		.byte	18
 2317 08f0 12       		.byte	18
 2318 08f1 49       		.byte	73
 2319 08f2 14       		.byte	20
 2320 08f3 10       		.byte	16
 2321 08f4 17       		.byte	23
 2322 08f5 20       		.byte	32
 2323 08f6 18       		.byte	24
 2324 08f7 02       		.byte	2
 2325 08f8 19       		.byte	25
 2326 08f9 04       		.byte	4
 2327 08fa 1D       		.byte	29
 2328 08fb 0A       		.byte	10
 2329 08fc 20       		.byte	32
 2330 08fd 02       		.byte	2
 2331 08fe 22       		.byte	34
 2332 08ff 80       		.byte	-128
 2333 0900 27       		.byte	39
 2334 0901 80       		.byte	-128
 2335 0902 28       		.byte	40
 2336 0903 10       		.byte	16
 2337 0904 29       		.byte	41
ARM GAS  C:\Users\haoen\AppData\Local\Temp\cciZ6gBk.s 			page 42


 2338 0905 40       		.byte	64
 2339 0906 2A       		.byte	42
 2340 0907 01       		.byte	1
 2341 0908 2C       		.byte	44
 2342 0909 12       		.byte	18
 2343 090a 2E       		.byte	46
 2344 090b 02       		.byte	2
 2345 090c 2F       		.byte	47
 2346 090d 08       		.byte	8
 2347 090e 31       		.byte	49
 2348 090f 01       		.byte	1
 2349 0910 32       		.byte	50
 2350 0911 08       		.byte	8
 2351 0912 33       		.byte	51
 2352 0913 48       		.byte	72
 2353 0914 35       		.byte	53
 2354 0915 01       		.byte	1
 2355 0916 36       		.byte	54
 2356 0917 94       		.byte	-108
 2357 0918 37       		.byte	55
 2358 0919 08       		.byte	8
 2359 091a 38       		.byte	56
 2360 091b 08       		.byte	8
 2361 091c 39       		.byte	57
 2362 091d 40       		.byte	64
 2363 091e 3B       		.byte	59
 2364 091f 04       		.byte	4
 2365 0920 3D       		.byte	61
 2366 0921 22       		.byte	34
 2367 0922 3E       		.byte	62
 2368 0923 40       		.byte	64
 2369 0924 45       		.byte	69
 2370 0925 10       		.byte	16
 2371 0926 46       		.byte	70
 2372 0927 02       		.byte	2
 2373 0928 47       		.byte	71
 2374 0929 08       		.byte	8
 2375 092a 54       		.byte	84
 2376 092b 80       		.byte	-128
 2377 092c 56       		.byte	86
 2378 092d 28       		.byte	40
 2379 092e 5A       		.byte	90
 2380 092f 40       		.byte	64
 2381 0930 5B       		.byte	91
 2382 0931 40       		.byte	64
 2383 0932 80       		.byte	-128
 2384 0933 01       		.byte	1
 2385 0934 84       		.byte	-124
 2386 0935 01       		.byte	1
 2387 0936 85       		.byte	-123
 2388 0937 42       		.byte	66
 2389 0938 89       		.byte	-119
 2390 0939 08       		.byte	8
 2391 093a 8A       		.byte	-118
 2392 093b 40       		.byte	64
 2393 093c 8D       		.byte	-115
 2394 093d 04       		.byte	4
ARM GAS  C:\Users\haoen\AppData\Local\Temp\cciZ6gBk.s 			page 43


 2395 093e 8E       		.byte	-114
 2396 093f 10       		.byte	16
 2397 0940 8F       		.byte	-113
 2398 0941 40       		.byte	64
 2399 0942 90       		.byte	-112
 2400 0943 48       		.byte	72
 2401 0944 91       		.byte	-111
 2402 0945 40       		.byte	64
 2403 0946 92       		.byte	-110
 2404 0947 10       		.byte	16
 2405 0948 98       		.byte	-104
 2406 0949 10       		.byte	16
 2407 094a 99       		.byte	-103
 2408 094b 01       		.byte	1
 2409 094c 9A       		.byte	-102
 2410 094d 03       		.byte	3
 2411 094e 9B       		.byte	-101
 2412 094f 20       		.byte	32
 2413 0950 9E       		.byte	-98
 2414 0951 28       		.byte	40
 2415 0952 9F       		.byte	-97
 2416 0953 C0       		.byte	-64
 2417 0954 A1       		.byte	-95
 2418 0955 91       		.byte	-111
 2419 0956 A2       		.byte	-94
 2420 0957 1C       		.byte	28
 2421 0958 A4       		.byte	-92
 2422 0959 80       		.byte	-128
 2423 095a A6       		.byte	-90
 2424 095b 80       		.byte	-128
 2425 095c A8       		.byte	-88
 2426 095d 24       		.byte	36
 2427 095e A9       		.byte	-87
 2428 095f 45       		.byte	69
 2429 0960 AD       		.byte	-83
 2430 0961 04       		.byte	4
 2431 0962 B0       		.byte	-80
 2432 0963 10       		.byte	16
 2433 0964 B2       		.byte	-78
 2434 0965 0D       		.byte	13
 2435 0966 B3       		.byte	-77
 2436 0967 08       		.byte	8
 2437 0968 B4       		.byte	-76
 2438 0969 40       		.byte	64
 2439 096a C0       		.byte	-64
 2440 096b B9       		.byte	-71
 2441 096c C2       		.byte	-62
 2442 096d 5F       		.byte	95
 2443 096e C4       		.byte	-60
 2444 096f 6F       		.byte	111
 2445 0970 CA       		.byte	-54
 2446 0971 FB       		.byte	-5
 2447 0972 CC       		.byte	-52
 2448 0973 FB       		.byte	-5
 2449 0974 CE       		.byte	-50
 2450 0975 BA       		.byte	-70
 2451 0976 D0       		.byte	-48
ARM GAS  C:\Users\haoen\AppData\Local\Temp\cciZ6gBk.s 			page 44


 2452 0977 70       		.byte	112
 2453 0978 E4       		.byte	-28
 2454 0979 0C       		.byte	12
 2455 097a E6       		.byte	-26
 2456 097b 20       		.byte	32
 2457 097c EA       		.byte	-22
 2458 097d 0C       		.byte	12
 2459 097e EE       		.byte	-18
 2460 097f 04       		.byte	4
 2461 0980 08       		.byte	8
 2462 0981 01       		.byte	1
 2463 0982 0C       		.byte	12
 2464 0983 01       		.byte	1
 2465 0984 10       		.byte	16
 2466 0985 01       		.byte	1
 2467 0986 16       		.byte	22
 2468 0987 01       		.byte	1
 2469 0988 20       		.byte	32
 2470 0989 01       		.byte	1
 2471 098a 24       		.byte	36
 2472 098b 01       		.byte	1
 2473 098c 28       		.byte	40
 2474 098d 01       		.byte	1
 2475 098e 36       		.byte	54
 2476 098f 01       		.byte	1
 2477 0990 40       		.byte	64
 2478 0991 01       		.byte	1
 2479 0992 45       		.byte	69
 2480 0993 40       		.byte	64
 2481 0994 49       		.byte	73
 2482 0995 FF       		.byte	-1
 2483 0996 4A       		.byte	74
 2484 0997 0F       		.byte	15
 2485 0998 4B       		.byte	75
 2486 0999 FF       		.byte	-1
 2487 099a 4C       		.byte	76
 2488 099b 40       		.byte	64
 2489 099c 4D       		.byte	77
 2490 099d 20       		.byte	32
 2491 099e 4E       		.byte	78
 2492 099f F0       		.byte	-16
 2493 09a0 4F       		.byte	79
 2494 09a1 05       		.byte	5
 2495 09a2 50       		.byte	80
 2496 09a3 08       		.byte	8
 2497 09a4 58       		.byte	88
 2498 09a5 04       		.byte	4
 2499 09a6 59       		.byte	89
 2500 09a7 04       		.byte	4
 2501 09a8 5A       		.byte	90
 2502 09a9 04       		.byte	4
 2503 09aa 5C       		.byte	92
 2504 09ab 33       		.byte	51
 2505 09ac 5D       		.byte	93
 2506 09ad 02       		.byte	2
 2507 09ae 5F       		.byte	95
 2508 09af 01       		.byte	1
ARM GAS  C:\Users\haoen\AppData\Local\Temp\cciZ6gBk.s 			page 45


 2509 09b0 60       		.byte	96
 2510 09b1 40       		.byte	64
 2511 09b2 61       		.byte	97
 2512 09b3 A8       		.byte	-88
 2513 09b4 62       		.byte	98
 2514 09b5 40       		.byte	64
 2515 09b6 63       		.byte	99
 2516 09b7 20       		.byte	32
 2517 09b8 80       		.byte	-128
 2518 09b9 01       		.byte	1
 2519 09ba 86       		.byte	-122
 2520 09bb 10       		.byte	16
 2521 09bc 87       		.byte	-121
 2522 09bd 01       		.byte	1
 2523 09be 8C       		.byte	-116
 2524 09bf 04       		.byte	4
 2525 09c0 96       		.byte	-106
 2526 09c1 24       		.byte	36
 2527 09c2 9A       		.byte	-102
 2528 09c3 08       		.byte	8
 2529 09c4 9E       		.byte	-98
 2530 09c5 01       		.byte	1
 2531 09c6 A0       		.byte	-96
 2532 09c7 08       		.byte	8
 2533 09c8 A6       		.byte	-90
 2534 09c9 02       		.byte	2
 2535 09ca A8       		.byte	-88
 2536 09cb 02       		.byte	2
 2537 09cc AB       		.byte	-85
 2538 09cd 02       		.byte	2
 2539 09ce B0       		.byte	-80
 2540 09cf 20       		.byte	32
 2541 09d0 B1       		.byte	-79
 2542 09d1 02       		.byte	2
 2543 09d2 B3       		.byte	-77
 2544 09d3 01       		.byte	1
 2545 09d4 B4       		.byte	-76
 2546 09d5 1F       		.byte	31
 2547 09d6 B8       		.byte	-72
 2548 09d7 20       		.byte	32
 2549 09d8 BE       		.byte	-66
 2550 09d9 10       		.byte	16
 2551 09da C0       		.byte	-64
 2552 09db 24       		.byte	36
 2553 09dc C1       		.byte	-63
 2554 09dd 06       		.byte	6
 2555 09de C6       		.byte	-58
 2556 09df B0       		.byte	-80
 2557 09e0 C7       		.byte	-57
 2558 09e1 CE       		.byte	-50
 2559 09e2 C8       		.byte	-56
 2560 09e3 38       		.byte	56
 2561 09e4 C9       		.byte	-55
 2562 09e5 FF       		.byte	-1
 2563 09e6 CA       		.byte	-54
 2564 09e7 FF       		.byte	-1
 2565 09e8 CB       		.byte	-53
ARM GAS  C:\Users\haoen\AppData\Local\Temp\cciZ6gBk.s 			page 46


 2566 09e9 FF       		.byte	-1
 2567 09ea CE       		.byte	-50
 2568 09eb F0       		.byte	-16
 2569 09ec CF       		.byte	-49
 2570 09ed 44       		.byte	68
 2571 09ee D0       		.byte	-48
 2572 09ef 0C       		.byte	12
 2573 09f0 D8       		.byte	-40
 2574 09f1 04       		.byte	4
 2575 09f2 D9       		.byte	-39
 2576 09f3 04       		.byte	4
 2577 09f4 DA       		.byte	-38
 2578 09f5 04       		.byte	4
 2579 09f6 DC       		.byte	-36
 2580 09f7 33       		.byte	51
 2581 09f8 DD       		.byte	-35
 2582 09f9 01       		.byte	1
 2583 09fa DF       		.byte	-33
 2584 09fb 01       		.byte	1
 2585 09fc E6       		.byte	-26
 2586 09fd C0       		.byte	-64
 2587 09fe EA       		.byte	-22
 2588 09ff 40       		.byte	64
 2589 0a00 EB       		.byte	-21
 2590 0a01 02       		.byte	2
 2591 0a02 00       		.byte	0
 2592 0a03 42       		.byte	66
 2593 0a04 03       		.byte	3
 2594 0a05 58       		.byte	88
 2595 0a06 04       		.byte	4
 2596 0a07 60       		.byte	96
 2597 0a08 08       		.byte	8
 2598 0a09 20       		.byte	32
 2599 0a0a 09       		.byte	9
 2600 0a0b 85       		.byte	-123
 2601 0a0c 0D       		.byte	13
 2602 0a0d 01       		.byte	1
 2603 0a0e 0F       		.byte	15
 2604 0a0f 20       		.byte	32
 2605 0a10 10       		.byte	16
 2606 0a11 20       		.byte	32
 2607 0a12 11       		.byte	17
 2608 0a13 04       		.byte	4
 2609 0a14 12       		.byte	18
 2610 0a15 C9       		.byte	-55
 2611 0a16 13       		.byte	19
 2612 0a17 40       		.byte	64
 2613 0a18 14       		.byte	20
 2614 0a19 10       		.byte	16
 2615 0a1a 16       		.byte	22
 2616 0a1b 40       		.byte	64
 2617 0a1c 17       		.byte	23
 2618 0a1d 20       		.byte	32
 2619 0a1e 18       		.byte	24
 2620 0a1f 48       		.byte	72
 2621 0a20 19       		.byte	25
 2622 0a21 21       		.byte	33
ARM GAS  C:\Users\haoen\AppData\Local\Temp\cciZ6gBk.s 			page 47


 2623 0a22 1A       		.byte	26
 2624 0a23 08       		.byte	8
 2625 0a24 1B       		.byte	27
 2626 0a25 10       		.byte	16
 2627 0a26 1F       		.byte	31
 2628 0a27 80       		.byte	-128
 2629 0a28 22       		.byte	34
 2630 0a29 09       		.byte	9
 2631 0a2a 23       		.byte	35
 2632 0a2b 20       		.byte	32
 2633 0a2c 28       		.byte	40
 2634 0a2d 04       		.byte	4
 2635 0a2e 29       		.byte	41
 2636 0a2f 01       		.byte	1
 2637 0a30 2B       		.byte	43
 2638 0a31 10       		.byte	16
 2639 0a32 2C       		.byte	44
 2640 0a33 10       		.byte	16
 2641 0a34 2D       		.byte	45
 2642 0a35 20       		.byte	32
 2643 0a36 30       		.byte	48
 2644 0a37 10       		.byte	16
 2645 0a38 32       		.byte	50
 2646 0a39 88       		.byte	-120
 2647 0a3a 35       		.byte	53
 2648 0a3b 01       		.byte	1
 2649 0a3c 36       		.byte	54
 2650 0a3d 88       		.byte	-120
 2651 0a3e 39       		.byte	57
 2652 0a3f 06       		.byte	6
 2653 0a40 3B       		.byte	59
 2654 0a41 40       		.byte	64
 2655 0a42 3C       		.byte	60
 2656 0a43 02       		.byte	2
 2657 0a44 3F       		.byte	63
 2658 0a45 40       		.byte	64
 2659 0a46 42       		.byte	66
 2660 0a47 84       		.byte	-124
 2661 0a48 47       		.byte	71
 2662 0a49 80       		.byte	-128
 2663 0a4a 49       		.byte	73
 2664 0a4b 10       		.byte	16
 2665 0a4c 4C       		.byte	76
 2666 0a4d 40       		.byte	64
 2667 0a4e 4D       		.byte	77
 2668 0a4f 01       		.byte	1
 2669 0a50 50       		.byte	80
 2670 0a51 01       		.byte	1
 2671 0a52 51       		.byte	81
 2672 0a53 10       		.byte	16
 2673 0a54 52       		.byte	82
 2674 0a55 04       		.byte	4
 2675 0a56 56       		.byte	86
 2676 0a57 02       		.byte	2
 2677 0a58 57       		.byte	87
 2678 0a59 01       		.byte	1
 2679 0a5a 81       		.byte	-127
ARM GAS  C:\Users\haoen\AppData\Local\Temp\cciZ6gBk.s 			page 48


 2680 0a5b 80       		.byte	-128
 2681 0a5c 83       		.byte	-125
 2682 0a5d 10       		.byte	16
 2683 0a5e 84       		.byte	-124
 2684 0a5f 24       		.byte	36
 2685 0a60 89       		.byte	-119
 2686 0a61 40       		.byte	64
 2687 0a62 8C       		.byte	-116
 2688 0a63 10       		.byte	16
 2689 0a64 8E       		.byte	-114
 2690 0a65 01       		.byte	1
 2691 0a66 8F       		.byte	-113
 2692 0a67 80       		.byte	-128
 2693 0a68 91       		.byte	-111
 2694 0a69 02       		.byte	2
 2695 0a6a 92       		.byte	-110
 2696 0a6b 14       		.byte	20
 2697 0a6c 94       		.byte	-108
 2698 0a6d AA       		.byte	-86
 2699 0a6e 95       		.byte	-107
 2700 0a6f 29       		.byte	41
 2701 0a70 96       		.byte	-106
 2702 0a71 08       		.byte	8
 2703 0a72 99       		.byte	-103
 2704 0a73 50       		.byte	80
 2705 0a74 9A       		.byte	-102
 2706 0a75 80       		.byte	-128
 2707 0a76 9C       		.byte	-100
 2708 0a77 10       		.byte	16
 2709 0a78 9D       		.byte	-99
 2710 0a79 01       		.byte	1
 2711 0a7a 9E       		.byte	-98
 2712 0a7b 6C       		.byte	108
 2713 0a7c 9F       		.byte	-97
 2714 0a7d 60       		.byte	96
 2715 0a7e A1       		.byte	-95
 2716 0a7f 10       		.byte	16
 2717 0a80 A2       		.byte	-94
 2718 0a81 14       		.byte	20
 2719 0a82 A4       		.byte	-92
 2720 0a83 80       		.byte	-128
 2721 0a84 A6       		.byte	-90
 2722 0a85 80       		.byte	-128
 2723 0a86 A7       		.byte	-89
 2724 0a87 01       		.byte	1
 2725 0a88 AC       		.byte	-84
 2726 0a89 68       		.byte	104
 2727 0a8a B2       		.byte	-78
 2728 0a8b 21       		.byte	33
 2729 0a8c B3       		.byte	-77
 2730 0a8d 80       		.byte	-128
 2731 0a8e C0       		.byte	-64
 2732 0a8f CF       		.byte	-49
 2733 0a90 C2       		.byte	-62
 2734 0a91 3F       		.byte	63
 2735 0a92 C4       		.byte	-60
 2736 0a93 7F       		.byte	127
ARM GAS  C:\Users\haoen\AppData\Local\Temp\cciZ6gBk.s 			page 49


 2737 0a94 CA       		.byte	-54
 2738 0a95 67       		.byte	103
 2739 0a96 CC       		.byte	-52
 2740 0a97 DE       		.byte	-34
 2741 0a98 CE       		.byte	-50
 2742 0a99 9B       		.byte	-101
 2743 0a9a D0       		.byte	-48
 2744 0a9b 15       		.byte	21
 2745 0a9c D2       		.byte	-46
 2746 0a9d 04       		.byte	4
 2747 0a9e E2       		.byte	-30
 2748 0a9f 4E       		.byte	78
 2749 0aa0 E4       		.byte	-28
 2750 0aa1 08       		.byte	8
 2751 0aa2 E6       		.byte	-26
 2752 0aa3 01       		.byte	1
 2753 0aa4 EA       		.byte	-22
 2754 0aa5 02       		.byte	2
 2755 0aa6 00       		.byte	0
 2756 0aa7 40       		.byte	64
 2757 0aa8 01       		.byte	1
 2758 0aa9 80       		.byte	-128
 2759 0aaa 02       		.byte	2
 2760 0aab 18       		.byte	24
 2761 0aac 03       		.byte	3
 2762 0aad 40       		.byte	64
 2763 0aae 04       		.byte	4
 2764 0aaf A7       		.byte	-89
 2765 0ab0 05       		.byte	5
 2766 0ab1 40       		.byte	64
 2767 0ab2 06       		.byte	6
 2768 0ab3 18       		.byte	24
 2769 0ab4 07       		.byte	7
 2770 0ab5 80       		.byte	-128
 2771 0ab6 08       		.byte	8
 2772 0ab7 39       		.byte	57
 2773 0ab8 0A       		.byte	10
 2774 0ab9 82       		.byte	-126
 2775 0aba 0B       		.byte	11
 2776 0abb 02       		.byte	2
 2777 0abc 0D       		.byte	13
 2778 0abd 10       		.byte	16
 2779 0abe 0E       		.byte	14
 2780 0abf 01       		.byte	1
 2781 0ac0 0F       		.byte	15
 2782 0ac1 20       		.byte	32
 2783 0ac2 11       		.byte	17
 2784 0ac3 02       		.byte	2
 2785 0ac4 12       		.byte	18
 2786 0ac5 86       		.byte	-122
 2787 0ac6 15       		.byte	21
 2788 0ac7 08       		.byte	8
 2789 0ac8 18       		.byte	24
 2790 0ac9 BF       		.byte	-65
 2791 0aca 1B       		.byte	27
 2792 0acb 01       		.byte	1
 2793 0acc 1C       		.byte	28
ARM GAS  C:\Users\haoen\AppData\Local\Temp\cciZ6gBk.s 			page 50


 2794 0acd 01       		.byte	1
 2795 0ace 1F       		.byte	31
 2796 0acf 08       		.byte	8
 2797 0ad0 20       		.byte	32
 2798 0ad1 40       		.byte	64
 2799 0ad2 21       		.byte	33
 2800 0ad3 04       		.byte	4
 2801 0ad4 24       		.byte	36
 2802 0ad5 10       		.byte	16
 2803 0ad6 25       		.byte	37
 2804 0ad7 01       		.byte	1
 2805 0ad8 28       		.byte	40
 2806 0ad9 08       		.byte	8
 2807 0ada 29       		.byte	41
 2808 0adb 20       		.byte	32
 2809 0adc 2B       		.byte	43
 2810 0add 10       		.byte	16
 2811 0ade 2C       		.byte	44
 2812 0adf B9       		.byte	-71
 2813 0ae0 2E       		.byte	46
 2814 0ae1 04       		.byte	4
 2815 0ae2 2F       		.byte	47
 2816 0ae3 04       		.byte	4
 2817 0ae4 30       		.byte	48
 2818 0ae5 60       		.byte	96
 2819 0ae6 32       		.byte	50
 2820 0ae7 98       		.byte	-104
 2821 0ae8 33       		.byte	51
 2822 0ae9 FF       		.byte	-1
 2823 0aea 34       		.byte	52
 2824 0aeb 20       		.byte	32
 2825 0aec 36       		.byte	54
 2826 0aed 1F       		.byte	31
 2827 0aee 38       		.byte	56
 2828 0aef 02       		.byte	2
 2829 0af0 3A       		.byte	58
 2830 0af1 80       		.byte	-128
 2831 0af2 3E       		.byte	62
 2832 0af3 10       		.byte	16
 2833 0af4 3F       		.byte	63
 2834 0af5 04       		.byte	4
 2835 0af6 54       		.byte	84
 2836 0af7 01       		.byte	1
 2837 0af8 58       		.byte	88
 2838 0af9 04       		.byte	4
 2839 0afa 59       		.byte	89
 2840 0afb 04       		.byte	4
 2841 0afc 5B       		.byte	91
 2842 0afd 0F       		.byte	15
 2843 0afe 5C       		.byte	92
 2844 0aff 05       		.byte	5
 2845 0b00 5D       		.byte	93
 2846 0b01 30       		.byte	48
 2847 0b02 5F       		.byte	95
 2848 0b03 01       		.byte	1
 2849 0b04 87       		.byte	-121
 2850 0b05 18       		.byte	24
ARM GAS  C:\Users\haoen\AppData\Local\Temp\cciZ6gBk.s 			page 51


 2851 0b06 8B       		.byte	-117
 2852 0b07 20       		.byte	32
 2853 0b08 8D       		.byte	-115
 2854 0b09 10       		.byte	16
 2855 0b0a 91       		.byte	-111
 2856 0b0b 10       		.byte	16
 2857 0b0c 95       		.byte	-107
 2858 0b0d 10       		.byte	16
 2859 0b0e 99       		.byte	-103
 2860 0b0f 02       		.byte	2
 2861 0b10 A1       		.byte	-95
 2862 0b11 10       		.byte	16
 2863 0b12 A3       		.byte	-93
 2864 0b13 05       		.byte	5
 2865 0b14 A7       		.byte	-89
 2866 0b15 04       		.byte	4
 2867 0b16 A9       		.byte	-87
 2868 0b17 10       		.byte	16
 2869 0b18 B1       		.byte	-79
 2870 0b19 01       		.byte	1
 2871 0b1a B3       		.byte	-77
 2872 0b1b 0C       		.byte	12
 2873 0b1c B5       		.byte	-75
 2874 0b1d 30       		.byte	48
 2875 0b1e B7       		.byte	-73
 2876 0b1f 02       		.byte	2
 2877 0b20 BF       		.byte	-65
 2878 0b21 44       		.byte	68
 2879 0b22 D8       		.byte	-40
 2880 0b23 04       		.byte	4
 2881 0b24 D9       		.byte	-39
 2882 0b25 04       		.byte	4
 2883 0b26 DC       		.byte	-36
 2884 0b27 53       		.byte	83
 2885 0b28 DF       		.byte	-33
 2886 0b29 01       		.byte	1
 2887 0b2a 00       		.byte	0
 2888 0b2b 08       		.byte	8
 2889 0b2c 01       		.byte	1
 2890 0b2d 60       		.byte	96
 2891 0b2e 04       		.byte	4
 2892 0b2f 68       		.byte	104
 2893 0b30 05       		.byte	5
 2894 0b31 01       		.byte	1
 2895 0b32 08       		.byte	8
 2896 0b33 20       		.byte	32
 2897 0b34 0A       		.byte	10
 2898 0b35 40       		.byte	64
 2899 0b36 0D       		.byte	13
 2900 0b37 A2       		.byte	-94
 2901 0b38 10       		.byte	16
 2902 0b39 02       		.byte	2
 2903 0b3a 12       		.byte	18
 2904 0b3b 80       		.byte	-128
 2905 0b3c 16       		.byte	22
 2906 0b3d 40       		.byte	64
 2907 0b3e 17       		.byte	23
ARM GAS  C:\Users\haoen\AppData\Local\Temp\cciZ6gBk.s 			page 52


 2908 0b3f 54       		.byte	84
 2909 0b40 1D       		.byte	29
 2910 0b41 01       		.byte	1
 2911 0b42 1E       		.byte	30
 2912 0b43 16       		.byte	22
 2913 0b44 20       		.byte	32
 2914 0b45 40       		.byte	64
 2915 0b46 21       		.byte	33
 2916 0b47 58       		.byte	88
 2917 0b48 23       		.byte	35
 2918 0b49 04       		.byte	4
 2919 0b4a 25       		.byte	37
 2920 0b4b 04       		.byte	4
 2921 0b4c 29       		.byte	41
 2922 0b4d 14       		.byte	20
 2923 0b4e 2A       		.byte	42
 2924 0b4f 02       		.byte	2
 2925 0b50 2C       		.byte	44
 2926 0b51 80       		.byte	-128
 2927 0b52 2D       		.byte	45
 2928 0b53 50       		.byte	80
 2929 0b54 2E       		.byte	46
 2930 0b55 08       		.byte	8
 2931 0b56 30       		.byte	48
 2932 0b57 08       		.byte	8
 2933 0b58 31       		.byte	49
 2934 0b59 01       		.byte	1
 2935 0b5a 32       		.byte	50
 2936 0b5b 20       		.byte	32
 2937 0b5c 35       		.byte	53
 2938 0b5d 20       		.byte	32
 2939 0b5e 36       		.byte	54
 2940 0b5f 84       		.byte	-124
 2941 0b60 37       		.byte	55
 2942 0b61 01       		.byte	1
 2943 0b62 38       		.byte	56
 2944 0b63 90       		.byte	-112
 2945 0b64 3B       		.byte	59
 2946 0b65 04       		.byte	4
 2947 0b66 3C       		.byte	60
 2948 0b67 08       		.byte	8
 2949 0b68 3E       		.byte	62
 2950 0b69 61       		.byte	97
 2951 0b6a 3F       		.byte	63
 2952 0b6b 08       		.byte	8
 2953 0b6c 44       		.byte	68
 2954 0b6d 01       		.byte	1
 2955 0b6e 45       		.byte	69
 2956 0b6f 80       		.byte	-128
 2957 0b70 46       		.byte	70
 2958 0b71 02       		.byte	2
 2959 0b72 5C       		.byte	92
 2960 0b73 80       		.byte	-128
 2961 0b74 7F       		.byte	127
 2962 0b75 40       		.byte	64
 2963 0b76 81       		.byte	-127
 2964 0b77 04       		.byte	4
ARM GAS  C:\Users\haoen\AppData\Local\Temp\cciZ6gBk.s 			page 53


 2965 0b78 82       		.byte	-126
 2966 0b79 0A       		.byte	10
 2967 0b7a 86       		.byte	-122
 2968 0b7b 01       		.byte	1
 2969 0b7c 87       		.byte	-121
 2970 0b7d 01       		.byte	1
 2971 0b7e 8E       		.byte	-114
 2972 0b7f 41       		.byte	65
 2973 0b80 8F       		.byte	-113
 2974 0b81 40       		.byte	64
 2975 0b82 90       		.byte	-112
 2976 0b83 B8       		.byte	-72
 2977 0b84 93       		.byte	-109
 2978 0b85 80       		.byte	-128
 2979 0b86 95       		.byte	-107
 2980 0b87 60       		.byte	96
 2981 0b88 96       		.byte	-106
 2982 0b89 44       		.byte	68
 2983 0b8a 98       		.byte	-104
 2984 0b8b 80       		.byte	-128
 2985 0b8c 99       		.byte	-103
 2986 0b8d 14       		.byte	20
 2987 0b8e 9A       		.byte	-102
 2988 0b8f 40       		.byte	64
 2989 0b90 9B       		.byte	-101
 2990 0b91 14       		.byte	20
 2991 0b92 9C       		.byte	-100
 2992 0b93 23       		.byte	35
 2993 0b94 9D       		.byte	-99
 2994 0b95 21       		.byte	33
 2995 0b96 9E       		.byte	-98
 2996 0b97 20       		.byte	32
 2997 0b98 9F       		.byte	-97
 2998 0b99 42       		.byte	66
 2999 0b9a A0       		.byte	-96
 3000 0b9b 08       		.byte	8
 3001 0b9c A1       		.byte	-95
 3002 0b9d 22       		.byte	34
 3003 0b9e A2       		.byte	-94
 3004 0b9f 20       		.byte	32
 3005 0ba0 A4       		.byte	-92
 3006 0ba1 02       		.byte	2
 3007 0ba2 A6       		.byte	-90
 3008 0ba3 80       		.byte	-128
 3009 0ba4 AF       		.byte	-81
 3010 0ba5 01       		.byte	1
 3011 0ba6 B3       		.byte	-77
 3012 0ba7 01       		.byte	1
 3013 0ba8 C0       		.byte	-64
 3014 0ba9 F7       		.byte	-9
 3015 0baa C2       		.byte	-62
 3016 0bab DA       		.byte	-38
 3017 0bac C4       		.byte	-60
 3018 0bad F9       		.byte	-7
 3019 0bae CA       		.byte	-54
 3020 0baf F7       		.byte	-9
 3021 0bb0 CC       		.byte	-52
ARM GAS  C:\Users\haoen\AppData\Local\Temp\cciZ6gBk.s 			page 54


 3022 0bb1 F7       		.byte	-9
 3023 0bb2 CE       		.byte	-50
 3024 0bb3 FE       		.byte	-2
 3025 0bb4 D6       		.byte	-42
 3026 0bb5 10       		.byte	16
 3027 0bb6 DE       		.byte	-34
 3028 0bb7 80       		.byte	-128
 3029 0bb8 E0       		.byte	-32
 3030 0bb9 80       		.byte	-128
 3031 0bba E4       		.byte	-28
 3032 0bbb 08       		.byte	8
 3033 0bbc E6       		.byte	-26
 3034 0bbd 44       		.byte	68
 3035 0bbe EA       		.byte	-22
 3036 0bbf 80       		.byte	-128
 3037 0bc0 58       		.byte	88
 3038 0bc1 04       		.byte	4
 3039 0bc2 59       		.byte	89
 3040 0bc3 04       		.byte	4
 3041 0bc4 5C       		.byte	92
 3042 0bc5 33       		.byte	51
 3043 0bc6 5F       		.byte	95
 3044 0bc7 01       		.byte	1
 3045 0bc8 8B       		.byte	-117
 3046 0bc9 01       		.byte	1
 3047 0bca 97       		.byte	-105
 3048 0bcb 01       		.byte	1
 3049 0bcc AA       		.byte	-86
 3050 0bcd 01       		.byte	1
 3051 0bce B0       		.byte	-80
 3052 0bcf 01       		.byte	1
 3053 0bd0 B1       		.byte	-79
 3054 0bd1 01       		.byte	1
 3055 0bd2 BF       		.byte	-65
 3056 0bd3 01       		.byte	1
 3057 0bd4 C0       		.byte	-64
 3058 0bd5 64       		.byte	100
 3059 0bd6 C1       		.byte	-63
 3060 0bd7 02       		.byte	2
 3061 0bd8 C2       		.byte	-62
 3062 0bd9 05       		.byte	5
 3063 0bda C4       		.byte	-60
 3064 0bdb 03       		.byte	3
 3065 0bdc C5       		.byte	-59
 3066 0bdd EC       		.byte	-20
 3067 0bde C8       		.byte	-56
 3068 0bdf 03       		.byte	3
 3069 0be0 C9       		.byte	-55
 3070 0be1 FF       		.byte	-1
 3071 0be2 CA       		.byte	-54
 3072 0be3 FF       		.byte	-1
 3073 0be4 CB       		.byte	-53
 3074 0be5 FF       		.byte	-1
 3075 0be6 CC       		.byte	-52
 3076 0be7 62       		.byte	98
 3077 0be8 CD       		.byte	-51
 3078 0be9 A0       		.byte	-96
ARM GAS  C:\Users\haoen\AppData\Local\Temp\cciZ6gBk.s 			page 55


 3079 0bea CE       		.byte	-50
 3080 0beb F0       		.byte	-16
 3081 0bec CF       		.byte	-49
 3082 0bed 41       		.byte	65
 3083 0bee D0       		.byte	-48
 3084 0bef 0C       		.byte	12
 3085 0bf0 D6       		.byte	-42
 3086 0bf1 02       		.byte	2
 3087 0bf2 D7       		.byte	-41
 3088 0bf3 3D       		.byte	61
 3089 0bf4 D8       		.byte	-40
 3090 0bf5 04       		.byte	4
 3091 0bf6 D9       		.byte	-39
 3092 0bf7 04       		.byte	4
 3093 0bf8 DA       		.byte	-38
 3094 0bf9 04       		.byte	4
 3095 0bfa DB       		.byte	-37
 3096 0bfb 0F       		.byte	15
 3097 0bfc DC       		.byte	-36
 3098 0bfd 33       		.byte	51
 3099 0bfe DD       		.byte	-35
 3100 0bff 35       		.byte	53
 3101 0c00 DF       		.byte	-33
 3102 0c01 01       		.byte	1
 3103 0c02 E6       		.byte	-26
 3104 0c03 40       		.byte	64
 3105 0c04 E7       		.byte	-25
 3106 0c05 02       		.byte	2
 3107 0c06 E9       		.byte	-23
 3108 0c07 10       		.byte	16
 3109 0c08 EA       		.byte	-22
 3110 0c09 30       		.byte	48
 3111 0c0a EB       		.byte	-21
 3112 0c0b 10       		.byte	16
 3113 0c0c ED       		.byte	-19
 3114 0c0d 10       		.byte	16
 3115 0c0e EE       		.byte	-18
 3116 0c0f 10       		.byte	16
 3117 0c10 EF       		.byte	-17
 3118 0c11 12       		.byte	18
 3119 0c12 01       		.byte	1
 3120 0c13 60       		.byte	96
 3121 0c14 05       		.byte	5
 3122 0c15 20       		.byte	32
 3123 0c16 06       		.byte	6
 3124 0c17 20       		.byte	32
 3125 0c18 08       		.byte	8
 3126 0c19 04       		.byte	4
 3127 0c1a 09       		.byte	9
 3128 0c1b 40       		.byte	64
 3129 0c1c 0A       		.byte	10
 3130 0c1d 41       		.byte	65
 3131 0c1e 0C       		.byte	12
 3132 0c1f 14       		.byte	20
 3133 0c20 0E       		.byte	14
 3134 0c21 60       		.byte	96
 3135 0c22 0F       		.byte	15
ARM GAS  C:\Users\haoen\AppData\Local\Temp\cciZ6gBk.s 			page 56


 3136 0c23 0A       		.byte	10
 3137 0c24 10       		.byte	16
 3138 0c25 12       		.byte	18
 3139 0c26 12       		.byte	18
 3140 0c27 80       		.byte	-128
 3141 0c28 15       		.byte	21
 3142 0c29 50       		.byte	80
 3143 0c2a 1D       		.byte	29
 3144 0c2b 01       		.byte	1
 3145 0c2c 1E       		.byte	30
 3146 0c2d 40       		.byte	64
 3147 0c2e 27       		.byte	39
 3148 0c2f 40       		.byte	64
 3149 0c30 28       		.byte	40
 3150 0c31 10       		.byte	16
 3151 0c32 29       		.byte	41
 3152 0c33 20       		.byte	32
 3153 0c34 2D       		.byte	45
 3154 0c35 04       		.byte	4
 3155 0c36 2E       		.byte	46
 3156 0c37 60       		.byte	96
 3157 0c38 30       		.byte	48
 3158 0c39 04       		.byte	4
 3159 0c3a 31       		.byte	49
 3160 0c3b 01       		.byte	1
 3161 0c3c 32       		.byte	50
 3162 0c3d 80       		.byte	-128
 3163 0c3e 35       		.byte	53
 3164 0c3f 28       		.byte	40
 3165 0c40 36       		.byte	54
 3166 0c41 80       		.byte	-128
 3167 0c42 39       		.byte	57
 3168 0c43 40       		.byte	64
 3169 0c44 3A       		.byte	58
 3170 0c45 20       		.byte	32
 3171 0c46 3D       		.byte	61
 3172 0c47 40       		.byte	64
 3173 0c48 3E       		.byte	62
 3174 0c49 10       		.byte	16
 3175 0c4a 3F       		.byte	63
 3176 0c4b 08       		.byte	8
 3177 0c4c 40       		.byte	64
 3178 0c4d 02       		.byte	2
 3179 0c4e 43       		.byte	67
 3180 0c4f 40       		.byte	64
 3181 0c50 45       		.byte	69
 3182 0c51 2A       		.byte	42
 3183 0c52 4C       		.byte	76
 3184 0c53 04       		.byte	4
 3185 0c54 4D       		.byte	77
 3186 0c55 09       		.byte	9
 3187 0c56 4E       		.byte	78
 3188 0c57 02       		.byte	2
 3189 0c58 5F       		.byte	95
 3190 0c59 20       		.byte	32
 3191 0c5a 65       		.byte	101
 3192 0c5b 02       		.byte	2
ARM GAS  C:\Users\haoen\AppData\Local\Temp\cciZ6gBk.s 			page 57


 3193 0c5c 6C       		.byte	108
 3194 0c5d 80       		.byte	-128
 3195 0c5e 6D       		.byte	109
 3196 0c5f 90       		.byte	-112
 3197 0c60 6E       		.byte	110
 3198 0c61 08       		.byte	8
 3199 0c62 76       		.byte	118
 3200 0c63 08       		.byte	8
 3201 0c64 77       		.byte	119
 3202 0c65 01       		.byte	1
 3203 0c66 79       		.byte	121
 3204 0c67 04       		.byte	4
 3205 0c68 7A       		.byte	122
 3206 0c69 10       		.byte	16
 3207 0c6a 7F       		.byte	127
 3208 0c6b 40       		.byte	64
 3209 0c6c 81       		.byte	-127
 3210 0c6d 02       		.byte	2
 3211 0c6e 82       		.byte	-126
 3212 0c6f 12       		.byte	18
 3213 0c70 86       		.byte	-122
 3214 0c71 80       		.byte	-128
 3215 0c72 87       		.byte	-121
 3216 0c73 01       		.byte	1
 3217 0c74 8D       		.byte	-115
 3218 0c75 20       		.byte	32
 3219 0c76 8F       		.byte	-113
 3220 0c77 20       		.byte	32
 3221 0c78 90       		.byte	-112
 3222 0c79 08       		.byte	8
 3223 0c7a 91       		.byte	-111
 3224 0c7b 40       		.byte	64
 3225 0c7c 92       		.byte	-110
 3226 0c7d 10       		.byte	16
 3227 0c7e 93       		.byte	-109
 3228 0c7f 80       		.byte	-128
 3229 0c80 95       		.byte	-107
 3230 0c81 11       		.byte	17
 3231 0c82 96       		.byte	-106
 3232 0c83 41       		.byte	65
 3233 0c84 9A       		.byte	-102
 3234 0c85 20       		.byte	32
 3235 0c86 9C       		.byte	-100
 3236 0c87 02       		.byte	2
 3237 0c88 9D       		.byte	-99
 3238 0c89 20       		.byte	32
 3239 0c8a 9E       		.byte	-98
 3240 0c8b 08       		.byte	8
 3241 0c8c 9F       		.byte	-97
 3242 0c8d 01       		.byte	1
 3243 0c8e A0       		.byte	-96
 3244 0c8f 02       		.byte	2
 3245 0c90 A1       		.byte	-95
 3246 0c91 2A       		.byte	42
 3247 0c92 A2       		.byte	-94
 3248 0c93 10       		.byte	16
 3249 0c94 A3       		.byte	-93
ARM GAS  C:\Users\haoen\AppData\Local\Temp\cciZ6gBk.s 			page 58


 3250 0c95 04       		.byte	4
 3251 0c96 A4       		.byte	-92
 3252 0c97 80       		.byte	-128
 3253 0c98 A6       		.byte	-90
 3254 0c99 84       		.byte	-124
 3255 0c9a A8       		.byte	-88
 3256 0c9b 80       		.byte	-128
 3257 0c9c A9       		.byte	-87
 3258 0c9d 40       		.byte	64
 3259 0c9e AA       		.byte	-86
 3260 0c9f 04       		.byte	4
 3261 0ca0 AD       		.byte	-83
 3262 0ca1 01       		.byte	1
 3263 0ca2 B0       		.byte	-80
 3264 0ca3 26       		.byte	38
 3265 0ca4 B2       		.byte	-78
 3266 0ca5 30       		.byte	48
 3267 0ca6 B3       		.byte	-77
 3268 0ca7 02       		.byte	2
 3269 0ca8 B5       		.byte	-75
 3270 0ca9 40       		.byte	64
 3271 0caa C0       		.byte	-64
 3272 0cab 63       		.byte	99
 3273 0cac C2       		.byte	-62
 3274 0cad FC       		.byte	-4
 3275 0cae C4       		.byte	-60
 3276 0caf CD       		.byte	-51
 3277 0cb0 CA       		.byte	-54
 3278 0cb1 76       		.byte	118
 3279 0cb2 CC       		.byte	-52
 3280 0cb3 7B       		.byte	123
 3281 0cb4 CE       		.byte	-50
 3282 0cb5 7C       		.byte	124
 3283 0cb6 D0       		.byte	-48
 3284 0cb7 E0       		.byte	-32
 3285 0cb8 D2       		.byte	-46
 3286 0cb9 30       		.byte	48
 3287 0cba D6       		.byte	-42
 3288 0cbb 20       		.byte	32
 3289 0cbc D8       		.byte	-40
 3290 0cbd 80       		.byte	-128
 3291 0cbe DE       		.byte	-34
 3292 0cbf 80       		.byte	-128
 3293 0cc0 E0       		.byte	-32
 3294 0cc1 10       		.byte	16
 3295 0cc2 E4       		.byte	-28
 3296 0cc3 10       		.byte	16
 3297 0cc4 E6       		.byte	-26
 3298 0cc5 80       		.byte	-128
 3299 0cc6 E8       		.byte	-24
 3300 0cc7 E1       		.byte	-31
 3301 0cc8 EC       		.byte	-20
 3302 0cc9 80       		.byte	-128
 3303 0cca 11       		.byte	17
 3304 0ccb 08       		.byte	8
 3305 0ccc 16       		.byte	22
 3306 0ccd 80       		.byte	-128
ARM GAS  C:\Users\haoen\AppData\Local\Temp\cciZ6gBk.s 			page 59


 3307 0cce 33       		.byte	51
 3308 0ccf 80       		.byte	-128
 3309 0cd0 38       		.byte	56
 3310 0cd1 08       		.byte	8
 3311 0cd2 3E       		.byte	62
 3312 0cd3 80       		.byte	-128
 3313 0cd4 C4       		.byte	-60
 3314 0cd5 30       		.byte	48
 3315 0cd6 CC       		.byte	-52
 3316 0cd7 10       		.byte	16
 3317 0cd8 CE       		.byte	-50
 3318 0cd9 60       		.byte	96
 3319 0cda 5D       		.byte	93
 3320 0cdb 02       		.byte	2
 3321 0cdc 8D       		.byte	-115
 3322 0cdd 04       		.byte	4
 3323 0cde 94       		.byte	-108
 3324 0cdf 08       		.byte	8
 3325 0ce0 9B       		.byte	-101
 3326 0ce1 04       		.byte	4
 3327 0ce2 A1       		.byte	-95
 3328 0ce3 04       		.byte	4
 3329 0ce4 A7       		.byte	-89
 3330 0ce5 80       		.byte	-128
 3331 0ce6 AB       		.byte	-85
 3332 0ce7 04       		.byte	4
 3333 0ce8 D6       		.byte	-42
 3334 0ce9 80       		.byte	-128
 3335 0cea EA       		.byte	-22
 3336 0ceb 80       		.byte	-128
 3337 0cec 5B       		.byte	91
 3338 0ced 04       		.byte	4
 3339 0cee 9B       		.byte	-101
 3340 0cef 04       		.byte	4
 3341 0cf0 A8       		.byte	-88
 3342 0cf1 04       		.byte	4
 3343 0cf2 AB       		.byte	-85
 3344 0cf3 80       		.byte	-128
 3345 0cf4 B5       		.byte	-75
 3346 0cf5 02       		.byte	2
 3347 0cf6 D6       		.byte	-42
 3348 0cf7 40       		.byte	64
 3349 0cf8 EE       		.byte	-18
 3350 0cf9 A0       		.byte	-96
 3351 0cfa A5       		.byte	-91
 3352 0cfb 20       		.byte	32
 3353 0cfc A9       		.byte	-87
 3354 0cfd 20       		.byte	32
 3355 0cfe E8       		.byte	-24
 3356 0cff 20       		.byte	32
 3357 0d00 7C       		.byte	124
 3358 0d01 01       		.byte	1
 3359 0d02 DE       		.byte	-34
 3360 0d03 01       		.byte	1
 3361 0d04 81       		.byte	-127
 3362 0d05 08       		.byte	8
 3363 0d06 B4       		.byte	-76
ARM GAS  C:\Users\haoen\AppData\Local\Temp\cciZ6gBk.s 			page 60


 3364 0d07 01       		.byte	1
 3365 0d08 EC       		.byte	-20
 3366 0d09 08       		.byte	8
 3367 0d0a 01       		.byte	1
 3368 0d0b 08       		.byte	8
 3369 0d0c 18       		.byte	24
 3370 0d0d 10       		.byte	16
 3371 0d0e 26       		.byte	38
 3372 0d0f 08       		.byte	8
 3373 0d10 47       		.byte	71
 3374 0d11 08       		.byte	8
 3375 0d12 57       		.byte	87
 3376 0d13 08       		.byte	8
 3377 0d14 94       		.byte	-108
 3378 0d15 10       		.byte	16
 3379 0d16 9D       		.byte	-99
 3380 0d17 08       		.byte	8
 3381 0d18 A8       		.byte	-88
 3382 0d19 10       		.byte	16
 3383 0d1a C0       		.byte	-64
 3384 0d1b 08       		.byte	8
 3385 0d1c C6       		.byte	-58
 3386 0d1d 08       		.byte	8
 3387 0d1e C8       		.byte	-56
 3388 0d1f 01       		.byte	1
 3389 0d20 D0       		.byte	-48
 3390 0d21 01       		.byte	1
 3391 0d22 D4       		.byte	-44
 3392 0d23 02       		.byte	2
 3393 0d24 44       		.byte	68
 3394 0d25 08       		.byte	8
 3395 0d26 8F       		.byte	-113
 3396 0d27 08       		.byte	8
 3397 0d28 A2       		.byte	-94
 3398 0d29 08       		.byte	8
 3399 0d2a A7       		.byte	-89
 3400 0d2b 08       		.byte	8
 3401 0d2c AB       		.byte	-85
 3402 0d2d 08       		.byte	8
 3403 0d2e D0       		.byte	-48
 3404 0d2f 04       		.byte	4
 3405 0d30 E0       		.byte	-32
 3406 0d31 08       		.byte	8
 3407 0d32 25       		.byte	37
 3408 0d33 20       		.byte	32
 3409 0d34 53       		.byte	83
 3410 0d35 01       		.byte	1
 3411 0d36 87       		.byte	-121
 3412 0d37 80       		.byte	-128
 3413 0d38 8F       		.byte	-113
 3414 0d39 01       		.byte	1
 3415 0d3a A5       		.byte	-91
 3416 0d3b 20       		.byte	32
 3417 0d3c C8       		.byte	-56
 3418 0d3d 20       		.byte	32
 3419 0d3e D4       		.byte	-44
 3420 0d3f 80       		.byte	-128
ARM GAS  C:\Users\haoen\AppData\Local\Temp\cciZ6gBk.s 			page 61


 3421 0d40 E4       		.byte	-28
 3422 0d41 10       		.byte	16
 3423 0d42 1B       		.byte	27
 3424 0d43 80       		.byte	-128
 3425 0d44 56       		.byte	86
 3426 0d45 10       		.byte	16
 3427 0d46 66       		.byte	102
 3428 0d47 80       		.byte	-128
 3429 0d48 86       		.byte	-122
 3430 0d49 10       		.byte	16
 3431 0d4a 8A       		.byte	-118
 3432 0d4b 80       		.byte	-128
 3433 0d4c A7       		.byte	-89
 3434 0d4d 80       		.byte	-128
 3435 0d4e C6       		.byte	-58
 3436 0d4f 40       		.byte	64
 3437 0d50 D4       		.byte	-44
 3438 0d51 40       		.byte	64
 3439 0d52 D6       		.byte	-42
 3440 0d53 80       		.byte	-128
 3441 0d54 E2       		.byte	-30
 3442 0d55 40       		.byte	64
 3443 0d56 0B       		.byte	11
 3444 0d57 02       		.byte	2
 3445 0d58 5F       		.byte	95
 3446 0d59 01       		.byte	1
 3447 0d5a 83       		.byte	-125
 3448 0d5b 01       		.byte	1
 3449 0d5c 84       		.byte	-124
 3450 0d5d 08       		.byte	8
 3451 0d5e 88       		.byte	-120
 3452 0d5f 01       		.byte	1
 3453 0d60 9C       		.byte	-100
 3454 0d61 08       		.byte	8
 3455 0d62 A2       		.byte	-94
 3456 0d63 08       		.byte	8
 3457 0d64 C2       		.byte	-62
 3458 0d65 02       		.byte	2
 3459 0d66 D6       		.byte	-42
 3460 0d67 01       		.byte	1
 3461 0d68 E0       		.byte	-32
 3462 0d69 01       		.byte	1
 3463 0d6a 74       		.byte	116
 3464 0d6b 01       		.byte	1
 3465 0d6c 8A       		.byte	-118
 3466 0d6d 08       		.byte	8
 3467 0d6e A0       		.byte	-96
 3468 0d6f 01       		.byte	1
 3469 0d70 A2       		.byte	-94
 3470 0d71 08       		.byte	8
 3471 0d72 AB       		.byte	-85
 3472 0d73 01       		.byte	1
 3473 0d74 DE       		.byte	-34
 3474 0d75 04       		.byte	4
 3475 0d76 E6       		.byte	-26
 3476 0d77 01       		.byte	1
 3477 0d78 00       		.byte	0
ARM GAS  C:\Users\haoen\AppData\Local\Temp\cciZ6gBk.s 			page 62


 3478 0d79 2E       		.byte	46
 3479 0d7a 01       		.byte	1
 3480 0d7b 01       		.byte	1
 3481 0d7c 08       		.byte	8
 3482 0d7d 2A       		.byte	42
 3483 0d7e 0A       		.byte	10
 3484 0d7f 0E       		.byte	14
 3485 0d80 0C       		.byte	12
 3486 0d81 2C       		.byte	44
 3487 0d82 0E       		.byte	14
 3488 0d83 0C       		.byte	12
 3489 0d84 0F       		.byte	15
 3490 0d85 01       		.byte	1
 3491 0d86 10       		.byte	16
 3492 0d87 2E       		.byte	46
 3493 0d88 1A       		.byte	26
 3494 0d89 0E       		.byte	14
 3495 0d8a 1C       		.byte	28
 3496 0d8b 28       		.byte	40
 3497 0d8c 00       		.byte	0
 3498 0d8d 03       		.byte	3
 3499 0d8e 10       		.byte	16
 3500 0d8f 0A       		.byte	10
 3501 0d90 80       		.byte	-128
 3502 0d91 00       		.byte	0
 3503 0d92 00       		.byte	0
 3504 0d93 00       		.byte	0
 3505 0d94 00       		.byte	0
 3506 0d95 00       		.byte	0
 3507 0d96 00       		.byte	0
 3508 0d97 80       		.byte	-128
 3509 0d98 B0       		.byte	-80
 3510 0d99 00       		.byte	0
 3511 0d9a 00       		.byte	0
 3512 0d9b 00       		.byte	0
 3513 0d9c 80       		.byte	-128
 3514 0d9d 00       		.byte	0
 3515 0d9e 00       		.byte	0
 3516 0d9f 80       		.byte	-128
 3517 0da0 80       		.byte	-128
 3518 0da1 00       		.byte	0
 3519 0da2 80       		.byte	-128
 3520 0da3 00       		.byte	0
 3521 0da4 00       		.byte	0
 3522 0da5 00       		.byte	0
 3523 0da6 00       		.byte	0
 3524 0da7 00       		.byte	0
 3525 0da8 28       		.byte	40
 3526 0da9 00       		.byte	0
 3527 0daa 10       		.byte	16
 3528 0dab 20       		.byte	32
 3529 0dac 20       		.byte	32
 3530 0dad 00       		.byte	0
 3531 0dae 20       		.byte	32
 3532 0daf 08       		.byte	8
 3533 0db0 08       		.byte	8
 3534 0db1 00       		.byte	0
ARM GAS  C:\Users\haoen\AppData\Local\Temp\cciZ6gBk.s 			page 63


 3535 0db2 00       		.byte	0
 3536 0db3 00       		.byte	0
 3537 0db4 80       		.byte	-128
 3538 0db5 00       		.byte	0
 3539 0db6 40       		.byte	64
 3540 0db7 8B       		.byte	-117
 3541 0db8 8B       		.byte	-117
 3542 0db9 00       		.byte	0
 3543 0dba 80       		.byte	-128
 3544 0dbb 00       		.byte	0
 3545 0dbc 00       		.byte	0
 3546 0dbd 00       		.byte	0
 3547 0dbe 00       		.byte	0
 3548 0dbf 00       		.byte	0
 3549 0dc0 00       		.byte	0
 3550 0dc1 02       		.byte	2
 3551 0dc2 02       		.byte	2
 3552 0dc3 00       		.byte	0
 3553 0dc4 00       		.byte	0
 3554 0dc5 00       		.byte	0
 3555 0dc6 00       		.byte	0
 3556 0dc7 00       		.byte	0
 3557 0dc8 88       		.byte	-120
 3558 0dc9 00       		.byte	0
 3559 0dca 00       		.byte	0
 3560 0dcb 00       		.byte	0
 3561 0dcc 00       		.byte	0
 3562 0dcd 00       		.byte	0
 3563 0dce 00       		.byte	0
 3564 0dcf 88       		.byte	-120
 3565 0dd0 B8       		.byte	-72
 3566 0dd1 00       		.byte	0
 3567 0dd2 00       		.byte	0
 3568 0dd3 00       		.byte	0
 3569 0dd4 7C       		.byte	124
 3570 0dd5 00       		.byte	0
 3571 0dd6 18       		.byte	24
 3572 0dd7 01       		.byte	1
 3573 0dd8 00       		.byte	0
 3574 0dd9 01       		.byte	1
 3575 0dda 00       		.byte	0
 3576 0ddb 00       		.byte	0
 3577              		.section	.cywolatch,"a",%progbits
 3578              		.align	2
 3579              		.type	cy_meta_wonvl, %object
 3580              		.size	cy_meta_wonvl, 4
 3581              	cy_meta_wonvl:
 3582 0000 BC       		.byte	-68
 3583 0001 90       		.byte	-112
 3584 0002 AC       		.byte	-84
 3585 0003 AF       		.byte	-81
 3586              		.section	.cycustnvl,"a",%progbits
 3587              		.align	2
 3588              		.type	cy_meta_custnvl, %object
 3589              		.size	cy_meta_custnvl, 4
 3590              	cy_meta_custnvl:
 3591 0000 00       		.byte	0
ARM GAS  C:\Users\haoen\AppData\Local\Temp\cciZ6gBk.s 			page 64


 3592 0001 00       		.byte	0
 3593 0002 40       		.byte	64
 3594 0003 05       		.byte	5
 3595              		.section	.cymeta,"a",%progbits
 3596              		.align	2
 3597              		.type	cy_metadata, %object
 3598              		.size	cy_metadata, 12
 3599              	cy_metadata:
 3600 0000 00       		.byte	0
 3601 0001 01       		.byte	1
 3602 0002 2E       		.byte	46
 3603 0003 16       		.byte	22
 3604 0004 10       		.byte	16
 3605 0005 69       		.byte	105
 3606 0006 00       		.byte	0
 3607 0007 01       		.byte	1
 3608 0008 00       		.byte	0
 3609 0009 00       		.byte	0
 3610 000a 00       		.byte	0
 3611 000b 00       		.byte	0
 3612              		.section	.cyflashprotect,"a",%progbits
 3613              		.align	2
 3614              		.type	cy_meta_flashprotect, %object
 3615              		.size	cy_meta_flashprotect, 256
 3616              	cy_meta_flashprotect:
 3617 0000 00000000 		.space	256
 3617      00000000 
 3617      00000000 
 3617      00000000 
 3617      00000000 
 3618              		.text
 3619              	.Letext0:
 3620              		.file 1 "c:\\program files (x86)\\cypress\\psoc creator\\4.4\\psoc creator\\import\\gnu\\arm\\5.4.
 3621              		.file 2 "c:\\program files (x86)\\cypress\\psoc creator\\4.4\\psoc creator\\import\\gnu\\arm\\5.4.
 3622              		.file 3 "Generated_Source\\PSoC5\\cymetadata.c"
 3623              		.section	.debug_info,"",%progbits
 3624              	.Ldebug_info0:
 3625 0000 35010000 		.4byte	0x135
 3626 0004 0400     		.2byte	0x4
 3627 0006 00000000 		.4byte	.Ldebug_abbrev0
 3628 000a 04       		.byte	0x4
 3629 000b 01       		.uleb128 0x1
 3630 000c 73000000 		.4byte	.LASF17
 3631 0010 0C       		.byte	0xc
 3632 0011 CD010000 		.4byte	.LASF18
 3633 0015 00000000 		.4byte	.LASF19
 3634 0019 00000000 		.4byte	.Ldebug_line0
 3635 001d 02       		.uleb128 0x2
 3636 001e 01       		.byte	0x1
 3637 001f 06       		.byte	0x6
 3638 0020 C1010000 		.4byte	.LASF0
 3639 0024 03       		.uleb128 0x3
 3640 0025 4F000000 		.4byte	.LASF9
 3641 0029 01       		.byte	0x1
 3642 002a 1D       		.byte	0x1d
 3643 002b 2F000000 		.4byte	0x2f
 3644 002f 02       		.uleb128 0x2
ARM GAS  C:\Users\haoen\AppData\Local\Temp\cciZ6gBk.s 			page 65


 3645 0030 01       		.byte	0x1
 3646 0031 08       		.byte	0x8
 3647 0032 65000000 		.4byte	.LASF1
 3648 0036 02       		.uleb128 0x2
 3649 0037 02       		.byte	0x2
 3650 0038 05       		.byte	0x5
 3651 0039 AE010000 		.4byte	.LASF2
 3652 003d 02       		.uleb128 0x2
 3653 003e 02       		.byte	0x2
 3654 003f 07       		.byte	0x7
 3655 0040 13010000 		.4byte	.LASF3
 3656 0044 02       		.uleb128 0x2
 3657 0045 04       		.byte	0x4
 3658 0046 05       		.byte	0x5
 3659 0047 B8010000 		.4byte	.LASF4
 3660 004b 02       		.uleb128 0x2
 3661 004c 04       		.byte	0x4
 3662 004d 07       		.byte	0x7
 3663 004e 01010000 		.4byte	.LASF5
 3664 0052 02       		.uleb128 0x2
 3665 0053 08       		.byte	0x8
 3666 0054 05       		.byte	0x5
 3667 0055 A0010000 		.4byte	.LASF6
 3668 0059 02       		.uleb128 0x2
 3669 005a 08       		.byte	0x8
 3670 005b 07       		.byte	0x7
 3671 005c 55010000 		.4byte	.LASF7
 3672 0060 04       		.uleb128 0x4
 3673 0061 04       		.byte	0x4
 3674 0062 05       		.byte	0x5
 3675 0063 696E7400 		.ascii	"int\000"
 3676 0067 02       		.uleb128 0x2
 3677 0068 04       		.byte	0x4
 3678 0069 07       		.byte	0x7
 3679 006a 48010000 		.4byte	.LASF8
 3680 006e 03       		.uleb128 0x3
 3681 006f 6C010000 		.4byte	.LASF10
 3682 0073 02       		.byte	0x2
 3683 0074 18       		.byte	0x18
 3684 0075 24000000 		.4byte	0x24
 3685 0079 05       		.uleb128 0x5
 3686 007a 91000000 		.4byte	0x91
 3687 007e 8A000000 		.4byte	0x8a
 3688 0082 06       		.uleb128 0x6
 3689 0083 8A000000 		.4byte	0x8a
 3690 0087 DB0D     		.2byte	0xddb
 3691 0089 00       		.byte	0
 3692 008a 02       		.uleb128 0x2
 3693 008b 04       		.byte	0x4
 3694 008c 07       		.byte	0x7
 3695 008d 97010000 		.4byte	.LASF11
 3696 0091 07       		.uleb128 0x7
 3697 0092 6E000000 		.4byte	0x6e
 3698 0096 08       		.uleb128 0x8
 3699 0097 36010000 		.4byte	.LASF12
 3700 009b 03       		.byte	0x3
 3701 009c 1F       		.byte	0x1f
ARM GAS  C:\Users\haoen\AppData\Local\Temp\cciZ6gBk.s 			page 66


 3702 009d A7000000 		.4byte	0xa7
 3703 00a1 05       		.uleb128 0x5
 3704 00a2 03       		.byte	0x3
 3705 00a3 00000000 		.4byte	cy_meta_configecc
 3706 00a7 07       		.uleb128 0x7
 3707 00a8 79000000 		.4byte	0x79
 3708 00ac 05       		.uleb128 0x5
 3709 00ad 91000000 		.4byte	0x91
 3710 00b1 BC000000 		.4byte	0xbc
 3711 00b5 09       		.uleb128 0x9
 3712 00b6 8A000000 		.4byte	0x8a
 3713 00ba 03       		.byte	0x3
 3714 00bb 00       		.byte	0
 3715 00bc 0A       		.uleb128 0xa
 3716 00bd 26010000 		.4byte	.LASF13
 3717 00c1 03       		.byte	0x3
 3718 00c2 E801     		.2byte	0x1e8
 3719 00c4 CE000000 		.4byte	0xce
 3720 00c8 05       		.uleb128 0x5
 3721 00c9 03       		.byte	0x3
 3722 00ca 00000000 		.4byte	cy_meta_custnvl
 3723 00ce 07       		.uleb128 0x7
 3724 00cf AC000000 		.4byte	0xac
 3725 00d3 0A       		.uleb128 0xa
 3726 00d4 89010000 		.4byte	.LASF14
 3727 00d8 03       		.byte	0x3
 3728 00d9 F601     		.2byte	0x1f6
 3729 00db E5000000 		.4byte	0xe5
 3730 00df 05       		.uleb128 0x5
 3731 00e0 03       		.byte	0x3
 3732 00e1 00000000 		.4byte	cy_meta_wonvl
 3733 00e5 07       		.uleb128 0x7
 3734 00e6 AC000000 		.4byte	0xac
 3735 00ea 05       		.uleb128 0x5
 3736 00eb 91000000 		.4byte	0x91
 3737 00ef FA000000 		.4byte	0xfa
 3738 00f3 09       		.uleb128 0x9
 3739 00f4 8A000000 		.4byte	0x8a
 3740 00f8 FF       		.byte	0xff
 3741 00f9 00       		.byte	0
 3742 00fa 0A       		.uleb128 0xa
 3743 00fb 74010000 		.4byte	.LASF15
 3744 00ff 03       		.byte	0x3
 3745 0100 0402     		.2byte	0x204
 3746 0102 0C010000 		.4byte	0x10c
 3747 0106 05       		.uleb128 0x5
 3748 0107 03       		.byte	0x3
 3749 0108 00000000 		.4byte	cy_meta_flashprotect
 3750 010c 07       		.uleb128 0x7
 3751 010d EA000000 		.4byte	0xea
 3752 0111 05       		.uleb128 0x5
 3753 0112 91000000 		.4byte	0x91
 3754 0116 21010000 		.4byte	0x121
 3755 011a 09       		.uleb128 0x9
 3756 011b 8A000000 		.4byte	0x8a
 3757 011f 0B       		.byte	0xb
 3758 0120 00       		.byte	0
ARM GAS  C:\Users\haoen\AppData\Local\Temp\cciZ6gBk.s 			page 67


 3759 0121 0A       		.uleb128 0xa
 3760 0122 59000000 		.4byte	.LASF16
 3761 0126 03       		.byte	0x3
 3762 0127 3102     		.2byte	0x231
 3763 0129 33010000 		.4byte	0x133
 3764 012d 05       		.uleb128 0x5
 3765 012e 03       		.byte	0x3
 3766 012f 00000000 		.4byte	cy_metadata
 3767 0133 07       		.uleb128 0x7
 3768 0134 11010000 		.4byte	0x111
 3769 0138 00       		.byte	0
 3770              		.section	.debug_abbrev,"",%progbits
 3771              	.Ldebug_abbrev0:
 3772 0000 01       		.uleb128 0x1
 3773 0001 11       		.uleb128 0x11
 3774 0002 01       		.byte	0x1
 3775 0003 25       		.uleb128 0x25
 3776 0004 0E       		.uleb128 0xe
 3777 0005 13       		.uleb128 0x13
 3778 0006 0B       		.uleb128 0xb
 3779 0007 03       		.uleb128 0x3
 3780 0008 0E       		.uleb128 0xe
 3781 0009 1B       		.uleb128 0x1b
 3782 000a 0E       		.uleb128 0xe
 3783 000b 10       		.uleb128 0x10
 3784 000c 17       		.uleb128 0x17
 3785 000d 00       		.byte	0
 3786 000e 00       		.byte	0
 3787 000f 02       		.uleb128 0x2
 3788 0010 24       		.uleb128 0x24
 3789 0011 00       		.byte	0
 3790 0012 0B       		.uleb128 0xb
 3791 0013 0B       		.uleb128 0xb
 3792 0014 3E       		.uleb128 0x3e
 3793 0015 0B       		.uleb128 0xb
 3794 0016 03       		.uleb128 0x3
 3795 0017 0E       		.uleb128 0xe
 3796 0018 00       		.byte	0
 3797 0019 00       		.byte	0
 3798 001a 03       		.uleb128 0x3
 3799 001b 16       		.uleb128 0x16
 3800 001c 00       		.byte	0
 3801 001d 03       		.uleb128 0x3
 3802 001e 0E       		.uleb128 0xe
 3803 001f 3A       		.uleb128 0x3a
 3804 0020 0B       		.uleb128 0xb
 3805 0021 3B       		.uleb128 0x3b
 3806 0022 0B       		.uleb128 0xb
 3807 0023 49       		.uleb128 0x49
 3808 0024 13       		.uleb128 0x13
 3809 0025 00       		.byte	0
 3810 0026 00       		.byte	0
 3811 0027 04       		.uleb128 0x4
 3812 0028 24       		.uleb128 0x24
 3813 0029 00       		.byte	0
 3814 002a 0B       		.uleb128 0xb
 3815 002b 0B       		.uleb128 0xb
ARM GAS  C:\Users\haoen\AppData\Local\Temp\cciZ6gBk.s 			page 68


 3816 002c 3E       		.uleb128 0x3e
 3817 002d 0B       		.uleb128 0xb
 3818 002e 03       		.uleb128 0x3
 3819 002f 08       		.uleb128 0x8
 3820 0030 00       		.byte	0
 3821 0031 00       		.byte	0
 3822 0032 05       		.uleb128 0x5
 3823 0033 01       		.uleb128 0x1
 3824 0034 01       		.byte	0x1
 3825 0035 49       		.uleb128 0x49
 3826 0036 13       		.uleb128 0x13
 3827 0037 01       		.uleb128 0x1
 3828 0038 13       		.uleb128 0x13
 3829 0039 00       		.byte	0
 3830 003a 00       		.byte	0
 3831 003b 06       		.uleb128 0x6
 3832 003c 21       		.uleb128 0x21
 3833 003d 00       		.byte	0
 3834 003e 49       		.uleb128 0x49
 3835 003f 13       		.uleb128 0x13
 3836 0040 2F       		.uleb128 0x2f
 3837 0041 05       		.uleb128 0x5
 3838 0042 00       		.byte	0
 3839 0043 00       		.byte	0
 3840 0044 07       		.uleb128 0x7
 3841 0045 26       		.uleb128 0x26
 3842 0046 00       		.byte	0
 3843 0047 49       		.uleb128 0x49
 3844 0048 13       		.uleb128 0x13
 3845 0049 00       		.byte	0
 3846 004a 00       		.byte	0
 3847 004b 08       		.uleb128 0x8
 3848 004c 34       		.uleb128 0x34
 3849 004d 00       		.byte	0
 3850 004e 03       		.uleb128 0x3
 3851 004f 0E       		.uleb128 0xe
 3852 0050 3A       		.uleb128 0x3a
 3853 0051 0B       		.uleb128 0xb
 3854 0052 3B       		.uleb128 0x3b
 3855 0053 0B       		.uleb128 0xb
 3856 0054 49       		.uleb128 0x49
 3857 0055 13       		.uleb128 0x13
 3858 0056 3F       		.uleb128 0x3f
 3859 0057 19       		.uleb128 0x19
 3860 0058 02       		.uleb128 0x2
 3861 0059 18       		.uleb128 0x18
 3862 005a 00       		.byte	0
 3863 005b 00       		.byte	0
 3864 005c 09       		.uleb128 0x9
 3865 005d 21       		.uleb128 0x21
 3866 005e 00       		.byte	0
 3867 005f 49       		.uleb128 0x49
 3868 0060 13       		.uleb128 0x13
 3869 0061 2F       		.uleb128 0x2f
 3870 0062 0B       		.uleb128 0xb
 3871 0063 00       		.byte	0
 3872 0064 00       		.byte	0
ARM GAS  C:\Users\haoen\AppData\Local\Temp\cciZ6gBk.s 			page 69


 3873 0065 0A       		.uleb128 0xa
 3874 0066 34       		.uleb128 0x34
 3875 0067 00       		.byte	0
 3876 0068 03       		.uleb128 0x3
 3877 0069 0E       		.uleb128 0xe
 3878 006a 3A       		.uleb128 0x3a
 3879 006b 0B       		.uleb128 0xb
 3880 006c 3B       		.uleb128 0x3b
 3881 006d 05       		.uleb128 0x5
 3882 006e 49       		.uleb128 0x49
 3883 006f 13       		.uleb128 0x13
 3884 0070 3F       		.uleb128 0x3f
 3885 0071 19       		.uleb128 0x19
 3886 0072 02       		.uleb128 0x2
 3887 0073 18       		.uleb128 0x18
 3888 0074 00       		.byte	0
 3889 0075 00       		.byte	0
 3890 0076 00       		.byte	0
 3891              		.section	.debug_aranges,"",%progbits
 3892 0000 14000000 		.4byte	0x14
 3893 0004 0200     		.2byte	0x2
 3894 0006 00000000 		.4byte	.Ldebug_info0
 3895 000a 04       		.byte	0x4
 3896 000b 00       		.byte	0
 3897 000c 0000     		.2byte	0
 3898 000e 0000     		.2byte	0
 3899 0010 00000000 		.4byte	0
 3900 0014 00000000 		.4byte	0
 3901              		.section	.debug_line,"",%progbits
 3902              	.Ldebug_line0:
 3903 0000 3D010000 		.section	.debug_str,"MS",%progbits,1
 3903      02003701 
 3903      00000201 
 3903      FB0E0D00 
 3903      01010101 
 3904              	.LASF19:
 3905 0000 433A5C55 		.ascii	"C:\\Users\\haoen\\Desktop\\Work\\ECMO\\ecmo_psoc5_w"
 3905      73657273 
 3905      5C68616F 
 3905      656E5C44 
 3905      65736B74 
 3906 002d 735C5053 		.ascii	"s\\PSOC Code\\PSOC5 Implement.cydsn\000"
 3906      4F432043 
 3906      6F64655C 
 3906      50534F43 
 3906      3520496D 
 3907              	.LASF9:
 3908 004f 5F5F7569 		.ascii	"__uint8_t\000"
 3908      6E74385F 
 3908      7400
 3909              	.LASF16:
 3910 0059 63795F6D 		.ascii	"cy_metadata\000"
 3910      65746164 
 3910      61746100 
 3911              	.LASF1:
 3912 0065 756E7369 		.ascii	"unsigned char\000"
 3912      676E6564 
ARM GAS  C:\Users\haoen\AppData\Local\Temp\cciZ6gBk.s 			page 70


 3912      20636861 
 3912      7200
 3913              	.LASF17:
 3914 0073 474E5520 		.ascii	"GNU C11 5.4.1 20160609 (release) [ARM/embedded-5-br"
 3914      43313120 
 3914      352E342E 
 3914      31203230 
 3914      31363036 
 3915 00a6 616E6368 		.ascii	"anch revision 237715] -mcpu=cortex-m3 -mthumb -g -O"
 3915      20726576 
 3915      6973696F 
 3915      6E203233 
 3915      37373135 
 3916 00d9 67202D66 		.ascii	"g -ffunction-sections -ffat-lto-objects\000"
 3916      66756E63 
 3916      74696F6E 
 3916      2D736563 
 3916      74696F6E 
 3917              	.LASF5:
 3918 0101 6C6F6E67 		.ascii	"long unsigned int\000"
 3918      20756E73 
 3918      69676E65 
 3918      6420696E 
 3918      7400
 3919              	.LASF3:
 3920 0113 73686F72 		.ascii	"short unsigned int\000"
 3920      7420756E 
 3920      7369676E 
 3920      65642069 
 3920      6E7400
 3921              	.LASF13:
 3922 0126 63795F6D 		.ascii	"cy_meta_custnvl\000"
 3922      6574615F 
 3922      63757374 
 3922      6E766C00 
 3923              	.LASF12:
 3924 0136 63795F6D 		.ascii	"cy_meta_configecc\000"
 3924      6574615F 
 3924      636F6E66 
 3924      69676563 
 3924      6300
 3925              	.LASF8:
 3926 0148 756E7369 		.ascii	"unsigned int\000"
 3926      676E6564 
 3926      20696E74 
 3926      00
 3927              	.LASF7:
 3928 0155 6C6F6E67 		.ascii	"long long unsigned int\000"
 3928      206C6F6E 
 3928      6720756E 
 3928      7369676E 
 3928      65642069 
 3929              	.LASF10:
 3930 016c 75696E74 		.ascii	"uint8_t\000"
 3930      385F7400 
 3931              	.LASF15:
 3932 0174 63795F6D 		.ascii	"cy_meta_flashprotect\000"
ARM GAS  C:\Users\haoen\AppData\Local\Temp\cciZ6gBk.s 			page 71


 3932      6574615F 
 3932      666C6173 
 3932      6870726F 
 3932      74656374 
 3933              	.LASF14:
 3934 0189 63795F6D 		.ascii	"cy_meta_wonvl\000"
 3934      6574615F 
 3934      776F6E76 
 3934      6C00
 3935              	.LASF11:
 3936 0197 73697A65 		.ascii	"sizetype\000"
 3936      74797065 
 3936      00
 3937              	.LASF6:
 3938 01a0 6C6F6E67 		.ascii	"long long int\000"
 3938      206C6F6E 
 3938      6720696E 
 3938      7400
 3939              	.LASF2:
 3940 01ae 73686F72 		.ascii	"short int\000"
 3940      7420696E 
 3940      7400
 3941              	.LASF4:
 3942 01b8 6C6F6E67 		.ascii	"long int\000"
 3942      20696E74 
 3942      00
 3943              	.LASF0:
 3944 01c1 7369676E 		.ascii	"signed char\000"
 3944      65642063 
 3944      68617200 
 3945              	.LASF18:
 3946 01cd 47656E65 		.ascii	"Generated_Source\\PSoC5\\cymetadata.c\000"
 3946      72617465 
 3946      645F536F 
 3946      75726365 
 3946      5C50536F 
 3947              		.ident	"GCC: (GNU Tools for ARM Embedded Processors) 5.4.1 20160609 (release) [ARM/embedded-5-bran
