ARM GAS  C:\Users\haoen\AppData\Local\Temp\ccmUKDbF.s 			page 1


   1              		.syntax unified
   2              		.cpu cortex-m3
   3              		.fpu softvfp
   4              		.eabi_attribute 20, 1
   5              		.eabi_attribute 21, 1
   6              		.eabi_attribute 23, 3
   7              		.eabi_attribute 24, 1
   8              		.eabi_attribute 25, 1
   9              		.eabi_attribute 26, 1
  10              		.eabi_attribute 30, 1
  11              		.eabi_attribute 34, 1
  12              		.eabi_attribute 18, 4
  13              		.thumb
  14              		.syntax unified
  15              		.file	"main.c"
  16              		.text
  17              	.Ltext0:
  18              		.cfi_sections	.debug_frame
  19              		.section	.text.Timer_Interrupt_Handler,"ax",%progbits
  20              		.align	2
  21              		.global	Timer_Interrupt_Handler
  22              		.thumb
  23              		.thumb_func
  24              		.type	Timer_Interrupt_Handler, %function
  25              	Timer_Interrupt_Handler:
  26              	.LFB64:
  27              		.file 1 "main.c"
   1:main.c        **** /* ========================================
   2:main.c        ****  *
   3:main.c        ****  * Copyright YOUR COMPANY, THE YEAR
   4:main.c        ****  * All Rights Reserved
   5:main.c        ****  * UNPUBLISHED, LICENSED SOFTWARE.
   6:main.c        ****  *
   7:main.c        ****  * CONFIDENTIAL AND PROPRIETARY INFORMATION
   8:main.c        ****  * WHICH IS THE PROPERTY OF your company.
   9:main.c        ****  *
  10:main.c        ****  * ========================================
  11:main.c        **** */
  12:main.c        **** #include "project.h"
  13:main.c        **** #include <stdio.h>
  14:main.c        **** #include <math.h>
  15:main.c        **** #include <string.h>
  16:main.c        **** #include <stdbool.h>
  17:main.c        **** #include <unistd.h>
  18:main.c        **** #include "Pressure_Transducer.h"
  19:main.c        **** 
  20:main.c        **** 
  21:main.c        **** 
  22:main.c        **** #define ADC_NUM_CHANNELS                4u
  23:main.c        **** #define ADC_SAMPLES_PER_PACKET          1u
  24:main.c        **** #define ADC_PRESSURE_CHANNELS           2u
  25:main.c        **** #define MAX_PACKET_SIZE                 255u
  26:main.c        **** #define ADC_SAMPLE_RATE_DIV             10u
  27:main.c        **** #define PRESSURE_TRANSDUCER_TIME_SHIFT  5u
  28:main.c        **** #define OEM_POLL_DIV                    10u
  29:main.c        **** #define OEM_TIMEOUT_MS                  10u
  30:main.c        **** 
ARM GAS  C:\Users\haoen\AppData\Local\Temp\ccmUKDbF.s 			page 2


  31:main.c        **** static uint16_t flow_scale_factor = 0u;
  32:main.c        **** static bool     flow_scale_valid = false;
  33:main.c        **** 
  34:main.c        **** /* Foreground-background shared variables */
  35:main.c        **** volatile static bool adcKick = false;
  36:main.c        **** volatile static bool pressureDataReady = false;
  37:main.c        **** volatile static bool flowDataReady = false;
  38:main.c        **** volatile static bool checkData = false;
  39:main.c        **** 
  40:main.c        **** static const float32 boundaryToleranceInterval = 0.1;
  41:main.c        **** static const float32 changeToleranceInterval = 0.3;
  42:main.c        **** 
  43:main.c        **** volatile static float32 savedADC = NAN;
  44:main.c        **** volatile int16_t adcData[ADC_SAMPLES_PER_PACKET*ADC_NUM_CHANNELS];
  45:main.c        **** volatile int16_t pressureData[ADC_PRESSURE_CHANNELS];
  46:main.c        **** 
  47:main.c        **** /* Foreground variables */
  48:main.c        **** static volatile uint16_t adcTimerCount = 0;
  49:main.c        **** static volatile uint16_t timerCountDataCompare = 0;
  50:main.c        **** static volatile uint16_t flowTimerCount = 0;
  51:main.c        **** 
  52:main.c        **** /* Background variables */
  53:main.c        **** static uint8_t RPI_TX_Buffer[MAX_PACKET_SIZE + 3];
  54:main.c        **** static uint8_t packet[MAX_PACKET_SIZE];
  55:main.c        **** 
  56:main.c        **** static const uint8_t crcPolynomial  = 0x0A;
  57:main.c        **** 
  58:main.c        **** static const uint8_t initGood = 0b00000000;
  59:main.c        **** static const uint8_t encryptionInitError = 0b00000010;
  60:main.c        **** static const uint8_t flowInitError = 0b00000100;
  61:main.c        **** 
  62:main.c        **** static const uint8_t dataGood           = 0b00000001;
  63:main.c        **** static const uint8_t ADCOORWarn         = 0b00000011;
  64:main.c        **** static const uint8_t ADCJumpWarn        = 0b00000101;
  65:main.c        **** static const uint8_t PressureOORWarn    = 0b00001001;
  66:main.c        **** static const uint8_t PressureJumpWarn   = 0b00010001;
  67:main.c        **** static const uint8_t FlowDataWarn       = 0b00100001;
  68:main.c        **** 
  69:main.c        **** static const uint32_t dataCompareInterval = 500;
  70:main.c        **** 
  71:main.c        **** 
  72:main.c        **** 
  73:main.c        **** /* CRC-8 calculation table */
  74:main.c        **** static const uint8_t crcTable[256] = {
  75:main.c        ****     0x00, 0x07, 0x0E, 0x09, 0x1C, 0x1B, 0x12, 0x15, 0x38, 0x3F, 0x36, 0x31, 0x24, 0x23, 0x2A, 0x2D,
  76:main.c        ****     0x70, 0x77, 0x7E, 0x79, 0x6C, 0x6B, 0x62, 0x65, 0x48, 0x4F, 0x46, 0x41, 0x54, 0x53, 0x5A, 0x5D,
  77:main.c        ****     0xE0, 0xE7, 0xEE, 0xE9, 0xFC, 0xFB, 0xF2, 0xF5, 0xD8, 0xDF, 0xD6, 0xD1, 0xC4, 0xC3, 0xCA, 0xCD,
  78:main.c        ****     0x90, 0x97, 0x9E, 0x99, 0x8C, 0x8B, 0x82, 0x85, 0xA8, 0xAF, 0xA6, 0xA1, 0xB4, 0xB3, 0xBA, 0xBD,
  79:main.c        ****     0xC7, 0xC0, 0xC9, 0xCE, 0xDB, 0xDC, 0xD5, 0xD2, 0xFF, 0xF8, 0xF1, 0xF6, 0xE3, 0xE4, 0xED, 0xEA,
  80:main.c        ****     0xB7, 0xB0, 0xB9, 0xBE, 0xAB, 0xAC, 0xA5, 0xA2, 0x8F, 0x88, 0x81, 0x86, 0x93, 0x94, 0x9D, 0x9A,
  81:main.c        ****     0x27, 0x20, 0x29, 0x2E, 0x3B, 0x3C, 0x35, 0x32, 0x1F, 0x18, 0x11, 0x16, 0x03, 0x04, 0x0D, 0x0A,
  82:main.c        ****     0x57, 0x50, 0x59, 0x5E, 0x4B, 0x4C, 0x45, 0x42, 0x6F, 0x68, 0x61, 0x66, 0x73, 0x74, 0x7D, 0x7A,
  83:main.c        ****     0x89, 0x8E, 0x87, 0x80, 0x95, 0x92, 0x9B, 0x9C, 0xB1, 0xB6, 0xBF, 0xB8, 0xAD, 0xAA, 0xA3, 0xA4,
  84:main.c        ****     0xF9, 0xFE, 0xF7, 0xF0, 0xE5, 0xE2, 0xEB, 0xEC, 0xC1, 0xC6, 0xCF, 0xC8, 0xDD, 0xDA, 0xD3, 0xD4,
  85:main.c        ****     0x69, 0x6E, 0x67, 0x60, 0x75, 0x72, 0x7B, 0x7C, 0x51, 0x56, 0x5F, 0x58, 0x4D, 0x4A, 0x43, 0x44,
  86:main.c        ****     0x19, 0x1E, 0x17, 0x10, 0x05, 0x02, 0x0B, 0x0C, 0x21, 0x26, 0x2F, 0x28, 0x3D, 0x3A, 0x33, 0x34,
  87:main.c        ****     0x4E, 0x49, 0x40, 0x47, 0x52, 0x55, 0x5C, 0x5B, 0x76, 0x71, 0x78, 0x7F, 0x6A, 0x6D, 0x64, 0x63,
ARM GAS  C:\Users\haoen\AppData\Local\Temp\ccmUKDbF.s 			page 3


  88:main.c        ****     0x3E, 0x39, 0x30, 0x37, 0x22, 0x25, 0x2C, 0x2B, 0x06, 0x01, 0x08, 0x0F, 0x1A, 0x1D, 0x14, 0x13,
  89:main.c        ****     0xAE, 0xA9, 0xA0, 0xA7, 0xB2, 0xB5, 0xBC, 0xBB, 0x96, 0x91, 0x98, 0x9F, 0x8A, 0x8D, 0x84, 0x83,
  90:main.c        ****     0xDE, 0xD9, 0xD0, 0xD7, 0xC2, 0xC5, 0xCC, 0xCB, 0xE6, 0xE1, 0xE8, 0xEF, 0xFA, 0xFD, 0xF4, 0xF3
  91:main.c        **** };
  92:main.c        **** 
  93:main.c        **** 
  94:main.c        **** 
  95:main.c        **** void Timer_Interrupt_Handler(void);
  96:main.c        **** 
  97:main.c        **** static bool OEM_Read2(uint8_t *msb, uint8_t *lsb, uint32_t timeout_ms);
  98:main.c        **** static bool OEM_ReadF(float *flow_ml_min, uint8_t *good);
  99:main.c        **** static bool OEM_ReadP(float *phase_deg);
 100:main.c        **** static bool OEM_ReadAmp(float *nrsaA_pct, float *nrsaB_pct, float *dA_pct, float *dB_pct);
 101:main.c        **** 
 102:main.c        **** void wrap_data(uint8_t opcode, uint8_t* data, uint8_t length);
 103:main.c        **** 
 104:main.c        **** void float2Bytes(float32 val, uint8_t *bytes_array);
 105:main.c        **** void u16Int2Bytes(uint16_t val, uint8_t *bytes_array);
 106:main.c        **** 
 107:main.c        **** uint8_t calculateCRC8(uint8_t crcPolynomial, uint8_t dataLength, uint8_t* data);
 108:main.c        **** 
 109:main.c        **** 
 110:main.c        **** 
 111:main.c        **** CY_ISR (Timer_Interrupt_Handler)
 112:main.c        **** {
  28              		.loc 1 112 0
  29              		.cfi_startproc
  30              		@ args = 0, pretend = 0, frame = 0
  31              		@ frame_needed = 0, uses_anonymous_args = 0
  32 0000 10B5     		push	{r4, lr}
  33              		.cfi_def_cfa_offset 8
  34              		.cfi_offset 4, -8
  35              		.cfi_offset 14, -4
 113:main.c        ****     (void)Timer_ISR_ReadStatusRegister();   // clear interrupt
  36              		.loc 1 113 0
  37 0002 FFF7FEFF 		bl	Timer_ISR_ReadStatusRegister
  38              	.LVL0:
 114:main.c        ****     
 115:main.c        ****     adcTimerCount++;
  39              		.loc 1 115 0
  40 0006 234B     		ldr	r3, .L10
  41 0008 1A88     		ldrh	r2, [r3]
  42 000a 92B2     		uxth	r2, r2
  43 000c 0132     		adds	r2, r2, #1
  44 000e 92B2     		uxth	r2, r2
  45 0010 1A80     		strh	r2, [r3]	@ movhi
 116:main.c        ****     timerCountDataCompare++;
  46              		.loc 1 116 0
  47 0012 5A88     		ldrh	r2, [r3, #2]
  48 0014 92B2     		uxth	r2, r2
  49 0016 0132     		adds	r2, r2, #1
  50 0018 92B2     		uxth	r2, r2
  51 001a 5A80     		strh	r2, [r3, #2]	@ movhi
 117:main.c        ****     flowTimerCount++;
  52              		.loc 1 117 0
  53 001c 9A88     		ldrh	r2, [r3, #4]
  54 001e 92B2     		uxth	r2, r2
ARM GAS  C:\Users\haoen\AppData\Local\Temp\ccmUKDbF.s 			page 4


  55 0020 0132     		adds	r2, r2, #1
  56 0022 92B2     		uxth	r2, r2
  57 0024 9A80     		strh	r2, [r3, #4]	@ movhi
 118:main.c        **** 
 119:main.c        ****     // Read Pressure Transducer data with frequency 10 Hz
 120:main.c        ****     // Note: this is offset by PRESSURE_TRANSDUCER_TIME_SHIFT to avoid ADC and Pressure Transducer 
 121:main.c        ****     if ((adcTimerCount + PRESSURE_TRANSDUCER_TIME_SHIFT) == ADC_SAMPLE_RATE_DIV) {
  58              		.loc 1 121 0
  59 0026 1B88     		ldrh	r3, [r3]
  60 0028 9BB2     		uxth	r3, r3
  61 002a 052B     		cmp	r3, #5
  62 002c 10D1     		bne	.L3
  63 002e 09E0     		b	.L8
  64              	.LVL1:
  65              	.L4:
  66              	.LBB18:
 122:main.c        ****         for (uint16_t i = 0; i < ADC_PRESSURE_CHANNELS; i++) {
 123:main.c        ****             pressureData[i] = read_pressure(i);
  67              		.loc 1 123 0 discriminator 3
  68 0030 2046     		mov	r0, r4
  69 0032 FFF7FEFF 		bl	read_pressure
  70              	.LVL2:
  71 0036 00B2     		sxth	r0, r0
  72 0038 174B     		ldr	r3, .L10+4
  73 003a 23F81400 		strh	r0, [r3, r4, lsl #1]	@ movhi
 122:main.c        ****         for (uint16_t i = 0; i < ADC_PRESSURE_CHANNELS; i++) {
  74              		.loc 1 122 0 discriminator 3
  75 003e 0134     		adds	r4, r4, #1
  76              	.LVL3:
  77 0040 A4B2     		uxth	r4, r4
  78              	.LVL4:
  79 0042 00E0     		b	.L2
  80              	.LVL5:
  81              	.L8:
  82              	.LBE18:
  83 0044 0024     		movs	r4, #0
  84              	.L2:
  85              	.LVL6:
  86              	.LBB19:
 122:main.c        ****         for (uint16_t i = 0; i < ADC_PRESSURE_CHANNELS; i++) {
  87              		.loc 1 122 0 is_stmt 0 discriminator 1
  88 0046 012C     		cmp	r4, #1
  89 0048 F2D9     		bls	.L4
  90              	.LBE19:
 124:main.c        ****         }
 125:main.c        ****         pressureDataReady = true;
  91              		.loc 1 125 0 is_stmt 1
  92 004a 0122     		movs	r2, #1
  93 004c 114B     		ldr	r3, .L10
  94 004e 9A71     		strb	r2, [r3, #6]
  95              	.LVL7:
  96              	.L3:
 126:main.c        ****     }
 127:main.c        **** 
 128:main.c        ****     // Read ADC conversion results with frequency 10 Hz (10 us latency)
 129:main.c        ****     if (adcTimerCount == ADC_SAMPLE_RATE_DIV) {
  97              		.loc 1 129 0
ARM GAS  C:\Users\haoen\AppData\Local\Temp\ccmUKDbF.s 			page 5


  98 0050 104B     		ldr	r3, .L10
  99 0052 1B88     		ldrh	r3, [r3]
 100 0054 9BB2     		uxth	r3, r3
 101 0056 0A2B     		cmp	r3, #10
 102 0058 06D1     		bne	.L5
 130:main.c        ****         adcTimerCount = 0;        
 103              		.loc 1 130 0
 104 005a 0E4B     		ldr	r3, .L10
 105 005c 0022     		movs	r2, #0
 106 005e 1A80     		strh	r2, [r3]	@ movhi
 131:main.c        ****         // Check conversion status without blocking
 132:main.c        ****         adcKick = true;            
 107              		.loc 1 132 0
 108 0060 0122     		movs	r2, #1
 109 0062 DA71     		strb	r2, [r3, #7]
 133:main.c        ****         // Start next conversion
 134:main.c        ****         ADC_TS410_StartConvert();    
 110              		.loc 1 134 0
 111 0064 FFF7FEFF 		bl	ADC_TS410_StartConvert
 112              	.LVL8:
 113              	.L5:
 135:main.c        ****     }
 136:main.c        **** 
 137:main.c        ****     if(timerCountDataCompare == dataCompareInterval){
 114              		.loc 1 137 0
 115 0068 0A4B     		ldr	r3, .L10
 116 006a 5B88     		ldrh	r3, [r3, #2]
 117 006c 9BB2     		uxth	r3, r3
 118 006e B3F5FA7F 		cmp	r3, #500
 119 0072 04D1     		bne	.L6
 138:main.c        ****         timerCountDataCompare = 0; 
 120              		.loc 1 138 0
 121 0074 074B     		ldr	r3, .L10
 122 0076 0022     		movs	r2, #0
 123 0078 5A80     		strh	r2, [r3, #2]	@ movhi
 139:main.c        ****         checkData = true;
 124              		.loc 1 139 0
 125 007a 0122     		movs	r2, #1
 126 007c 1A72     		strb	r2, [r3, #8]
 127              	.L6:
 140:main.c        ****     }
 141:main.c        **** 
 142:main.c        ****     // Polling for OEM data reading
 143:main.c        ****     if (flowTimerCount >= OEM_POLL_DIV) {
 128              		.loc 1 143 0
 129 007e 054B     		ldr	r3, .L10
 130 0080 9B88     		ldrh	r3, [r3, #4]
 131 0082 9BB2     		uxth	r3, r3
 132 0084 092B     		cmp	r3, #9
 133 0086 04D9     		bls	.L1
 144:main.c        ****         flowTimerCount = 0;
 134              		.loc 1 144 0
 135 0088 024B     		ldr	r3, .L10
 136 008a 0022     		movs	r2, #0
 137 008c 9A80     		strh	r2, [r3, #4]	@ movhi
 145:main.c        ****         flowDataReady = true;
 138              		.loc 1 145 0
ARM GAS  C:\Users\haoen\AppData\Local\Temp\ccmUKDbF.s 			page 6


 139 008e 0122     		movs	r2, #1
 140 0090 5A72     		strb	r2, [r3, #9]
 141              	.L1:
 142 0092 10BD     		pop	{r4, pc}
 143              	.L11:
 144              		.align	2
 145              	.L10:
 146 0094 00000000 		.word	.LANCHOR0
 147 0098 00000000 		.word	pressureData
 148              		.cfi_endproc
 149              	.LFE64:
 150              		.size	Timer_Interrupt_Handler, .-Timer_Interrupt_Handler
 151              		.section	.text.OEM_Read2,"ax",%progbits
 152              		.align	2
 153              		.thumb
 154              		.thumb_func
 155              		.type	OEM_Read2, %function
 156              	OEM_Read2:
 157              	.LFB67:
 146:main.c        ****     }
 147:main.c        ****   
 148:main.c        ****     /*static uint16_t div = 0;                // divide the tick rate
 149:main.c        ****     if (++div >= 100) {                     // e.g., at 1 kHz tick -> ~1 Hz blink
 150:main.c        ****         div = 0;
 151:main.c        ****         USER_LED_Write( (uint8)(!USER_LED_ReadDataReg()) );  // toggle
 152:main.c        ****         // If LED is active-low and you want "1 = on", invert here as needed.
 153:main.c        ****     }*/
 154:main.c        **** }
 155:main.c        **** 
 156:main.c        **** 
 157:main.c        **** 
 158:main.c        **** static inline uint16_t be16_u(const uint8_t msb, const uint8_t lsb)
 159:main.c        **** { return ((uint16_t)msb << 8) | (uint16_t)lsb; }
 160:main.c        **** 
 161:main.c        **** int main(void)
 162:main.c        **** {
 163:main.c        ****     CyGlobalIntEnable; /* Enable global interrupts. */
 164:main.c        ****     uint8_t packetsize = 0;
 165:main.c        ****     uint8_t opcode = initGood;
 166:main.c        ****     uint8_t payload[2] = {0}; 
 167:main.c        ****     
 168:main.c        ****     /*Initialize UART from OEM to PSOC, and from PSOC to RPI-5*/
 169:main.c        ****     UART_Debug_Start();
 170:main.c        ****     UART_OEM_Start();
 171:main.c        ****     UART_RPI_Start();
 172:main.c        **** 
 173:main.c        ****     UART_Debug_PutString("Hello World!\r\n");
 174:main.c        ****     /*Testing the UART Connection to RPI-5*/
 175:main.c        ****     
 176:main.c        ****     // Get status from the flow sensor
 177:main.c        ****     while (UART_OEM_GetRxBufferSize() > 0) { (void)UART_OEM_GetChar(); }
 178:main.c        ****     UART_OEM_PutChar('S');
 179:main.c        ****     
 180:main.c        ****     uint8_t b0=0, b1=0;
 181:main.c        ****     bool got2 = OEM_Read2(&b0, &b1, 50u);
 182:main.c        ****     if (!got2) {
 183:main.c        ****         opcode |= flowInitError;
ARM GAS  C:\Users\haoen\AppData\Local\Temp\ccmUKDbF.s 			page 7


 184:main.c        ****         u16Int2Bytes(0u, payload);
 185:main.c        ****         UART_Debug_PutString("Flow Sensor Initialization Error\r\n");
 186:main.c        ****     }
 187:main.c        ****     else {
 188:main.c        ****         uint16_t status = be16_u(b0, b1);
 189:main.c        ****         if (((status & 0x8000u) == 0u) || ((status & 0x0001u) == 0u)) {
 190:main.c        ****             opcode |= flowInitError;
 191:main.c        ****             u16Int2Bytes(status, payload);
 192:main.c        ****             UART_Debug_PutString("Initialization Status Check Failure\r\n");
 193:main.c        ****         }
 194:main.c        ****     }
 195:main.c        **** 
 196:main.c        ****     // Check other things like toggling in the future
 197:main.c        **** 
 198:main.c        ****     while (UART_OEM_GetRxBufferSize() > 0) { (void)UART_OEM_GetChar(); }
 199:main.c        ****     UART_OEM_PutChar('C');
 200:main.c        ****     got2 = OEM_Read2(&b0, &b1, 50u);
 201:main.c        ****     if (!got2) {
 202:main.c        ****         opcode |= flowInitError;
 203:main.c        ****         u16Int2Bytes(0xCCCCu, payload);
 204:main.c        ****         flow_scale_valid = false;
 205:main.c        ****     }
 206:main.c        ****     else {
 207:main.c        ****         flow_scale_factor = be16_u(b0, b1);
 208:main.c        ****         flow_scale_valid = true;
 209:main.c        ****     }
 210:main.c        **** 
 211:main.c        ****     wrap_data(opcode, payload, sizeof(payload));
 212:main.c        ****     
 213:main.c        ****     /*Initialize the ADC that converts TS410 amplified signal, and ADC that converts low voltage si
 214:main.c        ****     /*Initialize Pressure Transducer*/
 215:main.c        ****     ADC_TS410_Start();
 216:main.c        ****     init_pressure_sensors();
 217:main.c        ****     
 218:main.c        ****     /*Set up the NVIC vector of the ISR that would be called 10ms later*/
 219:main.c        ****     Timer_Interrupt_StartEx(Timer_Interrupt_Handler);
 220:main.c        ****     
 221:main.c        ****     ADC_TS410_StartConvert();
 222:main.c        ****     ADC_DelSig_StartConvert();
 223:main.c        **** 
 224:main.c        ****     Timer_ISR_Start();
 225:main.c        ****     USER_LED_Write(1);
 226:main.c        ****     for(;;)
 227:main.c        ****     {   
 228:main.c        ****         /*Start packing only after all the required data are ready to send*/
 229:main.c        ****         //printf("I hate this world\r\n");
 230:main.c        ****         //UART_Debug_PutString("I hate this world\r\n");
 231:main.c        ****         if(adcKick == true && pressureDataReady == true && flowDataReady){
 232:main.c        ****             adcKick = false;
 233:main.c        ****             pressureDataReady = false;
 234:main.c        ****             flowDataReady = false;
 235:main.c        ****             packetsize = 0;
 236:main.c        ****             opcode = dataGood;
 237:main.c        **** 
 238:main.c        **** 
 239:main.c        ****             uint32_t conversionStatus = ADC_TS410_IsEndConversion(ADC_TS410_WAIT_FOR_RESULT);
 240:main.c        ****             if (conversionStatus) {
ARM GAS  C:\Users\haoen\AppData\Local\Temp\ccmUKDbF.s 			page 8


 241:main.c        ****                 for (uint16_t i = 0; i < ADC_NUM_CHANNELS; i++) {
 242:main.c        ****                     adcData[i] = ADC_TS410_GetResult16(i);
 243:main.c        ****                     CyDelay(1u); // CyDelay(1u) not needed when using IsEndConversion(WAIT_FOR_RESU
 244:main.c        ****                 }
 245:main.c        ****             }
 246:main.c        ****             else {
 247:main.c        ****                 for (uint16_t i = 0; i < ADC_NUM_CHANNELS; i++) {
 248:main.c        ****                     adcData[i] = -1000;
 249:main.c        ****                 }
 250:main.c        ****             }    
 251:main.c        ****             // Pack ADC Data (TS410)
 252:main.c        ****             for (uint8_t i = 0; i < ADC_NUM_CHANNELS; i++) {
 253:main.c        ****                 float32 ADCVolts = /*(3.3/2.739) *  */ ADC_TS410_CountsTo_Volts(adcData[i]);
 254:main.c        ****                 /*Check if data flucaute a lot, if so send warning OPCODE, currently it only checks
 255:main.c        ****                 if(checkData && i == (ADC_NUM_CHANNELS - 1)){
 256:main.c        ****                     checkData = false;
 257:main.c        ****                     if(!isnan(savedADC) && fabsf(savedADC - ADCVolts) >= changeToleranceInterval){
 258:main.c        ****                         opcode |= ADCJumpWarn;
 259:main.c        ****                     }
 260:main.c        ****                     savedADC = ADCVolts;
 261:main.c        ****                 }
 262:main.c        ****                 /*If ADC value is out of boundary, there might be calibration or hardware setup iss
 263:main.c        ****                 if(ADCVolts > (5 + boundaryToleranceInterval) || ADCVolts < (0 - boundaryToleranceI
 264:main.c        ****                     opcode |= ADCOORWarn;
 265:main.c        ****                 }
 266:main.c        ****                 /*Pack ADC value to the data packet that would be later sent to RPI through UART*/
 267:main.c        ****                 float2Bytes(ADCVolts, &packet[packetsize]);
 268:main.c        ****                 packetsize += sizeof(float32);
 269:main.c        ****             }
 270:main.c        **** 
 271:main.c        ****             // Pack Pressure Transducer Data
 272:main.c        ****             for (uint8_t i = 0; i < ADC_PRESSURE_CHANNELS; i++) {
 273:main.c        ****                 float32 pressureVolts = /*(3.3/3.3) */ ADC_DelSig_CountsTo_Volts(pressureData[i]);
 274:main.c        **** 
 275:main.c        ****                 if (pressureVolts > (5 + boundaryToleranceInterval) || pressureVolts < (0 - boundar
 276:main.c        ****                     opcode |= PressureOORWarn;
 277:main.c        ****                 }
 278:main.c        **** 
 279:main.c        ****                 float2Bytes(pressureVolts, &packet[packetsize]);
 280:main.c        ****                 packetsize += sizeof(float32);
 281:main.c        ****             }
 282:main.c        **** 
 283:main.c        ****             float32 flow_ml_min = NAN, phase_deg = NAN;
 284:main.c        ****             uint8 good = 0;
 285:main.c        ****             float32  nrsaA = NAN, nrsaB = NAN, dA = NAN, dB = NAN;
 286:main.c        ****             char buf[64] = {0};
 287:main.c        **** 
 288:main.c        ****             bool gotF = false, gotP = false, gotA = false;
 289:main.c        **** 
 290:main.c        ****             if (flow_scale_valid) {
 291:main.c        ****                 gotF = OEM_ReadF(&flow_ml_min, &good);
 292:main.c        ****                 if(!gotF)
 293:main.c        ****                     UART_Debug_PutString("Flow Reading Error, timeout r\r\n");
 294:main.c        ****                 gotP = OEM_ReadP(&phase_deg);
 295:main.c        ****                 if(!gotP)
 296:main.c        ****                     UART_Debug_PutString("Phase Reading Error, timeout\r\n");
 297:main.c        ****                 gotA = OEM_ReadAmp(&nrsaA, &nrsaB, &dA, &dB);
ARM GAS  C:\Users\haoen\AppData\Local\Temp\ccmUKDbF.s 			page 9


 298:main.c        ****                 if(!gotA)
 299:main.c        ****                     UART_Debug_PutString("Amplitude Reading Error, timeout\r\n");
 300:main.c        ****             }
 301:main.c        **** 
 302:main.c        ****             /* If anything wrong with OEM reads or signal, mark warning opcode */
 303:main.c        ****             if (!gotF || !gotP || !gotA || (good == 0)) {
 304:main.c        ****                 opcode |= FlowDataWarn;
 305:main.c        ****             }
 306:main.c        **** 
 307:main.c        ****             /* Pack flow & amplitude fields into the same payload (float32 each) */
 308:main.c        ****             float2Bytes((float32)flow_ml_min, &packet[packetsize]);  packetsize += sizeof(float32);
 309:main.c        ****             float2Bytes((float32)phase_deg,   &packet[packetsize]);  packetsize += sizeof(float32);
 310:main.c        ****             float2Bytes((float32)nrsaA,       &packet[packetsize]);  packetsize += sizeof(float32);
 311:main.c        ****             float2Bytes((float32)nrsaB,       &packet[packetsize]);  packetsize += sizeof(float32);
 312:main.c        ****             float2Bytes((float32)dA,          &packet[packetsize]);  packetsize += sizeof(float32);
 313:main.c        ****             float2Bytes((float32)dB,          &packet[packetsize]);  packetsize += sizeof(float32);
 314:main.c        **** 
 315:main.c        ****             wrap_data(opcode, packet, packetsize);
 316:main.c        ****         }
 317:main.c        ****     }
 318:main.c        **** }
 319:main.c        **** 
 320:main.c        **** 
 321:main.c        **** 
 322:main.c        **** static bool OEM_Read2(uint8_t *msb, uint8_t *lsb, uint32_t timeout_ms)
 323:main.c        **** {
 158              		.loc 1 323 0
 159              		.cfi_startproc
 160              		@ args = 0, pretend = 0, frame = 8
 161              		@ frame_needed = 0, uses_anonymous_args = 0
 162              	.LVL9:
 163 0000 2DE9F047 		push	{r4, r5, r6, r7, r8, r9, r10, lr}
 164              		.cfi_def_cfa_offset 32
 165              		.cfi_offset 4, -32
 166              		.cfi_offset 5, -28
 167              		.cfi_offset 6, -24
 168              		.cfi_offset 7, -20
 169              		.cfi_offset 8, -16
 170              		.cfi_offset 9, -12
 171              		.cfi_offset 10, -8
 172              		.cfi_offset 14, -4
 173 0004 82B0     		sub	sp, sp, #8
 174              		.cfi_def_cfa_offset 40
 175 0006 8146     		mov	r9, r0
 176 0008 8846     		mov	r8, r1
 177 000a 1746     		mov	r7, r2
 178              	.LVL10:
 324:main.c        ****     uint32_t waited = 0;
 325:main.c        ****     uint8_t count = 0;
 179              		.loc 1 325 0
 180 000c 0024     		movs	r4, #0
 324:main.c        ****     uint32_t waited = 0;
 181              		.loc 1 324 0
 182 000e 2646     		mov	r6, r4
 326:main.c        ****     uint8_t bytes[2];
 327:main.c        **** 
 328:main.c        ****     while (waited < timeout_ms && count < 2) {
ARM GAS  C:\Users\haoen\AppData\Local\Temp\ccmUKDbF.s 			page 10


 183              		.loc 1 328 0
 184 0010 1AE0     		b	.L13
 185              	.LVL11:
 186              	.L19:
 187              	.LBB20:
 329:main.c        ****         uint8_t rxSize = UART_OEM_GetRxBufferSize();
 188              		.loc 1 329 0
 189 0012 FFF7FEFF 		bl	UART_OEM_GetRxBufferSize
 190              	.LVL12:
 330:main.c        ****         if (rxSize > 0) {
 191              		.loc 1 330 0
 192 0016 0346     		mov	r3, r0
 193 0018 50B9     		cbnz	r0, .L14
 194 001a 11E0     		b	.L15
 195              	.LVL13:
 196              	.L17:
 331:main.c        ****             while (rxSize-- && count < 2) {
 332:main.c        ****                 bytes[count++] = UART_OEM_GetChar();
 197              		.loc 1 332 0
 198 001c 651C     		adds	r5, r4, #1
 199 001e EDB2     		uxtb	r5, r5
 200              	.LVL14:
 201 0020 FFF7FEFF 		bl	UART_OEM_GetChar
 202              	.LVL15:
 203 0024 02AB     		add	r3, sp, #8
 204 0026 1C44     		add	r4, r4, r3
 205 0028 04F8040C 		strb	r0, [r4, #-4]
 331:main.c        ****             while (rxSize-- && count < 2) {
 206              		.loc 1 331 0
 207 002c 5346     		mov	r3, r10
 208              		.loc 1 332 0
 209 002e 2C46     		mov	r4, r5
 210              	.LVL16:
 211              	.L14:
 331:main.c        ****             while (rxSize-- && count < 2) {
 212              		.loc 1 331 0
 213 0030 5A1E     		subs	r2, r3, #1
 214 0032 5FFA82FA 		uxtb	r10, r2
 215              	.LVL17:
 216 0036 0BB1     		cbz	r3, .L16
 331:main.c        ****             while (rxSize-- && count < 2) {
 217              		.loc 1 331 0 is_stmt 0 discriminator 1
 218 0038 012C     		cmp	r4, #1
 219 003a EFD9     		bls	.L17
 220              	.L16:
 333:main.c        ****             }
 334:main.c        ****             if (count >= 2)
 221              		.loc 1 334 0 is_stmt 1
 222 003c 012C     		cmp	r4, #1
 223 003e 07D8     		bhi	.L18
 224              	.LVL18:
 225              	.L15:
 335:main.c        ****                 break;
 336:main.c        ****         }
 337:main.c        ****         CyDelay(1);
 226              		.loc 1 337 0
 227 0040 0120     		movs	r0, #1
ARM GAS  C:\Users\haoen\AppData\Local\Temp\ccmUKDbF.s 			page 11


 228 0042 FFF7FEFF 		bl	CyDelay
 229              	.LVL19:
 338:main.c        ****         waited++;
 230              		.loc 1 338 0
 231 0046 0136     		adds	r6, r6, #1
 232              	.LVL20:
 233              	.L13:
 234              	.LBE20:
 328:main.c        ****         uint8_t rxSize = UART_OEM_GetRxBufferSize();
 235              		.loc 1 328 0
 236 0048 BE42     		cmp	r6, r7
 237 004a 01D2     		bcs	.L18
 328:main.c        ****         uint8_t rxSize = UART_OEM_GetRxBufferSize();
 238              		.loc 1 328 0 is_stmt 0 discriminator 1
 239 004c 012C     		cmp	r4, #1
 240 004e E0D9     		bls	.L19
 241              	.L18:
 339:main.c        ****     }
 340:main.c        ****     
 341:main.c        ****     *msb = bytes[0];
 242              		.loc 1 341 0 is_stmt 1
 243 0050 9DF80430 		ldrb	r3, [sp, #4]	@ zero_extendqisi2
 244 0054 89F80030 		strb	r3, [r9]
 342:main.c        ****     *lsb = bytes[1];
 245              		.loc 1 342 0
 246 0058 9DF80530 		ldrb	r3, [sp, #5]	@ zero_extendqisi2
 247 005c 88F80030 		strb	r3, [r8]
 343:main.c        ****     
 344:main.c        ****     return true;
 345:main.c        **** }
 248              		.loc 1 345 0
 249 0060 0120     		movs	r0, #1
 250 0062 02B0     		add	sp, sp, #8
 251              		.cfi_def_cfa_offset 32
 252              		@ sp needed
 253 0064 BDE8F087 		pop	{r4, r5, r6, r7, r8, r9, r10, pc}
 254              		.cfi_endproc
 255              	.LFE67:
 256              		.size	OEM_Read2, .-OEM_Read2
 257              		.global	__aeabi_i2f
 258              		.global	__aeabi_fdiv
 259              		.global	__aeabi_ui2f
 260              		.global	__aeabi_fmul
 261              		.section	.text.OEM_ReadF,"ax",%progbits
 262              		.align	2
 263              		.thumb
 264              		.thumb_func
 265              		.type	OEM_ReadF, %function
 266              	OEM_ReadF:
 267              	.LFB68:
 346:main.c        **** 
 347:main.c        **** static bool OEM_ReadF(float *flow_ml_min, uint8_t *good)
 348:main.c        **** {
 268              		.loc 1 348 0
 269              		.cfi_startproc
 270              		@ args = 0, pretend = 0, frame = 48
 271              		@ frame_needed = 0, uses_anonymous_args = 0
ARM GAS  C:\Users\haoen\AppData\Local\Temp\ccmUKDbF.s 			page 12


 272              	.LVL21:
 273 0000 70B5     		push	{r4, r5, r6, lr}
 274              		.cfi_def_cfa_offset 16
 275              		.cfi_offset 4, -16
 276              		.cfi_offset 5, -12
 277              		.cfi_offset 6, -8
 278              		.cfi_offset 14, -4
 279 0002 8CB0     		sub	sp, sp, #48
 280              		.cfi_def_cfa_offset 64
 281 0004 0546     		mov	r5, r0
 282 0006 0E46     		mov	r6, r1
 349:main.c        ****     uint8_t msb=0, lsb=0;
 283              		.loc 1 349 0
 284 0008 0023     		movs	r3, #0
 285 000a 8DF82F30 		strb	r3, [sp, #47]
 286 000e 8DF82E30 		strb	r3, [sp, #46]
 350:main.c        ****     while (UART_OEM_GetRxBufferSize() > 0) { (void)UART_OEM_GetChar(); }
 287              		.loc 1 350 0
 288 0012 01E0     		b	.L22
 289              	.LVL22:
 290              	.L23:
 291              		.loc 1 350 0 is_stmt 0 discriminator 2
 292 0014 FFF7FEFF 		bl	UART_OEM_GetChar
 293              	.LVL23:
 294              	.L22:
 295              		.loc 1 350 0 discriminator 1
 296 0018 FFF7FEFF 		bl	UART_OEM_GetRxBufferSize
 297              	.LVL24:
 298 001c 0028     		cmp	r0, #0
 299 001e F9D1     		bne	.L23
 351:main.c        ****     UART_OEM_PutChar('F');
 300              		.loc 1 351 0 is_stmt 1
 301 0020 4620     		movs	r0, #70
 302 0022 FFF7FEFF 		bl	UART_OEM_PutChar
 303              	.LVL25:
 352:main.c        ****     if (!OEM_Read2(&msb, &lsb, OEM_TIMEOUT_MS)) return false;
 304              		.loc 1 352 0
 305 0026 0A22     		movs	r2, #10
 306 0028 0DF12E01 		add	r1, sp, #46
 307 002c 0DF12F00 		add	r0, sp, #47
 308 0030 FFF7FEFF 		bl	OEM_Read2
 309              	.LVL26:
 310 0034 0446     		mov	r4, r0
 311 0036 48B3     		cbz	r0, .L24
 353:main.c        ****     
 354:main.c        ****     char msg[40] = {0};
 312              		.loc 1 354 0
 313 0038 2822     		movs	r2, #40
 314 003a 0021     		movs	r1, #0
 315 003c 01A8     		add	r0, sp, #4
 316 003e FFF7FEFF 		bl	memset
 317              	.LVL27:
 355:main.c        ****     sprintf(msg, "Flow: %02X %02X\r\n", msb, lsb);
 318              		.loc 1 355 0
 319 0042 9DF82E30 		ldrb	r3, [sp, #46]	@ zero_extendqisi2
 320 0046 9DF82F20 		ldrb	r2, [sp, #47]	@ zero_extendqisi2
 321 004a 1249     		ldr	r1, .L26
ARM GAS  C:\Users\haoen\AppData\Local\Temp\ccmUKDbF.s 			page 13


 322 004c 01A8     		add	r0, sp, #4
 323 004e FFF7FEFF 		bl	sprintf
 324              	.LVL28:
 356:main.c        ****     UART_Debug_PutString(msg);
 325              		.loc 1 356 0
 326 0052 01A8     		add	r0, sp, #4
 327 0054 FFF7FEFF 		bl	UART_Debug_PutString
 328              	.LVL29:
 357:main.c        ****     uint16_t v = be16_u(msb, lsb);
 329              		.loc 1 357 0
 330 0058 9DF82F00 		ldrb	r0, [sp, #47]	@ zero_extendqisi2
 331 005c 9DF82E30 		ldrb	r3, [sp, #46]	@ zero_extendqisi2
 332              	.LVL30:
 333              	.LBB21:
 334              	.LBB22:
 159:main.c        **** 
 335              		.loc 1 159 0
 336 0060 43EA0020 		orr	r0, r3, r0, lsl #8
 337              	.LVL31:
 338 0064 00B2     		sxth	r0, r0
 339              	.LVL32:
 340              	.LBE22:
 341              	.LBE21:
 358:main.c        ****     *good   = (uint8_t)(v & 0x0001u);
 342              		.loc 1 358 0
 343 0066 00F00103 		and	r3, r0, #1
 344 006a 3370     		strb	r3, [r6]
 345              	.LVL33:
 359:main.c        **** 
 360:main.c        ****     /* signed 14-bit: zero bits1..0, then arithmetic >>2 */
 361:main.c        ****     int16_t raw14 = (int16_t)((int16_t)(v & 0xFFFC) >> 2);
 362:main.c        **** 
 363:main.c        ****     *flow_ml_min = ((float)raw14 / 1638.0f) * (float)flow_scale_factor;
 346              		.loc 1 363 0
 347 006c 8010     		asrs	r0, r0, #2
 348              	.LVL34:
 349 006e FFF7FEFF 		bl	__aeabi_i2f
 350              	.LVL35:
 351 0072 0949     		ldr	r1, .L26+4
 352 0074 FFF7FEFF 		bl	__aeabi_fdiv
 353              	.LVL36:
 354 0078 0646     		mov	r6, r0
 355              	.LVL37:
 356 007a 084B     		ldr	r3, .L26+8
 357 007c 5889     		ldrh	r0, [r3, #10]
 358 007e FFF7FEFF 		bl	__aeabi_ui2f
 359              	.LVL38:
 360 0082 0146     		mov	r1, r0
 361 0084 3046     		mov	r0, r6
 362 0086 FFF7FEFF 		bl	__aeabi_fmul
 363              	.LVL39:
 364 008a 2860     		str	r0, [r5]	@ float
 365              	.L24:
 364:main.c        ****     return true;
 365:main.c        **** }
 366              		.loc 1 365 0
 367 008c 2046     		mov	r0, r4
ARM GAS  C:\Users\haoen\AppData\Local\Temp\ccmUKDbF.s 			page 14


 368 008e 0CB0     		add	sp, sp, #48
 369              		.cfi_def_cfa_offset 16
 370              		@ sp needed
 371 0090 70BD     		pop	{r4, r5, r6, pc}
 372              	.LVL40:
 373              	.L27:
 374 0092 00BF     		.align	2
 375              	.L26:
 376 0094 00000000 		.word	.LC0
 377 0098 00C0CC44 		.word	1154269184
 378 009c 00000000 		.word	.LANCHOR0
 379              		.cfi_endproc
 380              	.LFE68:
 381              		.size	OEM_ReadF, .-OEM_ReadF
 382              		.section	.text.OEM_ReadP,"ax",%progbits
 383              		.align	2
 384              		.thumb
 385              		.thumb_func
 386              		.type	OEM_ReadP, %function
 387              	OEM_ReadP:
 388              	.LFB69:
 366:main.c        **** 
 367:main.c        **** static bool OEM_ReadP(float *phase_deg)
 368:main.c        **** {
 389              		.loc 1 368 0
 390              		.cfi_startproc
 391              		@ args = 0, pretend = 0, frame = 48
 392              		@ frame_needed = 0, uses_anonymous_args = 0
 393              	.LVL41:
 394 0000 30B5     		push	{r4, r5, lr}
 395              		.cfi_def_cfa_offset 12
 396              		.cfi_offset 4, -12
 397              		.cfi_offset 5, -8
 398              		.cfi_offset 14, -4
 399 0002 8DB0     		sub	sp, sp, #52
 400              		.cfi_def_cfa_offset 64
 401 0004 0546     		mov	r5, r0
 369:main.c        ****     uint8_t msb = 0, lsb = 0;
 402              		.loc 1 369 0
 403 0006 0023     		movs	r3, #0
 404 0008 8DF82F30 		strb	r3, [sp, #47]
 405 000c 8DF82E30 		strb	r3, [sp, #46]
 370:main.c        ****     while (UART_OEM_GetRxBufferSize() > 0) { (void)UART_OEM_GetChar(); }
 406              		.loc 1 370 0
 407 0010 01E0     		b	.L29
 408              	.LVL42:
 409              	.L30:
 410              		.loc 1 370 0 is_stmt 0 discriminator 2
 411 0012 FFF7FEFF 		bl	UART_OEM_GetChar
 412              	.LVL43:
 413              	.L29:
 414              		.loc 1 370 0 discriminator 1
 415 0016 FFF7FEFF 		bl	UART_OEM_GetRxBufferSize
 416              	.LVL44:
 417 001a 0028     		cmp	r0, #0
 418 001c F9D1     		bne	.L30
 371:main.c        ****     UART_OEM_PutChar('P');
ARM GAS  C:\Users\haoen\AppData\Local\Temp\ccmUKDbF.s 			page 15


 419              		.loc 1 371 0 is_stmt 1
 420 001e 5020     		movs	r0, #80
 421 0020 FFF7FEFF 		bl	UART_OEM_PutChar
 422              	.LVL45:
 372:main.c        ****     if (!OEM_Read2(&msb, &lsb, OEM_TIMEOUT_MS)) return false;
 423              		.loc 1 372 0
 424 0024 0A22     		movs	r2, #10
 425 0026 0DF12E01 		add	r1, sp, #46
 426 002a 0DF12F00 		add	r0, sp, #47
 427 002e FFF7FEFF 		bl	OEM_Read2
 428              	.LVL46:
 429 0032 0446     		mov	r4, r0
 430 0034 E8B1     		cbz	r0, .L31
 373:main.c        **** 
 374:main.c        ****     char msg[40] = {0};
 431              		.loc 1 374 0
 432 0036 2822     		movs	r2, #40
 433 0038 0021     		movs	r1, #0
 434 003a 01A8     		add	r0, sp, #4
 435 003c FFF7FEFF 		bl	memset
 436              	.LVL47:
 375:main.c        ****     sprintf(msg, "Phase: %02X %02X\r\n", msb, lsb);
 437              		.loc 1 375 0
 438 0040 9DF82E30 		ldrb	r3, [sp, #46]	@ zero_extendqisi2
 439 0044 9DF82F20 		ldrb	r2, [sp, #47]	@ zero_extendqisi2
 440 0048 0B49     		ldr	r1, .L33
 441 004a 01A8     		add	r0, sp, #4
 442 004c FFF7FEFF 		bl	sprintf
 443              	.LVL48:
 376:main.c        ****     UART_Debug_PutString(msg);
 444              		.loc 1 376 0
 445 0050 01A8     		add	r0, sp, #4
 446 0052 FFF7FEFF 		bl	UART_Debug_PutString
 447              	.LVL49:
 377:main.c        ****     uint16_t v = be16_u(msb, lsb);
 448              		.loc 1 377 0
 449 0056 9DF82F00 		ldrb	r0, [sp, #47]	@ zero_extendqisi2
 450 005a 9DF82E30 		ldrb	r3, [sp, #46]	@ zero_extendqisi2
 451              	.LVL50:
 452              	.LBB23:
 453              	.LBB24:
 159:main.c        **** 
 454              		.loc 1 159 0
 455 005e 43EA0020 		orr	r0, r3, r0, lsl #8
 456              	.LVL51:
 457              	.LBE24:
 458              	.LBE23:
 378:main.c        **** 
 379:main.c        ****     /* signed 14-bit: zero bits1..0, then arithmetic >>2 */
 380:main.c        ****     int16_t raw14 = (int16_t)((int16_t)(v & 0xFFFC) >> 2);
 381:main.c        ****     // 0x7FFF represents a positive full-scale value of +719.912 degrees; 0x8000 represents a negat
 382:main.c        ****     *phase_deg = (float)raw14 * (720.0f / 8192.0f);
 459              		.loc 1 382 0
 460 0062 40F38D00 		sbfx	r0, r0, #2, #14
 461              	.LVL52:
 462 0066 FFF7FEFF 		bl	__aeabi_i2f
 463              	.LVL53:
ARM GAS  C:\Users\haoen\AppData\Local\Temp\ccmUKDbF.s 			page 16


 464 006a 0449     		ldr	r1, .L33+4
 465 006c FFF7FEFF 		bl	__aeabi_fmul
 466              	.LVL54:
 467 0070 2860     		str	r0, [r5]	@ float
 468              	.L31:
 383:main.c        ****     return true;
 384:main.c        **** }
 469              		.loc 1 384 0
 470 0072 2046     		mov	r0, r4
 471 0074 0DB0     		add	sp, sp, #52
 472              		.cfi_def_cfa_offset 12
 473              		@ sp needed
 474 0076 30BD     		pop	{r4, r5, pc}
 475              	.LVL55:
 476              	.L34:
 477              		.align	2
 478              	.L33:
 479 0078 14000000 		.word	.LC1
 480 007c 0000B43D 		.word	1035206656
 481              		.cfi_endproc
 482              	.LFE69:
 483              		.size	OEM_ReadP, .-OEM_ReadP
 484              		.global	__aeabi_fcmpun
 485              		.global	__aeabi_fsub
 486              		.section	.text.OEM_ReadAmp,"ax",%progbits
 487              		.align	2
 488              		.thumb
 489              		.thumb_func
 490              		.type	OEM_ReadAmp, %function
 491              	OEM_ReadAmp:
 492              	.LFB70:
 385:main.c        **** 
 386:main.c        **** /* Read previous('B') and current('A') amplitudes; convert to % and give deltas (%) */
 387:main.c        **** static bool OEM_ReadAmp(float *nrsaA_pct, float *nrsaB_pct, float *dA_pct, float *dB_pct)
 388:main.c        **** {
 493              		.loc 1 388 0
 494              		.cfi_startproc
 495              		@ args = 0, pretend = 0, frame = 96
 496              		@ frame_needed = 0, uses_anonymous_args = 0
 497              	.LVL56:
 498 0000 2DE9F04F 		push	{r4, r5, r6, r7, r8, r9, r10, fp, lr}
 499              		.cfi_def_cfa_offset 36
 500              		.cfi_offset 4, -36
 501              		.cfi_offset 5, -32
 502              		.cfi_offset 6, -28
 503              		.cfi_offset 7, -24
 504              		.cfi_offset 8, -20
 505              		.cfi_offset 9, -16
 506              		.cfi_offset 10, -12
 507              		.cfi_offset 11, -8
 508              		.cfi_offset 14, -4
 509 0004 99B0     		sub	sp, sp, #100
 510              		.cfi_def_cfa_offset 136
 511 0006 8046     		mov	r8, r0
 512 0008 0F46     		mov	r7, r1
 513 000a 1646     		mov	r6, r2
 514 000c 1D46     		mov	r5, r3
ARM GAS  C:\Users\haoen\AppData\Local\Temp\ccmUKDbF.s 			page 17


 389:main.c        ****     uint8_t pmsb=0, plsb=0, cmsb=0, clsb=0;
 515              		.loc 1 389 0
 516 000e 0023     		movs	r3, #0
 517              	.LVL57:
 518 0010 8DF85F30 		strb	r3, [sp, #95]
 519 0014 8DF85E30 		strb	r3, [sp, #94]
 520 0018 8DF85D30 		strb	r3, [sp, #93]
 521 001c 8DF85C30 		strb	r3, [sp, #92]
 390:main.c        **** 
 391:main.c        ****     /* 'B' = previous amplitudes (A,B) */
 392:main.c        ****     while (UART_OEM_GetRxBufferSize() > 0) { (void)UART_OEM_GetChar(); }
 522              		.loc 1 392 0
 523 0020 01E0     		b	.L36
 524              	.LVL58:
 525              	.L37:
 526              		.loc 1 392 0 is_stmt 0 discriminator 2
 527 0022 FFF7FEFF 		bl	UART_OEM_GetChar
 528              	.LVL59:
 529              	.L36:
 530              		.loc 1 392 0 discriminator 1
 531 0026 FFF7FEFF 		bl	UART_OEM_GetRxBufferSize
 532              	.LVL60:
 533 002a 0028     		cmp	r0, #0
 534 002c F9D1     		bne	.L37
 393:main.c        ****     UART_OEM_PutChar('B');
 535              		.loc 1 393 0 is_stmt 1
 536 002e 4220     		movs	r0, #66
 537 0030 FFF7FEFF 		bl	UART_OEM_PutChar
 538              	.LVL61:
 394:main.c        ****     if (!OEM_Read2(&pmsb, &plsb, OEM_TIMEOUT_MS)) return false;
 539              		.loc 1 394 0
 540 0034 0A22     		movs	r2, #10
 541 0036 0DF15E01 		add	r1, sp, #94
 542 003a 0DF15F00 		add	r0, sp, #95
 543 003e FFF7FEFF 		bl	OEM_Read2
 544              	.LVL62:
 545 0042 0446     		mov	r4, r0
 546 0044 0028     		cmp	r0, #0
 547 0046 00F09680 		beq	.L38
 395:main.c        ****     char msg[40] = {0};
 548              		.loc 1 395 0
 549 004a 2822     		movs	r2, #40
 550 004c 0021     		movs	r1, #0
 551 004e 0DA8     		add	r0, sp, #52
 552 0050 FFF7FEFF 		bl	memset
 553              	.LVL63:
 396:main.c        ****     sprintf(msg, "Prev Amp: %02X %02X\r\n", pmsb, plsb);
 554              		.loc 1 396 0
 555 0054 9DF85E30 		ldrb	r3, [sp, #94]	@ zero_extendqisi2
 556 0058 9DF85F20 		ldrb	r2, [sp, #95]	@ zero_extendqisi2
 557 005c 4849     		ldr	r1, .L56
 558 005e 0DA8     		add	r0, sp, #52
 559 0060 FFF7FEFF 		bl	sprintf
 560              	.LVL64:
 397:main.c        ****     UART_Debug_PutString(msg);
 561              		.loc 1 397 0
 562 0064 0DA8     		add	r0, sp, #52
ARM GAS  C:\Users\haoen\AppData\Local\Temp\ccmUKDbF.s 			page 18


 563 0066 FFF7FEFF 		bl	UART_Debug_PutString
 564              	.LVL65:
 398:main.c        **** 
 399:main.c        ****     /* 'A' = current amplitudes (A,B) */
 400:main.c        ****     while (UART_OEM_GetRxBufferSize() > 0) { (void)UART_OEM_GetChar(); }
 565              		.loc 1 400 0
 566 006a 01E0     		b	.L39
 567              	.L40:
 568              		.loc 1 400 0 is_stmt 0 discriminator 2
 569 006c FFF7FEFF 		bl	UART_OEM_GetChar
 570              	.LVL66:
 571              	.L39:
 572              		.loc 1 400 0 discriminator 1
 573 0070 FFF7FEFF 		bl	UART_OEM_GetRxBufferSize
 574              	.LVL67:
 575 0074 0028     		cmp	r0, #0
 576 0076 F9D1     		bne	.L40
 401:main.c        ****     UART_OEM_PutChar('A');
 577              		.loc 1 401 0 is_stmt 1
 578 0078 4120     		movs	r0, #65
 579 007a FFF7FEFF 		bl	UART_OEM_PutChar
 580              	.LVL68:
 402:main.c        ****     if (!OEM_Read2(&cmsb, &clsb, OEM_TIMEOUT_MS)) return false;
 581              		.loc 1 402 0
 582 007e 0A22     		movs	r2, #10
 583 0080 17A9     		add	r1, sp, #92
 584 0082 0DF15D00 		add	r0, sp, #93
 585 0086 FFF7FEFF 		bl	OEM_Read2
 586              	.LVL69:
 587 008a 0446     		mov	r4, r0
 588 008c 0028     		cmp	r0, #0
 589 008e 72D0     		beq	.L38
 403:main.c        ****     char msg_2[40] = {0};
 590              		.loc 1 403 0
 591 0090 2822     		movs	r2, #40
 592 0092 0021     		movs	r1, #0
 593 0094 03A8     		add	r0, sp, #12
 594 0096 FFF7FEFF 		bl	memset
 595              	.LVL70:
 404:main.c        ****     sprintf(msg_2, "Amp: %02X %02X\r\n", cmsb, clsb);
 596              		.loc 1 404 0
 597 009a 9DF85C30 		ldrb	r3, [sp, #92]	@ zero_extendqisi2
 598 009e 9DF85D20 		ldrb	r2, [sp, #93]	@ zero_extendqisi2
 599 00a2 3849     		ldr	r1, .L56+4
 600 00a4 03A8     		add	r0, sp, #12
 601 00a6 FFF7FEFF 		bl	sprintf
 602              	.LVL71:
 405:main.c        ****     UART_Debug_PutString(msg_2);
 603              		.loc 1 405 0
 604 00aa 03A8     		add	r0, sp, #12
 605 00ac FFF7FEFF 		bl	UART_Debug_PutString
 606              	.LVL72:
 406:main.c        **** 
 407:main.c        ****     /* Each byte is NRSA% * 2; 0xFF means channel absent */
 408:main.c        ****     float prevA = (pmsb == 0xFF) ? NAN : (pmsb * 0.5f);
 607              		.loc 1 408 0
 608 00b0 9DF85F00 		ldrb	r0, [sp, #95]	@ zero_extendqisi2
ARM GAS  C:\Users\haoen\AppData\Local\Temp\ccmUKDbF.s 			page 19


 609 00b4 FF28     		cmp	r0, #255
 610 00b6 07D0     		beq	.L47
 611              		.loc 1 408 0 is_stmt 0 discriminator 1
 612 00b8 FFF7FEFF 		bl	__aeabi_i2f
 613              	.LVL73:
 614 00bc 4FF07C51 		mov	r1, #1056964608
 615 00c0 FFF7FEFF 		bl	__aeabi_fmul
 616              	.LVL74:
 617 00c4 8346     		mov	fp, r0
 618 00c6 01E0     		b	.L41
 619              	.L47:
 620              		.loc 1 408 0
 621 00c8 DFF8BCB0 		ldr	fp, .L56+8
 622              	.L41:
 623              	.LVL75:
 409:main.c        ****     float prevB = (plsb == 0xFF) ? NAN : (plsb * 0.5f);
 624              		.loc 1 409 0 is_stmt 1 discriminator 4
 625 00cc 9DF85E00 		ldrb	r0, [sp, #94]	@ zero_extendqisi2
 626 00d0 FF28     		cmp	r0, #255
 627 00d2 07D0     		beq	.L48
 628              		.loc 1 409 0 is_stmt 0 discriminator 1
 629 00d4 FFF7FEFF 		bl	__aeabi_i2f
 630              	.LVL76:
 631 00d8 4FF07C51 		mov	r1, #1056964608
 632 00dc FFF7FEFF 		bl	__aeabi_fmul
 633              	.LVL77:
 634 00e0 0190     		str	r0, [sp, #4]	@ float
 635 00e2 01E0     		b	.L42
 636              	.L48:
 637              		.loc 1 409 0
 638 00e4 284B     		ldr	r3, .L56+8
 639 00e6 0193     		str	r3, [sp, #4]	@ float
 640              	.L42:
 641              	.LVL78:
 410:main.c        ****     float currA = (cmsb == 0xFF) ? NAN : (cmsb * 0.5f);
 642              		.loc 1 410 0 is_stmt 1 discriminator 4
 643 00e8 9DF85D00 		ldrb	r0, [sp, #93]	@ zero_extendqisi2
 644 00ec FF28     		cmp	r0, #255
 645 00ee 07D0     		beq	.L49
 646              		.loc 1 410 0 is_stmt 0 discriminator 1
 647 00f0 FFF7FEFF 		bl	__aeabi_i2f
 648              	.LVL79:
 649 00f4 4FF07C51 		mov	r1, #1056964608
 650 00f8 FFF7FEFF 		bl	__aeabi_fmul
 651              	.LVL80:
 652 00fc 8246     		mov	r10, r0
 653 00fe 01E0     		b	.L43
 654              	.L49:
 655              		.loc 1 410 0
 656 0100 DFF884A0 		ldr	r10, .L56+8
 657              	.L43:
 658              	.LVL81:
 411:main.c        ****     float currB = (clsb == 0xFF) ? NAN : (clsb * 0.5f);
 659              		.loc 1 411 0 is_stmt 1 discriminator 4
 660 0104 9DF85C00 		ldrb	r0, [sp, #92]	@ zero_extendqisi2
 661 0108 FF28     		cmp	r0, #255
 662 010a 07D0     		beq	.L50
ARM GAS  C:\Users\haoen\AppData\Local\Temp\ccmUKDbF.s 			page 20


 663              		.loc 1 411 0 is_stmt 0 discriminator 1
 664 010c FFF7FEFF 		bl	__aeabi_i2f
 665              	.LVL82:
 666 0110 4FF07C51 		mov	r1, #1056964608
 667 0114 FFF7FEFF 		bl	__aeabi_fmul
 668              	.LVL83:
 669 0118 8146     		mov	r9, r0
 670 011a 01E0     		b	.L44
 671              	.L50:
 672              		.loc 1 411 0
 673 011c DFF86890 		ldr	r9, .L56+8
 674              	.L44:
 675              	.LVL84:
 412:main.c        **** 
 413:main.c        ****     *nrsaA_pct = currA;
 676              		.loc 1 413 0 is_stmt 1 discriminator 4
 677 0120 C8F800A0 		str	r10, [r8]	@ float
 414:main.c        ****     *nrsaB_pct = currB;
 678              		.loc 1 414 0 discriminator 4
 679 0124 C7F80090 		str	r9, [r7]	@ float
 415:main.c        ****     *dA_pct    = (isnan(currA) || isnan(prevA)) ? NAN : (currA - prevA);
 680              		.loc 1 415 0 discriminator 4
 681 0128 5146     		mov	r1, r10
 682 012a 5046     		mov	r0, r10
 683 012c FFF7FEFF 		bl	__aeabi_fcmpun
 684              	.LVL85:
 685 0130 48B9     		cbnz	r0, .L51
 686              		.loc 1 415 0 is_stmt 0 discriminator 1
 687 0132 5946     		mov	r1, fp
 688 0134 5846     		mov	r0, fp
 689 0136 FFF7FEFF 		bl	__aeabi_fcmpun
 690              	.LVL86:
 691 013a 30B9     		cbnz	r0, .L52
 692              		.loc 1 415 0 discriminator 3
 693 013c 5946     		mov	r1, fp
 694 013e 5046     		mov	r0, r10
 695 0140 FFF7FEFF 		bl	__aeabi_fsub
 696              	.LVL87:
 697 0144 02E0     		b	.L45
 698              	.L51:
 699              		.loc 1 415 0
 700 0146 1048     		ldr	r0, .L56+8
 701 0148 00E0     		b	.L45
 702              	.L52:
 703 014a 0F48     		ldr	r0, .L56+8
 704              	.L45:
 705              		.loc 1 415 0 discriminator 6
 706 014c 3060     		str	r0, [r6]	@ float
 416:main.c        ****     *dB_pct    = (isnan(currB) || isnan(prevB)) ? NAN : (currB - prevB);
 707              		.loc 1 416 0 is_stmt 1 discriminator 6
 708 014e 4946     		mov	r1, r9
 709 0150 4846     		mov	r0, r9
 710 0152 FFF7FEFF 		bl	__aeabi_fcmpun
 711              	.LVL88:
 712 0156 50B9     		cbnz	r0, .L53
 713              		.loc 1 416 0 is_stmt 0 discriminator 1
 714 0158 019E     		ldr	r6, [sp, #4]	@ float
ARM GAS  C:\Users\haoen\AppData\Local\Temp\ccmUKDbF.s 			page 21


 715              	.LVL89:
 716 015a 3146     		mov	r1, r6
 717 015c 3046     		mov	r0, r6
 718 015e FFF7FEFF 		bl	__aeabi_fcmpun
 719              	.LVL90:
 720 0162 30B9     		cbnz	r0, .L54
 721              		.loc 1 416 0 discriminator 3
 722 0164 3146     		mov	r1, r6
 723 0166 4846     		mov	r0, r9
 724 0168 FFF7FEFF 		bl	__aeabi_fsub
 725              	.LVL91:
 726 016c 02E0     		b	.L46
 727              	.LVL92:
 728              	.L53:
 729              		.loc 1 416 0
 730 016e 0648     		ldr	r0, .L56+8
 731 0170 00E0     		b	.L46
 732              	.LVL93:
 733              	.L54:
 734 0172 0548     		ldr	r0, .L56+8
 735              	.L46:
 736              		.loc 1 416 0 discriminator 6
 737 0174 2860     		str	r0, [r5]	@ float
 738              	.LVL94:
 739              	.L38:
 417:main.c        ****     return true;
 418:main.c        **** }
 740              		.loc 1 418 0 is_stmt 1
 741 0176 2046     		mov	r0, r4
 742 0178 19B0     		add	sp, sp, #100
 743              		.cfi_def_cfa_offset 36
 744              		@ sp needed
 745 017a BDE8F08F 		pop	{r4, r5, r6, r7, r8, r9, r10, fp, pc}
 746              	.LVL95:
 747              	.L57:
 748 017e 00BF     		.align	2
 749              	.L56:
 750 0180 28000000 		.word	.LC2
 751 0184 40000000 		.word	.LC3
 752 0188 0000C07F 		.word	2143289344
 753              		.cfi_endproc
 754              	.LFE70:
 755              		.size	OEM_ReadAmp, .-OEM_ReadAmp
 756              		.section	.text.float2Bytes,"ax",%progbits
 757              		.align	2
 758              		.global	float2Bytes
 759              		.thumb
 760              		.thumb_func
 761              		.type	float2Bytes, %function
 762              	float2Bytes:
 763              	.LFB72:
 419:main.c        **** 
 420:main.c        **** /**
 421:main.c        ****  * @brief Populate buffer with metadata and data and start transmission
 422:main.c        ****  * 
 423:main.c        ****  * @param uint8_t opcode - type of transmission TODO: replace with enum
 424:main.c        ****  * @param uint8_t *data - pointer to buffer containing data to send
ARM GAS  C:\Users\haoen\AppData\Local\Temp\ccmUKDbF.s 			page 22


 425:main.c        ****  * @param uint8_t length - number of bytes in data (0-255) 
 426:main.c        ****  *
 427:main.c        ****  * @note Buffer being transmitted must be constant and allocated until transmit operation completes
 428:main.c        **** */
 429:main.c        **** void wrap_data(uint8_t opcode, uint8_t* data, uint8_t length){
 430:main.c        ****         // Ensure previous transmission is not ongoing before modifying transmit buffer
 431:main.c        ****         // wait until SW buffer drained
 432:main.c        ****     /*while (UART_RPI_GetTxBufferSize() != 0u) {
 433:main.c        ****         USER_LED_Write(1);
 434:main.c        ****         CyDelay(5);
 435:main.c        ****     }*/
 436:main.c        **** 
 437:main.c        ****     // wait until HW FIFO empty
 438:main.c        ****     /*while ((UART_RPI_ReadTxStatus() & UART_RPI_TX_STS_FIFO_EMPTY) == 0u) {
 439:main.c        ****         
 440:main.c        ****         USER_LED_Write(1);
 441:main.c        ****         CyDelay(5);
 442:main.c        ****     }*/
 443:main.c        **** 
 444:main.c        ****     // wait until last bit shifted out on the line
 445:main.c        ****     
 446:main.c        ****     
 447:main.c        ****     /*while ((UART_RPI_ReadTxStatus() & UART_RPI_TX_STS_COMPLETE) == 0u) { 
 448:main.c        ****         
 449:main.c        ****         USER_LED_Write(1);
 450:main.c        ****         CyDelay(5);
 451:main.c        ****     }*/
 452:main.c        ****     
 453:main.c        ****     RPI_TX_Buffer[0] = opcode;
 454:main.c        ****     RPI_TX_Buffer[1] = length;
 455:main.c        ****     memcpy(&RPI_TX_Buffer[2], data, length);
 456:main.c        ****     RPI_TX_Buffer[2 + length] = calculateCRC8(crcPolynomial, length, data);   
 457:main.c        ****     RPI_TX_Buffer[3 + length] = 0x0D;
 458:main.c        ****     RPI_TX_Buffer[4 + length] = 0x0A;
 459:main.c        ****     //USER_LED_Write(0);   // drive high -> LED OFF
 460:main.c        ****     UART_RPI_PutArray(RPI_TX_Buffer, 2 + length + 3);
 461:main.c        ****     
 462:main.c        ****     
 463:main.c        ****     //printf("Sent data \r\n");
 464:main.c        ****     
 465:main.c        ****     // demo only
 466:main.c        ****     //printf("\r\n\nopcode: %d, length: %d, crc: 0x%x\r\n", opcode, length, txBuffer[2 + length]); 
 467:main.c        **** }
 468:main.c        **** 
 469:main.c        **** /**
 470:main.c        ****  * @brief Helper function for main background loop converting float to uint8_t array
 471:main.c        ****  * 
 472:main.c        ****  * @author <Floris> - https://stackoverflow.com/questions/24420246/c-function-to-convert-float-to-b
 473:main.c        ****  * 
 474:main.c        ****  * @param float32_t val - single precision float value to be converted to uint8_t array of length 4
 475:main.c        ****  * @param uint8_t *bytesArray - pointer to uint8_t array in memory
 476:main.c        ****  *
 477:main.c        ****  * @return none
 478:main.c        **** */
 479:main.c        **** void float2Bytes(float32 val, uint8_t *bytes_array) {
 764              		.loc 1 479 0
 765              		.cfi_startproc
ARM GAS  C:\Users\haoen\AppData\Local\Temp\ccmUKDbF.s 			page 23


 766              		@ args = 0, pretend = 0, frame = 8
 767              		@ frame_needed = 0, uses_anonymous_args = 0
 768              		@ link register save eliminated.
 769              	.LVL96:
 770 0000 82B0     		sub	sp, sp, #8
 771              		.cfi_def_cfa_offset 8
 480:main.c        ****     // Create union of shared memory space
 481:main.c        ****     union {
 482:main.c        ****         float32 float_variable;
 483:main.c        ****         uint8_t temp_array[4];
 484:main.c        ****     } u;
 485:main.c        ****     // Overite bytes of union with float variable
 486:main.c        ****     u.float_variable = val;
 487:main.c        ****     // Assign bytes to input array
 488:main.c        ****     memcpy(bytes_array, u.temp_array, 4);
 772              		.loc 1 488 0
 773 0002 02AB     		add	r3, sp, #8
 774 0004 43F8040D 		str	r0, [r3, #-4]!
 775 0008 1868     		ldr	r0, [r3]	@ unaligned
 776              	.LVL97:
 777 000a 0860     		str	r0, [r1]	@ unaligned
 489:main.c        **** }
 778              		.loc 1 489 0
 779 000c 02B0     		add	sp, sp, #8
 780              		.cfi_def_cfa_offset 0
 781              		@ sp needed
 782 000e 7047     		bx	lr
 783              		.cfi_endproc
 784              	.LFE72:
 785              		.size	float2Bytes, .-float2Bytes
 786              		.section	.text.u16Int2Bytes,"ax",%progbits
 787              		.align	2
 788              		.global	u16Int2Bytes
 789              		.thumb
 790              		.thumb_func
 791              		.type	u16Int2Bytes, %function
 792              	u16Int2Bytes:
 793              	.LFB73:
 490:main.c        **** 
 491:main.c        **** /**
 492:main.c        ****  * @brief Helper function for main background loop converting uint16_t to uint8_t array
 493:main.c        ****  *
 494:main.c        ****  * @note based on float2Bytes
 495:main.c        ****  * @return none
 496:main.c        **** */
 497:main.c        **** void u16Int2Bytes(uint16_t val, uint8_t *bytes_array) {
 794              		.loc 1 497 0
 795              		.cfi_startproc
 796              		@ args = 0, pretend = 0, frame = 8
 797              		@ frame_needed = 0, uses_anonymous_args = 0
 798              		@ link register save eliminated.
 799              	.LVL98:
 800 0000 82B0     		sub	sp, sp, #8
 801              		.cfi_def_cfa_offset 8
 498:main.c        ****     // Create union of shared memory space
 499:main.c        ****     union {
 500:main.c        ****         uint16_t int_variable;
ARM GAS  C:\Users\haoen\AppData\Local\Temp\ccmUKDbF.s 			page 24


 501:main.c        ****         uint8_t temp_array[2];
 502:main.c        ****     } u;
 503:main.c        ****     // Overite bytes of union with float variable
 504:main.c        ****     u.int_variable = val;
 505:main.c        ****     // Assign bytes to input array
 506:main.c        ****     memcpy(bytes_array, u.temp_array, 2);
 802              		.loc 1 506 0
 803 0002 02AB     		add	r3, sp, #8
 804 0004 23F8040D 		strh	r0, [r3, #-4]!	@ movhi
 805 0008 1B88     		ldrh	r3, [r3]	@ unaligned
 806 000a 0B80     		strh	r3, [r1]	@ unaligned
 507:main.c        **** }
 807              		.loc 1 507 0
 808 000c 02B0     		add	sp, sp, #8
 809              		.cfi_def_cfa_offset 0
 810              		@ sp needed
 811 000e 7047     		bx	lr
 812              		.cfi_endproc
 813              	.LFE73:
 814              		.size	u16Int2Bytes, .-u16Int2Bytes
 815              		.section	.text.calculateCRC8,"ax",%progbits
 816              		.align	2
 817              		.global	calculateCRC8
 818              		.thumb
 819              		.thumb_func
 820              		.type	calculateCRC8, %function
 821              	calculateCRC8:
 822              	.LFB74:
 508:main.c        **** 
 509:main.c        **** /* Helper functions */
 510:main.c        **** /**
 511:main.c        ****  * @brief calculates the CRC8 for an outgoing UART packet
 512:main.c        ****  * 
 513:main.c        ****  * @param uint8_t opCode - the operation type of the outgoing packet
 514:main.c        ****  * @param uint8_t dataLength - the length of the payload to send
 515:main.c        ****  * @param uint8_t *data - pointer to an array of the Tx payload bytes
 516:main.c        ****  *
 517:main.c        ****  * @return uint8_t - calculated CRC byte from input parameters
 518:main.c        ****  * @note Helper function for wrap_data()
 519:main.c        **** */
 520:main.c        **** uint8_t calculateCRC8(uint8_t crcPolynomial, uint8_t dataLength, uint8_t* data) {
 823              		.loc 1 520 0
 824              		.cfi_startproc
 825              		@ args = 0, pretend = 0, frame = 0
 826              		@ frame_needed = 0, uses_anonymous_args = 0
 827              		@ link register save eliminated.
 828              	.LVL99:
 829 0000 10B4     		push	{r4}
 830              		.cfi_def_cfa_offset 4
 831              		.cfi_offset 4, -4
 832              	.LVL100:
 521:main.c        ****   uint8_t crc = 0x00; // Initialize CRC value
 522:main.c        **** 
 523:main.c        ****   // Update CRC with the opcode
 524:main.c        ****   crc = crcTable[crc ^ crcPolynomial];
 833              		.loc 1 524 0
 834 0002 084C     		ldr	r4, .L66
ARM GAS  C:\Users\haoen\AppData\Local\Temp\ccmUKDbF.s 			page 25


 835 0004 235C     		ldrb	r3, [r4, r0]	@ zero_extendqisi2
 836              	.LVL101:
 525:main.c        **** 
 526:main.c        ****   // Update CRC with the data length
 527:main.c        ****   crc = crcTable[crc ^ dataLength];
 837              		.loc 1 527 0
 838 0006 4B40     		eors	r3, r3, r1
 839              	.LVL102:
 840 0008 E05C     		ldrb	r0, [r4, r3]	@ zero_extendqisi2
 841              	.LVL103:
 842              	.LBB25:
 528:main.c        ****   
 529:main.c        ****   // Update CRC with each data byte
 530:main.c        ****   for (uint8_t i = 0; i < dataLength; i++) {
 843              		.loc 1 530 0
 844 000a 0023     		movs	r3, #0
 845 000c 05E0     		b	.L63
 846              	.LVL104:
 847              	.L64:
 531:main.c        ****     crc = crcTable[crc ^ data[i]];
 848              		.loc 1 531 0 discriminator 3
 849 000e D45C     		ldrb	r4, [r2, r3]	@ zero_extendqisi2
 850 0010 6040     		eors	r0, r0, r4
 851              	.LVL105:
 852 0012 044C     		ldr	r4, .L66
 853 0014 205C     		ldrb	r0, [r4, r0]	@ zero_extendqisi2
 854              	.LVL106:
 530:main.c        ****     crc = crcTable[crc ^ data[i]];
 855              		.loc 1 530 0 discriminator 3
 856 0016 0133     		adds	r3, r3, #1
 857              	.LVL107:
 858 0018 DBB2     		uxtb	r3, r3
 859              	.LVL108:
 860              	.L63:
 530:main.c        ****     crc = crcTable[crc ^ data[i]];
 861              		.loc 1 530 0 is_stmt 0 discriminator 1
 862 001a 8B42     		cmp	r3, r1
 863 001c F7D3     		bcc	.L64
 864              	.LBE25:
 532:main.c        ****   }
 533:main.c        **** 
 534:main.c        ****   return crc;
 535:main.c        **** }
 865              		.loc 1 535 0 is_stmt 1
 866 001e 10BC     		pop	{r4}
 867              		.cfi_restore 4
 868              		.cfi_def_cfa_offset 0
 869 0020 7047     		bx	lr
 870              	.L67:
 871 0022 00BF     		.align	2
 872              	.L66:
 873 0024 00000000 		.word	.LANCHOR1
 874              		.cfi_endproc
 875              	.LFE74:
 876              		.size	calculateCRC8, .-calculateCRC8
 877              		.section	.text.wrap_data,"ax",%progbits
 878              		.align	2
ARM GAS  C:\Users\haoen\AppData\Local\Temp\ccmUKDbF.s 			page 26


 879              		.global	wrap_data
 880              		.thumb
 881              		.thumb_func
 882              		.type	wrap_data, %function
 883              	wrap_data:
 884              	.LFB71:
 429:main.c        ****         // Ensure previous transmission is not ongoing before modifying transmit buffer
 885              		.loc 1 429 0
 886              		.cfi_startproc
 887              		@ args = 0, pretend = 0, frame = 0
 888              		@ frame_needed = 0, uses_anonymous_args = 0
 889              	.LVL109:
 890 0000 F8B5     		push	{r3, r4, r5, r6, r7, lr}
 891              		.cfi_def_cfa_offset 24
 892              		.cfi_offset 3, -24
 893              		.cfi_offset 4, -20
 894              		.cfi_offset 5, -16
 895              		.cfi_offset 6, -12
 896              		.cfi_offset 7, -8
 897              		.cfi_offset 14, -4
 898 0002 0F46     		mov	r7, r1
 899 0004 1446     		mov	r4, r2
 453:main.c        ****     RPI_TX_Buffer[1] = length;
 900              		.loc 1 453 0
 901 0006 0E4D     		ldr	r5, .L70
 902 0008 2873     		strb	r0, [r5, #12]
 454:main.c        ****     memcpy(&RPI_TX_Buffer[2], data, length);
 903              		.loc 1 454 0
 904 000a 6A73     		strb	r2, [r5, #13]
 455:main.c        ****     RPI_TX_Buffer[2 + length] = calculateCRC8(crcPolynomial, length, data);   
 905              		.loc 1 455 0
 906 000c 05F10E00 		add	r0, r5, #14
 907              	.LVL110:
 908 0010 FFF7FEFF 		bl	memcpy
 909              	.LVL111:
 456:main.c        ****     RPI_TX_Buffer[3 + length] = 0x0D;
 910              		.loc 1 456 0
 911 0014 A61C     		adds	r6, r4, #2
 912 0016 3A46     		mov	r2, r7
 913 0018 2146     		mov	r1, r4
 914 001a 0A20     		movs	r0, #10
 915 001c FFF7FEFF 		bl	calculateCRC8
 916              	.LVL112:
 917 0020 2E44     		add	r6, r6, r5
 918 0022 3073     		strb	r0, [r6, #12]
 457:main.c        ****     RPI_TX_Buffer[4 + length] = 0x0A;
 919              		.loc 1 457 0
 920 0024 E31C     		adds	r3, r4, #3
 921 0026 2B44     		add	r3, r3, r5
 922 0028 0D22     		movs	r2, #13
 923 002a 1A73     		strb	r2, [r3, #12]
 458:main.c        ****     //USER_LED_Write(0);   // drive high -> LED OFF
 924              		.loc 1 458 0
 925 002c 231D     		adds	r3, r4, #4
 926 002e 1D44     		add	r5, r5, r3
 927 0030 0A23     		movs	r3, #10
 928 0032 2B73     		strb	r3, [r5, #12]
ARM GAS  C:\Users\haoen\AppData\Local\Temp\ccmUKDbF.s 			page 27


 460:main.c        ****     
 929              		.loc 1 460 0
 930 0034 611D     		adds	r1, r4, #5
 931 0036 C9B2     		uxtb	r1, r1
 932 0038 0248     		ldr	r0, .L70+4
 933 003a FFF7FEFF 		bl	UART_RPI_PutArray
 934              	.LVL113:
 935 003e F8BD     		pop	{r3, r4, r5, r6, r7, pc}
 936              	.LVL114:
 937              	.L71:
 938              		.align	2
 939              	.L70:
 940 0040 00000000 		.word	.LANCHOR0
 941 0044 0C000000 		.word	.LANCHOR0+12
 942              		.cfi_endproc
 943              	.LFE71:
 944              		.size	wrap_data, .-wrap_data
 945              		.global	__aeabi_fcmpge
 946              		.global	__aeabi_fcmpgt
 947              		.global	__aeabi_fcmplt
 948              		.section	.text.main,"ax",%progbits
 949              		.align	2
 950              		.global	main
 951              		.thumb
 952              		.thumb_func
 953              		.type	main, %function
 954              	main:
 955              	.LFB66:
 162:main.c        ****     CyGlobalIntEnable; /* Enable global interrupts. */
 956              		.loc 1 162 0
 957              		.cfi_startproc
 958              		@ args = 0, pretend = 0, frame = 40
 959              		@ frame_needed = 0, uses_anonymous_args = 0
 960 0000 2DE9F041 		push	{r4, r5, r6, r7, r8, lr}
 961              		.cfi_def_cfa_offset 24
 962              		.cfi_offset 4, -24
 963              		.cfi_offset 5, -20
 964              		.cfi_offset 6, -16
 965              		.cfi_offset 7, -12
 966              		.cfi_offset 8, -8
 967              		.cfi_offset 14, -4
 968 0004 8AB0     		sub	sp, sp, #40
 969              		.cfi_def_cfa_offset 64
 163:main.c        ****     uint8_t packetsize = 0;
 970              		.loc 1 163 0
 971              		.syntax unified
 972              	@ 163 "main.c" 1
 973 0006 62B6     		CPSIE   i
 974              	@ 0 "" 2
 975              	.LVL115:
 166:main.c        ****     
 976              		.loc 1 166 0
 977              		.thumb
 978              		.syntax unified
 979 0008 0023     		movs	r3, #0
 980 000a ADF82430 		strh	r3, [sp, #36]	@ movhi
 169:main.c        ****     UART_OEM_Start();
ARM GAS  C:\Users\haoen\AppData\Local\Temp\ccmUKDbF.s 			page 28


 981              		.loc 1 169 0
 982 000e FFF7FEFF 		bl	UART_Debug_Start
 983              	.LVL116:
 170:main.c        ****     UART_RPI_Start();
 984              		.loc 1 170 0
 985 0012 FFF7FEFF 		bl	UART_OEM_Start
 986              	.LVL117:
 171:main.c        **** 
 987              		.loc 1 171 0
 988 0016 FFF7FEFF 		bl	UART_RPI_Start
 989              	.LVL118:
 173:main.c        ****     /*Testing the UART Connection to RPI-5*/
 990              		.loc 1 173 0
 991 001a 9A48     		ldr	r0, .L113
 992 001c FFF7FEFF 		bl	UART_Debug_PutString
 993              	.LVL119:
 177:main.c        ****     UART_OEM_PutChar('S');
 994              		.loc 1 177 0
 995 0020 01E0     		b	.L73
 996              	.L74:
 177:main.c        ****     UART_OEM_PutChar('S');
 997              		.loc 1 177 0 is_stmt 0 discriminator 2
 998 0022 FFF7FEFF 		bl	UART_OEM_GetChar
 999              	.LVL120:
 1000              	.L73:
 177:main.c        ****     UART_OEM_PutChar('S');
 1001              		.loc 1 177 0 discriminator 1
 1002 0026 FFF7FEFF 		bl	UART_OEM_GetRxBufferSize
 1003              	.LVL121:
 1004 002a 0028     		cmp	r0, #0
 1005 002c F9D1     		bne	.L74
 178:main.c        ****     
 1006              		.loc 1 178 0 is_stmt 1
 1007 002e 5320     		movs	r0, #83
 1008 0030 FFF7FEFF 		bl	UART_OEM_PutChar
 1009              	.LVL122:
 180:main.c        ****     bool got2 = OEM_Read2(&b0, &b1, 50u);
 1010              		.loc 1 180 0
 1011 0034 0023     		movs	r3, #0
 1012 0036 8DF82330 		strb	r3, [sp, #35]
 1013 003a 0AA9     		add	r1, sp, #40
 1014 003c 01F8063D 		strb	r3, [r1, #-6]!
 181:main.c        ****     if (!got2) {
 1015              		.loc 1 181 0
 1016 0040 3222     		movs	r2, #50
 1017 0042 0DF12300 		add	r0, sp, #35
 1018 0046 FFF7FEFF 		bl	OEM_Read2
 1019              	.LVL123:
 182:main.c        ****         opcode |= flowInitError;
 1020              		.loc 1 182 0
 1021 004a 38B9     		cbnz	r0, .L75
 1022              	.LVL124:
 184:main.c        ****         UART_Debug_PutString("Flow Sensor Initialization Error\r\n");
 1023              		.loc 1 184 0
 1024 004c 09A9     		add	r1, sp, #36
 1025 004e FFF7FEFF 		bl	u16Int2Bytes
 1026              	.LVL125:
ARM GAS  C:\Users\haoen\AppData\Local\Temp\ccmUKDbF.s 			page 29


 185:main.c        ****     }
 1027              		.loc 1 185 0
 1028 0052 8D48     		ldr	r0, .L113+4
 1029 0054 FFF7FEFF 		bl	UART_Debug_PutString
 1030              	.LVL126:
 183:main.c        ****         u16Int2Bytes(0u, payload);
 1031              		.loc 1 183 0
 1032 0058 0424     		movs	r4, #4
 1033 005a 18E0     		b	.L78
 1034              	.LVL127:
 1035              	.L75:
 1036              	.LBB26:
 188:main.c        ****         if (((status & 0x8000u) == 0u) || ((status & 0x0001u) == 0u)) {
 1037              		.loc 1 188 0
 1038 005c 9DF82320 		ldrb	r2, [sp, #35]	@ zero_extendqisi2
 1039 0060 9DF82230 		ldrb	r3, [sp, #34]	@ zero_extendqisi2
 1040              	.LVL128:
 1041              	.LBB27:
 1042              	.LBB28:
 159:main.c        **** 
 1043              		.loc 1 159 0
 1044 0064 43EA0223 		orr	r3, r3, r2, lsl #8
 1045              	.LVL129:
 1046 0068 1BB2     		sxth	r3, r3
 1047 006a 98B2     		uxth	r0, r3
 1048              	.LVL130:
 1049              	.LBE28:
 1050              	.LBE27:
 189:main.c        ****             opcode |= flowInitError;
 1051              		.loc 1 189 0
 1052 006c 002B     		cmp	r3, #0
 1053 006e 02DA     		bge	.L77
 189:main.c        ****             opcode |= flowInitError;
 1054              		.loc 1 189 0 is_stmt 0 discriminator 1
 1055 0070 10F0010F 		tst	r0, #1
 1056 0074 07D1     		bne	.L108
 1057              	.L77:
 1058              	.LVL131:
 191:main.c        ****             UART_Debug_PutString("Initialization Status Check Failure\r\n");
 1059              		.loc 1 191 0 is_stmt 1
 1060 0076 09A9     		add	r1, sp, #36
 1061 0078 FFF7FEFF 		bl	u16Int2Bytes
 1062              	.LVL132:
 192:main.c        ****         }
 1063              		.loc 1 192 0
 1064 007c 8348     		ldr	r0, .L113+8
 1065 007e FFF7FEFF 		bl	UART_Debug_PutString
 1066              	.LVL133:
 190:main.c        ****             u16Int2Bytes(status, payload);
 1067              		.loc 1 190 0
 1068 0082 0424     		movs	r4, #4
 1069 0084 03E0     		b	.L78
 1070              	.LVL134:
 1071              	.L108:
 1072              	.LBE26:
 165:main.c        ****     uint8_t payload[2] = {0}; 
 1073              		.loc 1 165 0
ARM GAS  C:\Users\haoen\AppData\Local\Temp\ccmUKDbF.s 			page 30


 1074 0086 0024     		movs	r4, #0
 1075 0088 01E0     		b	.L78
 1076              	.LVL135:
 1077              	.L79:
 198:main.c        ****     UART_OEM_PutChar('C');
 1078              		.loc 1 198 0 discriminator 2
 1079 008a FFF7FEFF 		bl	UART_OEM_GetChar
 1080              	.LVL136:
 1081              	.L78:
 198:main.c        ****     UART_OEM_PutChar('C');
 1082              		.loc 1 198 0 is_stmt 0 discriminator 1
 1083 008e FFF7FEFF 		bl	UART_OEM_GetRxBufferSize
 1084              	.LVL137:
 1085 0092 0028     		cmp	r0, #0
 1086 0094 F9D1     		bne	.L79
 199:main.c        ****     got2 = OEM_Read2(&b0, &b1, 50u);
 1087              		.loc 1 199 0 is_stmt 1
 1088 0096 4320     		movs	r0, #67
 1089 0098 FFF7FEFF 		bl	UART_OEM_PutChar
 1090              	.LVL138:
 200:main.c        ****     if (!got2) {
 1091              		.loc 1 200 0
 1092 009c 3222     		movs	r2, #50
 1093 009e 0DF12201 		add	r1, sp, #34
 1094 00a2 0DF12300 		add	r0, sp, #35
 1095 00a6 FFF7FEFF 		bl	OEM_Read2
 1096              	.LVL139:
 201:main.c        ****         opcode |= flowInitError;
 1097              		.loc 1 201 0
 1098 00aa 58B9     		cbnz	r0, .L80
 202:main.c        ****         u16Int2Bytes(0xCCCCu, payload);
 1099              		.loc 1 202 0
 1100 00ac 44F00404 		orr	r4, r4, #4
 1101              	.LVL140:
 203:main.c        ****         flow_scale_valid = false;
 1102              		.loc 1 203 0
 1103 00b0 09A9     		add	r1, sp, #36
 1104 00b2 4CF6CC40 		movw	r0, #52428
 1105              	.LVL141:
 1106 00b6 FFF7FEFF 		bl	u16Int2Bytes
 1107              	.LVL142:
 204:main.c        ****     }
 1108              		.loc 1 204 0
 1109 00ba 0022     		movs	r2, #0
 1110 00bc 744B     		ldr	r3, .L113+12
 1111 00be 83F80E21 		strb	r2, [r3, #270]
 1112 00c2 0AE0     		b	.L81
 1113              	.LVL143:
 1114              	.L80:
 207:main.c        ****         flow_scale_valid = true;
 1115              		.loc 1 207 0
 1116 00c4 9DF82320 		ldrb	r2, [sp, #35]	@ zero_extendqisi2
 1117 00c8 9DF82230 		ldrb	r3, [sp, #34]	@ zero_extendqisi2
 1118              	.LVL144:
 1119              	.LBB29:
 1120              	.LBB30:
 159:main.c        **** 
ARM GAS  C:\Users\haoen\AppData\Local\Temp\ccmUKDbF.s 			page 31


 1121              		.loc 1 159 0
 1122 00cc 43EA0223 		orr	r3, r3, r2, lsl #8
 1123              	.LVL145:
 1124              	.LBE30:
 1125              	.LBE29:
 207:main.c        ****         flow_scale_valid = true;
 1126              		.loc 1 207 0
 1127 00d0 6F4A     		ldr	r2, .L113+12
 1128 00d2 5381     		strh	r3, [r2, #10]	@ movhi
 208:main.c        ****     }
 1129              		.loc 1 208 0
 1130 00d4 0123     		movs	r3, #1
 1131 00d6 82F80E31 		strb	r3, [r2, #270]
 1132              	.LVL146:
 1133              	.L81:
 211:main.c        ****     
 1134              		.loc 1 211 0
 1135 00da 0222     		movs	r2, #2
 1136 00dc 09A9     		add	r1, sp, #36
 1137 00de 2046     		mov	r0, r4
 1138 00e0 FFF7FEFF 		bl	wrap_data
 1139              	.LVL147:
 215:main.c        ****     init_pressure_sensors();
 1140              		.loc 1 215 0
 1141 00e4 FFF7FEFF 		bl	ADC_TS410_Start
 1142              	.LVL148:
 216:main.c        ****     
 1143              		.loc 1 216 0
 1144 00e8 FFF7FEFF 		bl	init_pressure_sensors
 1145              	.LVL149:
 219:main.c        ****     
 1146              		.loc 1 219 0
 1147 00ec 6948     		ldr	r0, .L113+16
 1148 00ee FFF7FEFF 		bl	Timer_Interrupt_StartEx
 1149              	.LVL150:
 221:main.c        ****     ADC_DelSig_StartConvert();
 1150              		.loc 1 221 0
 1151 00f2 FFF7FEFF 		bl	ADC_TS410_StartConvert
 1152              	.LVL151:
 222:main.c        **** 
 1153              		.loc 1 222 0
 1154 00f6 FFF7FEFF 		bl	ADC_DelSig_StartConvert
 1155              	.LVL152:
 224:main.c        ****     USER_LED_Write(1);
 1156              		.loc 1 224 0
 1157 00fa FFF7FEFF 		bl	Timer_ISR_Start
 1158              	.LVL153:
 225:main.c        ****     for(;;)
 1159              		.loc 1 225 0
 1160 00fe 0120     		movs	r0, #1
 1161 0100 FFF7FEFF 		bl	USER_LED_Write
 1162              	.LVL154:
 1163              	.L83:
 231:main.c        ****             adcKick = false;
 1164              		.loc 1 231 0
 1165 0104 624B     		ldr	r3, .L113+12
 1166 0106 DB79     		ldrb	r3, [r3, #7]	@ zero_extendqisi2
ARM GAS  C:\Users\haoen\AppData\Local\Temp\ccmUKDbF.s 			page 32


 1167 0108 13F0FF0F 		tst	r3, #255
 1168 010c FAD0     		beq	.L83
 231:main.c        ****             adcKick = false;
 1169              		.loc 1 231 0 is_stmt 0 discriminator 1
 1170 010e 604B     		ldr	r3, .L113+12
 1171 0110 9B79     		ldrb	r3, [r3, #6]	@ zero_extendqisi2
 1172 0112 13F0FF0F 		tst	r3, #255
 1173 0116 F5D0     		beq	.L83
 231:main.c        ****             adcKick = false;
 1174              		.loc 1 231 0 discriminator 2
 1175 0118 5D4B     		ldr	r3, .L113+12
 1176 011a 5B7A     		ldrb	r3, [r3, #9]	@ zero_extendqisi2
 1177 011c 13F0FF0F 		tst	r3, #255
 1178 0120 F0D0     		beq	.L83
 1179              	.LBB31:
 232:main.c        ****             pressureDataReady = false;
 1180              		.loc 1 232 0 is_stmt 1
 1181 0122 5B4B     		ldr	r3, .L113+12
 1182 0124 0020     		movs	r0, #0
 1183 0126 D871     		strb	r0, [r3, #7]
 233:main.c        ****             flowDataReady = false;
 1184              		.loc 1 233 0
 1185 0128 9871     		strb	r0, [r3, #6]
 234:main.c        ****             packetsize = 0;
 1186              		.loc 1 234 0
 1187 012a 5872     		strb	r0, [r3, #9]
 1188              	.LVL155:
 239:main.c        ****             if (conversionStatus) {
 1189              		.loc 1 239 0
 1190 012c FFF7FEFF 		bl	ADC_TS410_IsEndConversion
 1191              	.LVL156:
 240:main.c        ****                 for (uint16_t i = 0; i < ADC_NUM_CHANNELS; i++) {
 1192              		.loc 1 240 0
 1193 0130 68B9     		cbnz	r0, .L109
 1194 0132 0023     		movs	r3, #0
 1195 0134 16E0     		b	.L86
 1196              	.LVL157:
 1197              	.L87:
 1198              	.LBB32:
 242:main.c        ****                     CyDelay(1u); // CyDelay(1u) not needed when using IsEndConversion(WAIT_FOR_RESU
 1199              		.loc 1 242 0 discriminator 3
 1200 0136 2046     		mov	r0, r4
 1201 0138 FFF7FEFF 		bl	ADC_TS410_GetResult16
 1202              	.LVL158:
 1203 013c 564B     		ldr	r3, .L113+20
 1204 013e 23F81400 		strh	r0, [r3, r4, lsl #1]	@ movhi
 243:main.c        ****                 }
 1205              		.loc 1 243 0 discriminator 3
 1206 0142 0120     		movs	r0, #1
 1207 0144 FFF7FEFF 		bl	CyDelay
 1208              	.LVL159:
 241:main.c        ****                     adcData[i] = ADC_TS410_GetResult16(i);
 1209              		.loc 1 241 0 discriminator 3
 1210 0148 0134     		adds	r4, r4, #1
 1211              	.LVL160:
 1212 014a A4B2     		uxth	r4, r4
 1213              	.LVL161:
ARM GAS  C:\Users\haoen\AppData\Local\Temp\ccmUKDbF.s 			page 33


 1214 014c 00E0     		b	.L85
 1215              	.LVL162:
 1216              	.L109:
 1217              	.LBE32:
 1218 014e 0024     		movs	r4, #0
 1219              	.LVL163:
 1220              	.L85:
 1221              	.LBB33:
 241:main.c        ****                     adcData[i] = ADC_TS410_GetResult16(i);
 1222              		.loc 1 241 0 is_stmt 0 discriminator 1
 1223 0150 032C     		cmp	r4, #3
 1224 0152 F0D9     		bls	.L87
 1225 0154 08E0     		b	.L88
 1226              	.LVL164:
 1227              	.L89:
 1228              	.LBE33:
 1229              	.LBB34:
 248:main.c        ****                 }
 1230              		.loc 1 248 0 is_stmt 1 discriminator 3
 1231 0156 4FF61841 		movw	r1, #64536
 1232 015a 4F4A     		ldr	r2, .L113+20
 1233 015c 22F81310 		strh	r1, [r2, r3, lsl #1]	@ movhi
 247:main.c        ****                     adcData[i] = -1000;
 1234              		.loc 1 247 0 discriminator 3
 1235 0160 0133     		adds	r3, r3, #1
 1236              	.LVL165:
 1237 0162 9BB2     		uxth	r3, r3
 1238              	.LVL166:
 1239              	.L86:
 247:main.c        ****                     adcData[i] = -1000;
 1240              		.loc 1 247 0 is_stmt 0 discriminator 1
 1241 0164 032B     		cmp	r3, #3
 1242 0166 F6D9     		bls	.L89
 1243              	.LVL167:
 1244              	.L88:
 1245              	.LBE34:
 1246 0168 0025     		movs	r5, #0
 1247 016a 0127     		movs	r7, #1
 1248 016c 2C46     		mov	r4, r5
 1249 016e 3AE0     		b	.L90
 1250              	.LVL168:
 1251              	.L97:
 1252              	.LBB35:
 1253              	.LBB36:
 253:main.c        ****                 /*Check if data flucaute a lot, if so send warning OPCODE, currently it only checks
 1254              		.loc 1 253 0 is_stmt 1
 1255 0170 494B     		ldr	r3, .L113+20
 1256 0172 33F81500 		ldrh	r0, [r3, r5, lsl #1]
 1257 0176 00B2     		sxth	r0, r0
 1258 0178 FFF7FEFF 		bl	ADC_TS410_CountsTo_Volts
 1259              	.LVL169:
 1260 017c 0646     		mov	r6, r0
 1261              	.LVL170:
 255:main.c        ****                     checkData = false;
 1262              		.loc 1 255 0
 1263 017e 444B     		ldr	r3, .L113+12
 1264 0180 1B7A     		ldrb	r3, [r3, #8]	@ zero_extendqisi2
ARM GAS  C:\Users\haoen\AppData\Local\Temp\ccmUKDbF.s 			page 34


 1265 0182 13F0FF0F 		tst	r3, #255
 1266 0186 19D0     		beq	.L91
 255:main.c        ****                     checkData = false;
 1267              		.loc 1 255 0 is_stmt 0 discriminator 1
 1268 0188 032D     		cmp	r5, #3
 1269 018a 17D1     		bne	.L91
 256:main.c        ****                     if(!isnan(savedADC) && fabsf(savedADC - ADCVolts) >= changeToleranceInterval){
 1270              		.loc 1 256 0 is_stmt 1
 1271 018c 0022     		movs	r2, #0
 1272 018e 404B     		ldr	r3, .L113+12
 1273 0190 1A72     		strb	r2, [r3, #8]
 257:main.c        ****                         opcode |= ADCJumpWarn;
 1274              		.loc 1 257 0
 1275 0192 424B     		ldr	r3, .L113+24
 1276 0194 1868     		ldr	r0, [r3]	@ float
 1277              	.LVL171:
 1278 0196 0146     		mov	r1, r0
 1279 0198 FFF7FEFF 		bl	__aeabi_fcmpun
 1280              	.LVL172:
 1281 019c 60B9     		cbnz	r0, .L92
 257:main.c        ****                         opcode |= ADCJumpWarn;
 1282              		.loc 1 257 0 is_stmt 0 discriminator 1
 1283 019e 3F4B     		ldr	r3, .L113+24
 1284 01a0 1868     		ldr	r0, [r3]	@ float
 1285 01a2 3146     		mov	r1, r6
 1286 01a4 FFF7FEFF 		bl	__aeabi_fsub
 1287              	.LVL173:
 1288 01a8 20F00040 		bic	r0, r0, #-2147483648
 1289 01ac 3C49     		ldr	r1, .L113+28
 1290 01ae FFF7FEFF 		bl	__aeabi_fcmpge
 1291              	.LVL174:
 1292 01b2 08B1     		cbz	r0, .L92
 258:main.c        ****                     }
 1293              		.loc 1 258 0 is_stmt 1
 1294 01b4 47F00507 		orr	r7, r7, #5
 1295              	.LVL175:
 1296              	.L92:
 260:main.c        ****                 }
 1297              		.loc 1 260 0
 1298 01b8 384B     		ldr	r3, .L113+24
 1299 01ba 1E60     		str	r6, [r3]	@ float
 1300              	.L91:
 263:main.c        ****                     opcode |= ADCOORWarn;
 1301              		.loc 1 263 0
 1302 01bc 3949     		ldr	r1, .L113+32
 1303 01be 3046     		mov	r0, r6
 1304 01c0 FFF7FEFF 		bl	__aeabi_fcmpgt
 1305              	.LVL176:
 1306 01c4 20B9     		cbnz	r0, .L94
 263:main.c        ****                     opcode |= ADCOORWarn;
 1307              		.loc 1 263 0 is_stmt 0 discriminator 1
 1308 01c6 3849     		ldr	r1, .L113+36
 1309 01c8 3046     		mov	r0, r6
 1310 01ca FFF7FEFF 		bl	__aeabi_fcmplt
 1311              	.LVL177:
 1312 01ce 08B1     		cbz	r0, .L95
 1313              	.L94:
ARM GAS  C:\Users\haoen\AppData\Local\Temp\ccmUKDbF.s 			page 35


 264:main.c        ****                 }
 1314              		.loc 1 264 0 is_stmt 1
 1315 01d0 47F00307 		orr	r7, r7, #3
 1316              	.LVL178:
 1317              	.L95:
 267:main.c        ****                 packetsize += sizeof(float32);
 1318              		.loc 1 267 0 discriminator 2
 1319 01d4 3549     		ldr	r1, .L113+40
 1320 01d6 2144     		add	r1, r1, r4
 1321 01d8 3046     		mov	r0, r6
 1322 01da FFF7FEFF 		bl	float2Bytes
 1323              	.LVL179:
 268:main.c        ****             }
 1324              		.loc 1 268 0 discriminator 2
 1325 01de 0434     		adds	r4, r4, #4
 1326              	.LVL180:
 1327 01e0 E4B2     		uxtb	r4, r4
 1328              	.LVL181:
 1329              	.LBE36:
 252:main.c        ****                 float32 ADCVolts = /*(3.3/2.739) *  */ ADC_TS410_CountsTo_Volts(adcData[i]);
 1330              		.loc 1 252 0 discriminator 2
 1331 01e2 0135     		adds	r5, r5, #1
 1332              	.LVL182:
 1333 01e4 EDB2     		uxtb	r5, r5
 1334              	.LVL183:
 1335              	.L90:
 252:main.c        ****                 float32 ADCVolts = /*(3.3/2.739) *  */ ADC_TS410_CountsTo_Volts(adcData[i]);
 1336              		.loc 1 252 0 is_stmt 0 discriminator 1
 1337 01e6 032D     		cmp	r5, #3
 1338 01e8 C2D9     		bls	.L97
 1339 01ea 0025     		movs	r5, #0
 1340              	.LVL184:
 1341 01ec 1AE0     		b	.L98
 1342              	.LVL185:
 1343              	.L102:
 1344              	.LBE35:
 1345              	.LBB37:
 1346              	.LBB38:
 273:main.c        **** 
 1347              		.loc 1 273 0 is_stmt 1
 1348 01ee 304B     		ldr	r3, .L113+44
 1349 01f0 33F81500 		ldrh	r0, [r3, r5, lsl #1]
 1350 01f4 00B2     		sxth	r0, r0
 1351 01f6 FFF7FEFF 		bl	ADC_DelSig_CountsTo_Volts
 1352              	.LVL186:
 1353 01fa 0646     		mov	r6, r0
 1354              	.LVL187:
 275:main.c        ****                     opcode |= PressureOORWarn;
 1355              		.loc 1 275 0
 1356 01fc 2949     		ldr	r1, .L113+32
 1357 01fe FFF7FEFF 		bl	__aeabi_fcmpgt
 1358              	.LVL188:
 1359 0202 20B9     		cbnz	r0, .L99
 275:main.c        ****                     opcode |= PressureOORWarn;
 1360              		.loc 1 275 0 is_stmt 0 discriminator 1
 1361 0204 2849     		ldr	r1, .L113+36
 1362 0206 3046     		mov	r0, r6
ARM GAS  C:\Users\haoen\AppData\Local\Temp\ccmUKDbF.s 			page 36


 1363 0208 FFF7FEFF 		bl	__aeabi_fcmplt
 1364              	.LVL189:
 1365 020c 08B1     		cbz	r0, .L100
 1366              	.L99:
 276:main.c        ****                 }
 1367              		.loc 1 276 0 is_stmt 1
 1368 020e 47F00907 		orr	r7, r7, #9
 1369              	.LVL190:
 1370              	.L100:
 279:main.c        ****                 packetsize += sizeof(float32);
 1371              		.loc 1 279 0 discriminator 2
 1372 0212 2649     		ldr	r1, .L113+40
 1373 0214 2144     		add	r1, r1, r4
 1374 0216 3046     		mov	r0, r6
 1375 0218 FFF7FEFF 		bl	float2Bytes
 1376              	.LVL191:
 280:main.c        ****             }
 1377              		.loc 1 280 0 discriminator 2
 1378 021c 0434     		adds	r4, r4, #4
 1379              	.LVL192:
 1380 021e E4B2     		uxtb	r4, r4
 1381              	.LVL193:
 1382              	.LBE38:
 272:main.c        ****                 float32 pressureVolts = /*(3.3/3.3) */ ADC_DelSig_CountsTo_Volts(pressureData[i]);
 1383              		.loc 1 272 0 discriminator 2
 1384 0220 0135     		adds	r5, r5, #1
 1385              	.LVL194:
 1386 0222 EDB2     		uxtb	r5, r5
 1387              	.LVL195:
 1388              	.L98:
 272:main.c        ****                 float32 pressureVolts = /*(3.3/3.3) */ ADC_DelSig_CountsTo_Volts(pressureData[i]);
 1389              		.loc 1 272 0 is_stmt 0 discriminator 1
 1390 0224 012D     		cmp	r5, #1
 1391 0226 E2D9     		bls	.L102
 1392              	.LBE37:
 283:main.c        ****             uint8 good = 0;
 1393              		.loc 1 283 0 is_stmt 1
 1394 0228 224B     		ldr	r3, .L113+48
 1395 022a 0293     		str	r3, [sp, #8]	@ float
 1396 022c 0393     		str	r3, [sp, #12]	@ float
 284:main.c        ****             float32  nrsaA = NAN, nrsaB = NAN, dA = NAN, dB = NAN;
 1397              		.loc 1 284 0
 1398 022e 0022     		movs	r2, #0
 1399 0230 8DF80720 		strb	r2, [sp, #7]
 285:main.c        ****             char buf[64] = {0};
 1400              		.loc 1 285 0
 1401 0234 0493     		str	r3, [sp, #16]	@ float
 1402 0236 0593     		str	r3, [sp, #20]	@ float
 1403 0238 0693     		str	r3, [sp, #24]	@ float
 1404 023a 0793     		str	r3, [sp, #28]	@ float
 1405              	.LVL196:
 290:main.c        ****                 gotF = OEM_ReadF(&flow_ml_min, &good);
 1406              		.loc 1 290 0
 1407 023c 144B     		ldr	r3, .L113+12
 1408 023e 93F80E31 		ldrb	r3, [r3, #270]	@ zero_extendqisi2
 1409 0242 002B     		cmp	r3, #0
 1410 0244 3ED0     		beq	.L110
ARM GAS  C:\Users\haoen\AppData\Local\Temp\ccmUKDbF.s 			page 37


 291:main.c        ****                 if(!gotF)
 1411              		.loc 1 291 0
 1412 0246 0DF10701 		add	r1, sp, #7
 1413 024a 02A8     		add	r0, sp, #8
 1414 024c FFF7FEFF 		bl	OEM_ReadF
 1415              	.LVL197:
 292:main.c        ****                     UART_Debug_PutString("Flow Reading Error, timeout r\r\n");
 1416              		.loc 1 292 0
 1417 0250 0646     		mov	r6, r0
 1418 0252 10B9     		cbnz	r0, .L104
 293:main.c        ****                 gotP = OEM_ReadP(&phase_deg);
 1419              		.loc 1 293 0
 1420 0254 1848     		ldr	r0, .L113+52
 1421              	.LVL198:
 1422 0256 FFF7FEFF 		bl	UART_Debug_PutString
 1423              	.LVL199:
 1424              	.L104:
 294:main.c        ****                 if(!gotP)
 1425              		.loc 1 294 0
 1426 025a 03A8     		add	r0, sp, #12
 1427 025c FFF7FEFF 		bl	OEM_ReadP
 1428              	.LVL200:
 295:main.c        ****                     UART_Debug_PutString("Phase Reading Error, timeout\r\n");
 1429              		.loc 1 295 0
 1430 0260 8046     		mov	r8, r0
 1431 0262 10B9     		cbnz	r0, .L105
 296:main.c        ****                 gotA = OEM_ReadAmp(&nrsaA, &nrsaB, &dA, &dB);
 1432              		.loc 1 296 0
 1433 0264 1548     		ldr	r0, .L113+56
 1434              	.LVL201:
 1435 0266 FFF7FEFF 		bl	UART_Debug_PutString
 1436              	.LVL202:
 1437              	.L105:
 297:main.c        ****                 if(!gotA)
 1438              		.loc 1 297 0
 1439 026a 07AB     		add	r3, sp, #28
 1440 026c 06AA     		add	r2, sp, #24
 1441 026e 05A9     		add	r1, sp, #20
 1442 0270 04A8     		add	r0, sp, #16
 1443 0272 FFF7FEFF 		bl	OEM_ReadAmp
 1444              	.LVL203:
 298:main.c        ****                     UART_Debug_PutString("Amplitude Reading Error, timeout\r\n");
 1445              		.loc 1 298 0
 1446 0276 0546     		mov	r5, r0
 1447              	.LVL204:
 1448 0278 38BB     		cbnz	r0, .L103
 299:main.c        ****             }
 1449              		.loc 1 299 0
 1450 027a 1148     		ldr	r0, .L113+60
 1451              	.LVL205:
 1452 027c FFF7FEFF 		bl	UART_Debug_PutString
 1453              	.LVL206:
 1454 0280 23E0     		b	.L103
 1455              	.L114:
 1456 0282 00BF     		.align	2
 1457              	.L113:
 1458 0284 54000000 		.word	.LC4
ARM GAS  C:\Users\haoen\AppData\Local\Temp\ccmUKDbF.s 			page 38


 1459 0288 64000000 		.word	.LC5
 1460 028c 88000000 		.word	.LC6
 1461 0290 00000000 		.word	.LANCHOR0
 1462 0294 00000000 		.word	Timer_Interrupt_Handler
 1463 0298 00000000 		.word	adcData
 1464 029c 00000000 		.word	.LANCHOR2
 1465 02a0 9A99993E 		.word	1050253722
 1466 02a4 3333A340 		.word	1084437299
 1467 02a8 CDCCCCBD 		.word	-1110651699
 1468 02ac 10010000 		.word	.LANCHOR0+272
 1469 02b0 00000000 		.word	pressureData
 1470 02b4 0000C07F 		.word	2143289344
 1471 02b8 B0000000 		.word	.LC7
 1472 02bc D0000000 		.word	.LC8
 1473 02c0 F0000000 		.word	.LC9
 1474              	.LVL207:
 1475              	.L110:
 288:main.c        **** 
 1476              		.loc 1 288 0
 1477 02c4 0025     		movs	r5, #0
 1478              	.LVL208:
 1479 02c6 A846     		mov	r8, r5
 1480 02c8 2E46     		mov	r6, r5
 1481              	.LVL209:
 1482              	.L103:
 303:main.c        ****                 opcode |= FlowDataWarn;
 1483              		.loc 1 303 0
 1484 02ca 36B1     		cbz	r6, .L106
 303:main.c        ****                 opcode |= FlowDataWarn;
 1485              		.loc 1 303 0 is_stmt 0 discriminator 1
 1486 02cc B8F1000F 		cmp	r8, #0
 1487 02d0 03D0     		beq	.L106
 303:main.c        ****                 opcode |= FlowDataWarn;
 1488              		.loc 1 303 0 discriminator 2
 1489 02d2 15B1     		cbz	r5, .L106
 303:main.c        ****                 opcode |= FlowDataWarn;
 1490              		.loc 1 303 0 discriminator 3
 1491 02d4 9DF80730 		ldrb	r3, [sp, #7]	@ zero_extendqisi2
 1492 02d8 0BB9     		cbnz	r3, .L107
 1493              	.L106:
 304:main.c        ****             }
 1494              		.loc 1 304 0 is_stmt 1
 1495 02da 47F02107 		orr	r7, r7, #33
 1496              	.LVL210:
 1497              	.L107:
 308:main.c        ****             float2Bytes((float32)phase_deg,   &packet[packetsize]);  packetsize += sizeof(float32);
 1498              		.loc 1 308 0
 1499 02de 174D     		ldr	r5, .L115
 1500              	.LVL211:
 1501 02e0 2919     		adds	r1, r5, r4
 1502 02e2 0298     		ldr	r0, [sp, #8]	@ float
 1503 02e4 FFF7FEFF 		bl	float2Bytes
 1504              	.LVL212:
 1505 02e8 211D     		adds	r1, r4, #4
 1506 02ea C9B2     		uxtb	r1, r1
 1507              	.LVL213:
 309:main.c        ****             float2Bytes((float32)nrsaA,       &packet[packetsize]);  packetsize += sizeof(float32);
ARM GAS  C:\Users\haoen\AppData\Local\Temp\ccmUKDbF.s 			page 39


 1508              		.loc 1 309 0
 1509 02ec 2944     		add	r1, r1, r5
 1510              	.LVL214:
 1511 02ee 0398     		ldr	r0, [sp, #12]	@ float
 1512 02f0 FFF7FEFF 		bl	float2Bytes
 1513              	.LVL215:
 1514 02f4 04F10801 		add	r1, r4, #8
 1515 02f8 C9B2     		uxtb	r1, r1
 1516              	.LVL216:
 310:main.c        ****             float2Bytes((float32)nrsaB,       &packet[packetsize]);  packetsize += sizeof(float32);
 1517              		.loc 1 310 0
 1518 02fa 2944     		add	r1, r1, r5
 1519              	.LVL217:
 1520 02fc 0498     		ldr	r0, [sp, #16]	@ float
 1521 02fe FFF7FEFF 		bl	float2Bytes
 1522              	.LVL218:
 1523 0302 04F10C01 		add	r1, r4, #12
 1524 0306 C9B2     		uxtb	r1, r1
 1525              	.LVL219:
 311:main.c        ****             float2Bytes((float32)dA,          &packet[packetsize]);  packetsize += sizeof(float32);
 1526              		.loc 1 311 0
 1527 0308 2944     		add	r1, r1, r5
 1528              	.LVL220:
 1529 030a 0598     		ldr	r0, [sp, #20]	@ float
 1530 030c FFF7FEFF 		bl	float2Bytes
 1531              	.LVL221:
 1532 0310 04F11001 		add	r1, r4, #16
 1533 0314 C9B2     		uxtb	r1, r1
 1534              	.LVL222:
 312:main.c        ****             float2Bytes((float32)dB,          &packet[packetsize]);  packetsize += sizeof(float32);
 1535              		.loc 1 312 0
 1536 0316 2944     		add	r1, r1, r5
 1537              	.LVL223:
 1538 0318 0698     		ldr	r0, [sp, #24]	@ float
 1539 031a FFF7FEFF 		bl	float2Bytes
 1540              	.LVL224:
 1541 031e 04F11401 		add	r1, r4, #20
 1542 0322 C9B2     		uxtb	r1, r1
 1543              	.LVL225:
 313:main.c        **** 
 1544              		.loc 1 313 0
 1545 0324 2944     		add	r1, r1, r5
 1546              	.LVL226:
 1547 0326 0798     		ldr	r0, [sp, #28]	@ float
 1548 0328 FFF7FEFF 		bl	float2Bytes
 1549              	.LVL227:
 1550 032c 04F11802 		add	r2, r4, #24
 1551              	.LVL228:
 315:main.c        ****         }
 1552              		.loc 1 315 0
 1553 0330 D2B2     		uxtb	r2, r2
 1554 0332 2946     		mov	r1, r5
 1555 0334 3846     		mov	r0, r7
 1556 0336 FFF7FEFF 		bl	wrap_data
 1557              	.LVL229:
 1558 033a E3E6     		b	.L83
 1559              	.L116:
ARM GAS  C:\Users\haoen\AppData\Local\Temp\ccmUKDbF.s 			page 40


 1560              		.align	2
 1561              	.L115:
 1562 033c 10010000 		.word	.LANCHOR0+272
 1563              	.LBE31:
 1564              		.cfi_endproc
 1565              	.LFE66:
 1566              		.size	main, .-main
 1567              		.comm	pressureData,4,4
 1568              		.comm	adcData,8,4
 1569              		.section	.rodata
 1570              		.align	2
 1571              		.set	.LANCHOR1,. + 0
 1572              		.type	crcTable, %object
 1573              		.size	crcTable, 256
 1574              	crcTable:
 1575 0000 00       		.byte	0
 1576 0001 07       		.byte	7
 1577 0002 0E       		.byte	14
 1578 0003 09       		.byte	9
 1579 0004 1C       		.byte	28
 1580 0005 1B       		.byte	27
 1581 0006 12       		.byte	18
 1582 0007 15       		.byte	21
 1583 0008 38       		.byte	56
 1584 0009 3F       		.byte	63
 1585 000a 36       		.byte	54
 1586 000b 31       		.byte	49
 1587 000c 24       		.byte	36
 1588 000d 23       		.byte	35
 1589 000e 2A       		.byte	42
 1590 000f 2D       		.byte	45
 1591 0010 70       		.byte	112
 1592 0011 77       		.byte	119
 1593 0012 7E       		.byte	126
 1594 0013 79       		.byte	121
 1595 0014 6C       		.byte	108
 1596 0015 6B       		.byte	107
 1597 0016 62       		.byte	98
 1598 0017 65       		.byte	101
 1599 0018 48       		.byte	72
 1600 0019 4F       		.byte	79
 1601 001a 46       		.byte	70
 1602 001b 41       		.byte	65
 1603 001c 54       		.byte	84
 1604 001d 53       		.byte	83
 1605 001e 5A       		.byte	90
 1606 001f 5D       		.byte	93
 1607 0020 E0       		.byte	-32
 1608 0021 E7       		.byte	-25
 1609 0022 EE       		.byte	-18
 1610 0023 E9       		.byte	-23
 1611 0024 FC       		.byte	-4
 1612 0025 FB       		.byte	-5
 1613 0026 F2       		.byte	-14
 1614 0027 F5       		.byte	-11
 1615 0028 D8       		.byte	-40
 1616 0029 DF       		.byte	-33
ARM GAS  C:\Users\haoen\AppData\Local\Temp\ccmUKDbF.s 			page 41


 1617 002a D6       		.byte	-42
 1618 002b D1       		.byte	-47
 1619 002c C4       		.byte	-60
 1620 002d C3       		.byte	-61
 1621 002e CA       		.byte	-54
 1622 002f CD       		.byte	-51
 1623 0030 90       		.byte	-112
 1624 0031 97       		.byte	-105
 1625 0032 9E       		.byte	-98
 1626 0033 99       		.byte	-103
 1627 0034 8C       		.byte	-116
 1628 0035 8B       		.byte	-117
 1629 0036 82       		.byte	-126
 1630 0037 85       		.byte	-123
 1631 0038 A8       		.byte	-88
 1632 0039 AF       		.byte	-81
 1633 003a A6       		.byte	-90
 1634 003b A1       		.byte	-95
 1635 003c B4       		.byte	-76
 1636 003d B3       		.byte	-77
 1637 003e BA       		.byte	-70
 1638 003f BD       		.byte	-67
 1639 0040 C7       		.byte	-57
 1640 0041 C0       		.byte	-64
 1641 0042 C9       		.byte	-55
 1642 0043 CE       		.byte	-50
 1643 0044 DB       		.byte	-37
 1644 0045 DC       		.byte	-36
 1645 0046 D5       		.byte	-43
 1646 0047 D2       		.byte	-46
 1647 0048 FF       		.byte	-1
 1648 0049 F8       		.byte	-8
 1649 004a F1       		.byte	-15
 1650 004b F6       		.byte	-10
 1651 004c E3       		.byte	-29
 1652 004d E4       		.byte	-28
 1653 004e ED       		.byte	-19
 1654 004f EA       		.byte	-22
 1655 0050 B7       		.byte	-73
 1656 0051 B0       		.byte	-80
 1657 0052 B9       		.byte	-71
 1658 0053 BE       		.byte	-66
 1659 0054 AB       		.byte	-85
 1660 0055 AC       		.byte	-84
 1661 0056 A5       		.byte	-91
 1662 0057 A2       		.byte	-94
 1663 0058 8F       		.byte	-113
 1664 0059 88       		.byte	-120
 1665 005a 81       		.byte	-127
 1666 005b 86       		.byte	-122
 1667 005c 93       		.byte	-109
 1668 005d 94       		.byte	-108
 1669 005e 9D       		.byte	-99
 1670 005f 9A       		.byte	-102
 1671 0060 27       		.byte	39
 1672 0061 20       		.byte	32
 1673 0062 29       		.byte	41
ARM GAS  C:\Users\haoen\AppData\Local\Temp\ccmUKDbF.s 			page 42


 1674 0063 2E       		.byte	46
 1675 0064 3B       		.byte	59
 1676 0065 3C       		.byte	60
 1677 0066 35       		.byte	53
 1678 0067 32       		.byte	50
 1679 0068 1F       		.byte	31
 1680 0069 18       		.byte	24
 1681 006a 11       		.byte	17
 1682 006b 16       		.byte	22
 1683 006c 03       		.byte	3
 1684 006d 04       		.byte	4
 1685 006e 0D       		.byte	13
 1686 006f 0A       		.byte	10
 1687 0070 57       		.byte	87
 1688 0071 50       		.byte	80
 1689 0072 59       		.byte	89
 1690 0073 5E       		.byte	94
 1691 0074 4B       		.byte	75
 1692 0075 4C       		.byte	76
 1693 0076 45       		.byte	69
 1694 0077 42       		.byte	66
 1695 0078 6F       		.byte	111
 1696 0079 68       		.byte	104
 1697 007a 61       		.byte	97
 1698 007b 66       		.byte	102
 1699 007c 73       		.byte	115
 1700 007d 74       		.byte	116
 1701 007e 7D       		.byte	125
 1702 007f 7A       		.byte	122
 1703 0080 89       		.byte	-119
 1704 0081 8E       		.byte	-114
 1705 0082 87       		.byte	-121
 1706 0083 80       		.byte	-128
 1707 0084 95       		.byte	-107
 1708 0085 92       		.byte	-110
 1709 0086 9B       		.byte	-101
 1710 0087 9C       		.byte	-100
 1711 0088 B1       		.byte	-79
 1712 0089 B6       		.byte	-74
 1713 008a BF       		.byte	-65
 1714 008b B8       		.byte	-72
 1715 008c AD       		.byte	-83
 1716 008d AA       		.byte	-86
 1717 008e A3       		.byte	-93
 1718 008f A4       		.byte	-92
 1719 0090 F9       		.byte	-7
 1720 0091 FE       		.byte	-2
 1721 0092 F7       		.byte	-9
 1722 0093 F0       		.byte	-16
 1723 0094 E5       		.byte	-27
 1724 0095 E2       		.byte	-30
 1725 0096 EB       		.byte	-21
 1726 0097 EC       		.byte	-20
 1727 0098 C1       		.byte	-63
 1728 0099 C6       		.byte	-58
 1729 009a CF       		.byte	-49
 1730 009b C8       		.byte	-56
ARM GAS  C:\Users\haoen\AppData\Local\Temp\ccmUKDbF.s 			page 43


 1731 009c DD       		.byte	-35
 1732 009d DA       		.byte	-38
 1733 009e D3       		.byte	-45
 1734 009f D4       		.byte	-44
 1735 00a0 69       		.byte	105
 1736 00a1 6E       		.byte	110
 1737 00a2 67       		.byte	103
 1738 00a3 60       		.byte	96
 1739 00a4 75       		.byte	117
 1740 00a5 72       		.byte	114
 1741 00a6 7B       		.byte	123
 1742 00a7 7C       		.byte	124
 1743 00a8 51       		.byte	81
 1744 00a9 56       		.byte	86
 1745 00aa 5F       		.byte	95
 1746 00ab 58       		.byte	88
 1747 00ac 4D       		.byte	77
 1748 00ad 4A       		.byte	74
 1749 00ae 43       		.byte	67
 1750 00af 44       		.byte	68
 1751 00b0 19       		.byte	25
 1752 00b1 1E       		.byte	30
 1753 00b2 17       		.byte	23
 1754 00b3 10       		.byte	16
 1755 00b4 05       		.byte	5
 1756 00b5 02       		.byte	2
 1757 00b6 0B       		.byte	11
 1758 00b7 0C       		.byte	12
 1759 00b8 21       		.byte	33
 1760 00b9 26       		.byte	38
 1761 00ba 2F       		.byte	47
 1762 00bb 28       		.byte	40
 1763 00bc 3D       		.byte	61
 1764 00bd 3A       		.byte	58
 1765 00be 33       		.byte	51
 1766 00bf 34       		.byte	52
 1767 00c0 4E       		.byte	78
 1768 00c1 49       		.byte	73
 1769 00c2 40       		.byte	64
 1770 00c3 47       		.byte	71
 1771 00c4 52       		.byte	82
 1772 00c5 55       		.byte	85
 1773 00c6 5C       		.byte	92
 1774 00c7 5B       		.byte	91
 1775 00c8 76       		.byte	118
 1776 00c9 71       		.byte	113
 1777 00ca 78       		.byte	120
 1778 00cb 7F       		.byte	127
 1779 00cc 6A       		.byte	106
 1780 00cd 6D       		.byte	109
 1781 00ce 64       		.byte	100
 1782 00cf 63       		.byte	99
 1783 00d0 3E       		.byte	62
 1784 00d1 39       		.byte	57
 1785 00d2 30       		.byte	48
 1786 00d3 37       		.byte	55
 1787 00d4 22       		.byte	34
ARM GAS  C:\Users\haoen\AppData\Local\Temp\ccmUKDbF.s 			page 44


 1788 00d5 25       		.byte	37
 1789 00d6 2C       		.byte	44
 1790 00d7 2B       		.byte	43
 1791 00d8 06       		.byte	6
 1792 00d9 01       		.byte	1
 1793 00da 08       		.byte	8
 1794 00db 0F       		.byte	15
 1795 00dc 1A       		.byte	26
 1796 00dd 1D       		.byte	29
 1797 00de 14       		.byte	20
 1798 00df 13       		.byte	19
 1799 00e0 AE       		.byte	-82
 1800 00e1 A9       		.byte	-87
 1801 00e2 A0       		.byte	-96
 1802 00e3 A7       		.byte	-89
 1803 00e4 B2       		.byte	-78
 1804 00e5 B5       		.byte	-75
 1805 00e6 BC       		.byte	-68
 1806 00e7 BB       		.byte	-69
 1807 00e8 96       		.byte	-106
 1808 00e9 91       		.byte	-111
 1809 00ea 98       		.byte	-104
 1810 00eb 9F       		.byte	-97
 1811 00ec 8A       		.byte	-118
 1812 00ed 8D       		.byte	-115
 1813 00ee 84       		.byte	-124
 1814 00ef 83       		.byte	-125
 1815 00f0 DE       		.byte	-34
 1816 00f1 D9       		.byte	-39
 1817 00f2 D0       		.byte	-48
 1818 00f3 D7       		.byte	-41
 1819 00f4 C2       		.byte	-62
 1820 00f5 C5       		.byte	-59
 1821 00f6 CC       		.byte	-52
 1822 00f7 CB       		.byte	-53
 1823 00f8 E6       		.byte	-26
 1824 00f9 E1       		.byte	-31
 1825 00fa E8       		.byte	-24
 1826 00fb EF       		.byte	-17
 1827 00fc FA       		.byte	-6
 1828 00fd FD       		.byte	-3
 1829 00fe F4       		.byte	-12
 1830 00ff F3       		.byte	-13
 1831              		.data
 1832              		.align	2
 1833              		.set	.LANCHOR2,. + 0
 1834              		.type	savedADC, %object
 1835              		.size	savedADC, 4
 1836              	savedADC:
 1837 0000 0000C07F 		.word	2143289344
 1838              		.section	.rodata.str1.4,"aMS",%progbits,1
 1839              		.align	2
 1840              	.LC0:
 1841 0000 466C6F77 		.ascii	"Flow: %02X %02X\015\012\000"
 1841      3A202530 
 1841      32582025 
 1841      3032580D 
ARM GAS  C:\Users\haoen\AppData\Local\Temp\ccmUKDbF.s 			page 45


 1841      0A00
 1842 0012 0000     		.space	2
 1843              	.LC1:
 1844 0014 50686173 		.ascii	"Phase: %02X %02X\015\012\000"
 1844      653A2025 
 1844      30325820 
 1844      25303258 
 1844      0D0A00
 1845 0027 00       		.space	1
 1846              	.LC2:
 1847 0028 50726576 		.ascii	"Prev Amp: %02X %02X\015\012\000"
 1847      20416D70 
 1847      3A202530 
 1847      32582025 
 1847      3032580D 
 1848 003e 0000     		.space	2
 1849              	.LC3:
 1850 0040 416D703A 		.ascii	"Amp: %02X %02X\015\012\000"
 1850      20253032 
 1850      58202530 
 1850      32580D0A 
 1850      00
 1851 0051 000000   		.space	3
 1852              	.LC4:
 1853 0054 48656C6C 		.ascii	"Hello World!\015\012\000"
 1853      6F20576F 
 1853      726C6421 
 1853      0D0A00
 1854 0063 00       		.space	1
 1855              	.LC5:
 1856 0064 466C6F77 		.ascii	"Flow Sensor Initialization Error\015\012\000"
 1856      2053656E 
 1856      736F7220 
 1856      496E6974 
 1856      69616C69 
 1857 0087 00       		.space	1
 1858              	.LC6:
 1859 0088 496E6974 		.ascii	"Initialization Status Check Failure\015\012\000"
 1859      69616C69 
 1859      7A617469 
 1859      6F6E2053 
 1859      74617475 
 1860 00ae 0000     		.space	2
 1861              	.LC7:
 1862 00b0 466C6F77 		.ascii	"Flow Reading Error, timeout r\015\012\000"
 1862      20526561 
 1862      64696E67 
 1862      20457272 
 1862      6F722C20 
 1863              	.LC8:
 1864 00d0 50686173 		.ascii	"Phase Reading Error, timeout\015\012\000"
 1864      65205265 
 1864      6164696E 
 1864      67204572 
 1864      726F722C 
 1865 00ef 00       		.space	1
 1866              	.LC9:
ARM GAS  C:\Users\haoen\AppData\Local\Temp\ccmUKDbF.s 			page 46


 1867 00f0 416D706C 		.ascii	"Amplitude Reading Error, timeout\015\012\000"
 1867      69747564 
 1867      65205265 
 1867      6164696E 
 1867      67204572 
 1868              		.bss
 1869              		.align	2
 1870              		.set	.LANCHOR0,. + 0
 1871              		.type	adcTimerCount, %object
 1872              		.size	adcTimerCount, 2
 1873              	adcTimerCount:
 1874 0000 0000     		.space	2
 1875              		.type	timerCountDataCompare, %object
 1876              		.size	timerCountDataCompare, 2
 1877              	timerCountDataCompare:
 1878 0002 0000     		.space	2
 1879              		.type	flowTimerCount, %object
 1880              		.size	flowTimerCount, 2
 1881              	flowTimerCount:
 1882 0004 0000     		.space	2
 1883              		.type	pressureDataReady, %object
 1884              		.size	pressureDataReady, 1
 1885              	pressureDataReady:
 1886 0006 00       		.space	1
 1887              		.type	adcKick, %object
 1888              		.size	adcKick, 1
 1889              	adcKick:
 1890 0007 00       		.space	1
 1891              		.type	checkData, %object
 1892              		.size	checkData, 1
 1893              	checkData:
 1894 0008 00       		.space	1
 1895              		.type	flowDataReady, %object
 1896              		.size	flowDataReady, 1
 1897              	flowDataReady:
 1898 0009 00       		.space	1
 1899              		.type	flow_scale_factor, %object
 1900              		.size	flow_scale_factor, 2
 1901              	flow_scale_factor:
 1902 000a 0000     		.space	2
 1903              		.type	RPI_TX_Buffer, %object
 1904              		.size	RPI_TX_Buffer, 258
 1905              	RPI_TX_Buffer:
 1906 000c 00000000 		.space	258
 1906      00000000 
 1906      00000000 
 1906      00000000 
 1906      00000000 
 1907              		.type	flow_scale_valid, %object
 1908              		.size	flow_scale_valid, 1
 1909              	flow_scale_valid:
 1910 010e 00       		.space	1
 1911 010f 00       		.space	1
 1912              		.type	packet, %object
 1913              		.size	packet, 255
 1914              	packet:
 1915 0110 00000000 		.space	255
ARM GAS  C:\Users\haoen\AppData\Local\Temp\ccmUKDbF.s 			page 47


 1915      00000000 
 1915      00000000 
 1915      00000000 
 1915      00000000 
 1916              		.text
 1917              	.Letext0:
 1918              		.file 2 "c:\\program files (x86)\\cypress\\psoc creator\\4.4\\psoc creator\\import\\gnu\\arm\\5.4.
 1919              		.file 3 "c:\\program files (x86)\\cypress\\psoc creator\\4.4\\psoc creator\\import\\gnu\\arm\\5.4.
 1920              		.file 4 "Generated_Source\\PSoC5/cytypes.h"
 1921              		.file 5 "Generated_Source\\PSoC5/core_cm3.h"
 1922              		.file 6 "Pressure_Transducer.h"
 1923              		.file 7 "Generated_Source\\PSoC5/Timer_ISR.h"
 1924              		.file 8 "Generated_Source\\PSoC5/ADC_TS410.h"
 1925              		.file 9 "Generated_Source\\PSoC5/UART_OEM.h"
 1926              		.file 10 "Generated_Source\\PSoC5/CyLib.h"
 1927              		.file 11 "c:\\program files (x86)\\cypress\\psoc creator\\4.4\\psoc creator\\import\\gnu\\arm\\5.4
 1928              		.file 12 "Generated_Source\\PSoC5/UART_Debug.h"
 1929              		.file 13 "Generated_Source\\PSoC5/UART_RPI.h"
 1930              		.file 14 "Generated_Source\\PSoC5/ADC_DelSig.h"
 1931              		.file 15 "Generated_Source\\PSoC5/Timer_Interrupt.h"
 1932              		.file 16 "Generated_Source\\PSoC5/USER_LED.h"
 1933              		.section	.debug_info,"",%progbits
 1934              	.Ldebug_info0:
 1935 0000 C8110000 		.4byte	0x11c8
 1936 0004 0400     		.2byte	0x4
 1937 0006 00000000 		.4byte	.Ldebug_abbrev0
 1938 000a 04       		.byte	0x4
 1939 000b 01       		.uleb128 0x1
 1940 000c E4020000 		.4byte	.LASF131
 1941 0010 0C       		.byte	0xc
 1942 0011 30000000 		.4byte	.LASF132
 1943 0015 2D010000 		.4byte	.LASF133
 1944 0019 30000000 		.4byte	.Ldebug_ranges0+0x30
 1945 001d 00000000 		.4byte	0
 1946 0021 00000000 		.4byte	.Ldebug_line0
 1947 0025 02       		.uleb128 0x2
 1948 0026 04       		.byte	0x4
 1949 0027 04       		.byte	0x4
 1950 0028 C8010000 		.4byte	.LASF0
 1951 002c 02       		.uleb128 0x2
 1952 002d 01       		.byte	0x1
 1953 002e 06       		.byte	0x6
 1954 002f A9060000 		.4byte	.LASF1
 1955 0033 03       		.uleb128 0x3
 1956 0034 F9050000 		.4byte	.LASF3
 1957 0038 02       		.byte	0x2
 1958 0039 1D       		.byte	0x1d
 1959 003a 3E000000 		.4byte	0x3e
 1960 003e 02       		.uleb128 0x2
 1961 003f 01       		.byte	0x1
 1962 0040 08       		.byte	0x8
 1963 0041 6A060000 		.4byte	.LASF2
 1964 0045 03       		.uleb128 0x3
 1965 0046 61040000 		.4byte	.LASF4
 1966 004a 02       		.byte	0x2
 1967 004b 29       		.byte	0x29
 1968 004c 50000000 		.4byte	0x50
ARM GAS  C:\Users\haoen\AppData\Local\Temp\ccmUKDbF.s 			page 48


 1969 0050 02       		.uleb128 0x2
 1970 0051 02       		.byte	0x2
 1971 0052 05       		.byte	0x5
 1972 0053 60050000 		.4byte	.LASF5
 1973 0057 03       		.uleb128 0x3
 1974 0058 84020000 		.4byte	.LASF6
 1975 005c 02       		.byte	0x2
 1976 005d 2B       		.byte	0x2b
 1977 005e 62000000 		.4byte	0x62
 1978 0062 02       		.uleb128 0x2
 1979 0063 02       		.byte	0x2
 1980 0064 07       		.byte	0x7
 1981 0065 B5060000 		.4byte	.LASF7
 1982 0069 03       		.uleb128 0x3
 1983 006a B3000000 		.4byte	.LASF8
 1984 006e 02       		.byte	0x2
 1985 006f 3F       		.byte	0x3f
 1986 0070 74000000 		.4byte	0x74
 1987 0074 02       		.uleb128 0x2
 1988 0075 04       		.byte	0x4
 1989 0076 05       		.byte	0x5
 1990 0077 6F050000 		.4byte	.LASF9
 1991 007b 03       		.uleb128 0x3
 1992 007c 78060000 		.4byte	.LASF10
 1993 0080 02       		.byte	0x2
 1994 0081 41       		.byte	0x41
 1995 0082 86000000 		.4byte	0x86
 1996 0086 02       		.uleb128 0x2
 1997 0087 04       		.byte	0x4
 1998 0088 07       		.byte	0x7
 1999 0089 24060000 		.4byte	.LASF11
 2000 008d 02       		.uleb128 0x2
 2001 008e 08       		.byte	0x8
 2002 008f 05       		.byte	0x5
 2003 0090 44040000 		.4byte	.LASF12
 2004 0094 02       		.uleb128 0x2
 2005 0095 08       		.byte	0x8
 2006 0096 07       		.byte	0x7
 2007 0097 EC010000 		.4byte	.LASF13
 2008 009b 04       		.uleb128 0x4
 2009 009c 04       		.byte	0x4
 2010 009d 05       		.byte	0x5
 2011 009e 696E7400 		.ascii	"int\000"
 2012 00a2 02       		.uleb128 0x2
 2013 00a3 04       		.byte	0x4
 2014 00a4 07       		.byte	0x7
 2015 00a5 82000000 		.4byte	.LASF14
 2016 00a9 03       		.uleb128 0x3
 2017 00aa 20040000 		.4byte	.LASF15
 2018 00ae 03       		.byte	0x3
 2019 00af 18       		.byte	0x18
 2020 00b0 33000000 		.4byte	0x33
 2021 00b4 03       		.uleb128 0x3
 2022 00b5 E4010000 		.4byte	.LASF16
 2023 00b9 03       		.byte	0x3
 2024 00ba 20       		.byte	0x20
 2025 00bb 45000000 		.4byte	0x45
ARM GAS  C:\Users\haoen\AppData\Local\Temp\ccmUKDbF.s 			page 49


 2026 00bf 03       		.uleb128 0x3
 2027 00c0 15050000 		.4byte	.LASF17
 2028 00c4 03       		.byte	0x3
 2029 00c5 24       		.byte	0x24
 2030 00c6 57000000 		.4byte	0x57
 2031 00ca 03       		.uleb128 0x3
 2032 00cb 36060000 		.4byte	.LASF18
 2033 00cf 03       		.byte	0x3
 2034 00d0 2C       		.byte	0x2c
 2035 00d1 69000000 		.4byte	0x69
 2036 00d5 03       		.uleb128 0x3
 2037 00d6 BF010000 		.4byte	.LASF19
 2038 00da 03       		.byte	0x3
 2039 00db 30       		.byte	0x30
 2040 00dc 7B000000 		.4byte	0x7b
 2041 00e0 05       		.uleb128 0x5
 2042 00e1 F2060000 		.4byte	.LASF20
 2043 00e5 04       		.byte	0x4
 2044 00e6 E801     		.2byte	0x1e8
 2045 00e8 3E000000 		.4byte	0x3e
 2046 00ec 05       		.uleb128 0x5
 2047 00ed 18040000 		.4byte	.LASF21
 2048 00f1 04       		.byte	0x4
 2049 00f2 EE01     		.2byte	0x1ee
 2050 00f4 25000000 		.4byte	0x25
 2051 00f8 02       		.uleb128 0x2
 2052 00f9 08       		.byte	0x8
 2053 00fa 04       		.byte	0x4
 2054 00fb F8060000 		.4byte	.LASF22
 2055 00ff 02       		.uleb128 0x2
 2056 0100 01       		.byte	0x1
 2057 0101 08       		.byte	0x8
 2058 0102 C6030000 		.4byte	.LASF23
 2059 0106 02       		.uleb128 0x2
 2060 0107 08       		.byte	0x8
 2061 0108 04       		.byte	0x4
 2062 0109 01050000 		.4byte	.LASF24
 2063 010d 02       		.uleb128 0x2
 2064 010e 04       		.byte	0x4
 2065 010f 07       		.byte	0x7
 2066 0110 1B060000 		.4byte	.LASF25
 2067 0114 06       		.uleb128 0x6
 2068 0115 BF000000 		.4byte	0xbf
 2069 0119 07       		.uleb128 0x7
 2070 011a 30050000 		.4byte	.LASF134
 2071 011e 01       		.byte	0x1
 2072 011f 9E       		.byte	0x9e
 2073 0120 BF000000 		.4byte	0xbf
 2074 0124 03       		.byte	0x3
 2075 0125 40010000 		.4byte	0x140
 2076 0129 08       		.uleb128 0x8
 2077 012a 6D736200 		.ascii	"msb\000"
 2078 012e 01       		.byte	0x1
 2079 012f 9E       		.byte	0x9e
 2080 0130 40010000 		.4byte	0x140
 2081 0134 08       		.uleb128 0x8
 2082 0135 6C736200 		.ascii	"lsb\000"
ARM GAS  C:\Users\haoen\AppData\Local\Temp\ccmUKDbF.s 			page 50


 2083 0139 01       		.byte	0x1
 2084 013a 9E       		.byte	0x9e
 2085 013b 40010000 		.4byte	0x140
 2086 013f 00       		.byte	0
 2087 0140 09       		.uleb128 0x9
 2088 0141 A9000000 		.4byte	0xa9
 2089 0145 0A       		.uleb128 0xa
 2090 0146 B9050000 		.4byte	.LASF53
 2091 014a 01       		.byte	0x1
 2092 014b 6F       		.byte	0x6f
 2093 014c 00000000 		.4byte	.LFB64
 2094 0150 9C000000 		.4byte	.LFE64-.LFB64
 2095 0154 01       		.uleb128 0x1
 2096 0155 9C       		.byte	0x9c
 2097 0156 94010000 		.4byte	0x194
 2098 015a 0B       		.uleb128 0xb
 2099 015b 00000000 		.4byte	.Ldebug_ranges0+0
 2100 015f 81010000 		.4byte	0x181
 2101 0163 0C       		.uleb128 0xc
 2102 0164 6900     		.ascii	"i\000"
 2103 0166 01       		.byte	0x1
 2104 0167 7A       		.byte	0x7a
 2105 0168 BF000000 		.4byte	0xbf
 2106 016c 00000000 		.4byte	.LLST0
 2107 0170 0D       		.uleb128 0xd
 2108 0171 36000000 		.4byte	.LVL2
 2109 0175 BC100000 		.4byte	0x10bc
 2110 0179 0E       		.uleb128 0xe
 2111 017a 01       		.uleb128 0x1
 2112 017b 50       		.byte	0x50
 2113 017c 02       		.uleb128 0x2
 2114 017d 74       		.byte	0x74
 2115 017e 00       		.sleb128 0
 2116 017f 00       		.byte	0
 2117 0180 00       		.byte	0
 2118 0181 0F       		.uleb128 0xf
 2119 0182 06000000 		.4byte	.LVL0
 2120 0186 C7100000 		.4byte	0x10c7
 2121 018a 0F       		.uleb128 0xf
 2122 018b 68000000 		.4byte	.LVL8
 2123 018f D2100000 		.4byte	0x10d2
 2124 0193 00       		.byte	0
 2125 0194 10       		.uleb128 0x10
 2126 0195 4F000000 		.4byte	.LASF32
 2127 0199 01       		.byte	0x1
 2128 019a 4201     		.2byte	0x142
 2129 019c 49020000 		.4byte	0x249
 2130 01a0 00000000 		.4byte	.LFB67
 2131 01a4 68000000 		.4byte	.LFE67-.LFB67
 2132 01a8 01       		.uleb128 0x1
 2133 01a9 9C       		.byte	0x9c
 2134 01aa 49020000 		.4byte	0x249
 2135 01ae 11       		.uleb128 0x11
 2136 01af 6D736200 		.ascii	"msb\000"
 2137 01b3 01       		.byte	0x1
 2138 01b4 4201     		.2byte	0x142
 2139 01b6 50020000 		.4byte	0x250
ARM GAS  C:\Users\haoen\AppData\Local\Temp\ccmUKDbF.s 			page 51


 2140 01ba 29000000 		.4byte	.LLST1
 2141 01be 11       		.uleb128 0x11
 2142 01bf 6C736200 		.ascii	"lsb\000"
 2143 01c3 01       		.byte	0x1
 2144 01c4 4201     		.2byte	0x142
 2145 01c6 50020000 		.4byte	0x250
 2146 01ca 47000000 		.4byte	.LLST2
 2147 01ce 12       		.uleb128 0x12
 2148 01cf A8000000 		.4byte	.LASF26
 2149 01d3 01       		.byte	0x1
 2150 01d4 4201     		.2byte	0x142
 2151 01d6 D5000000 		.4byte	0xd5
 2152 01da 65000000 		.4byte	.LLST3
 2153 01de 13       		.uleb128 0x13
 2154 01df 8F000000 		.4byte	.LASF27
 2155 01e3 01       		.byte	0x1
 2156 01e4 4401     		.2byte	0x144
 2157 01e6 D5000000 		.4byte	0xd5
 2158 01ea 83000000 		.4byte	.LLST4
 2159 01ee 13       		.uleb128 0x13
 2160 01ef DE010000 		.4byte	.LASF28
 2161 01f3 01       		.byte	0x1
 2162 01f4 4501     		.2byte	0x145
 2163 01f6 A9000000 		.4byte	0xa9
 2164 01fa A2000000 		.4byte	.LLST5
 2165 01fe 14       		.uleb128 0x14
 2166 01ff 9D030000 		.4byte	.LASF29
 2167 0203 01       		.byte	0x1
 2168 0204 4601     		.2byte	0x146
 2169 0206 56020000 		.4byte	0x256
 2170 020a 02       		.uleb128 0x2
 2171 020b 91       		.byte	0x91
 2172 020c 5C       		.sleb128 -36
 2173 020d 15       		.uleb128 0x15
 2174 020e 12000000 		.4byte	.LBB20
 2175 0212 36000000 		.4byte	.LBE20-.LBB20
 2176 0216 13       		.uleb128 0x13
 2177 0217 C3020000 		.4byte	.LASF30
 2178 021b 01       		.byte	0x1
 2179 021c 4901     		.2byte	0x149
 2180 021e A9000000 		.4byte	0xa9
 2181 0222 D7000000 		.4byte	.LLST6
 2182 0226 0F       		.uleb128 0xf
 2183 0227 16000000 		.4byte	.LVL12
 2184 022b DD100000 		.4byte	0x10dd
 2185 022f 0F       		.uleb128 0xf
 2186 0230 24000000 		.4byte	.LVL15
 2187 0234 E8100000 		.4byte	0x10e8
 2188 0238 0D       		.uleb128 0xd
 2189 0239 46000000 		.4byte	.LVL19
 2190 023d F3100000 		.4byte	0x10f3
 2191 0241 0E       		.uleb128 0xe
 2192 0242 01       		.uleb128 0x1
 2193 0243 50       		.byte	0x50
 2194 0244 01       		.uleb128 0x1
 2195 0245 31       		.byte	0x31
 2196 0246 00       		.byte	0
ARM GAS  C:\Users\haoen\AppData\Local\Temp\ccmUKDbF.s 			page 52


 2197 0247 00       		.byte	0
 2198 0248 00       		.byte	0
 2199 0249 02       		.uleb128 0x2
 2200 024a 01       		.byte	0x1
 2201 024b 02       		.byte	0x2
 2202 024c 8B030000 		.4byte	.LASF31
 2203 0250 16       		.uleb128 0x16
 2204 0251 04       		.byte	0x4
 2205 0252 A9000000 		.4byte	0xa9
 2206 0256 17       		.uleb128 0x17
 2207 0257 A9000000 		.4byte	0xa9
 2208 025b 66020000 		.4byte	0x266
 2209 025f 18       		.uleb128 0x18
 2210 0260 0D010000 		.4byte	0x10d
 2211 0264 01       		.byte	0x1
 2212 0265 00       		.byte	0
 2213 0266 19       		.uleb128 0x19
 2214 0267 59000000 		.4byte	.LASF33
 2215 026b 01       		.byte	0x1
 2216 026c 5B01     		.2byte	0x15b
 2217 026e 49020000 		.4byte	0x249
 2218 0272 00000000 		.4byte	.LFB68
 2219 0276 A0000000 		.4byte	.LFE68-.LFB68
 2220 027a 01       		.uleb128 0x1
 2221 027b 9C       		.byte	0x9c
 2222 027c A0030000 		.4byte	0x3a0
 2223 0280 12       		.uleb128 0x12
 2224 0281 7C010000 		.4byte	.LASF34
 2225 0285 01       		.byte	0x1
 2226 0286 5B01     		.2byte	0x15b
 2227 0288 A0030000 		.4byte	0x3a0
 2228 028c 0B010000 		.4byte	.LLST7
 2229 0290 12       		.uleb128 0x12
 2230 0291 B8030000 		.4byte	.LASF35
 2231 0295 01       		.byte	0x1
 2232 0296 5B01     		.2byte	0x15b
 2233 0298 50020000 		.4byte	0x250
 2234 029c 37010000 		.4byte	.LLST8
 2235 02a0 1A       		.uleb128 0x1a
 2236 02a1 6D736200 		.ascii	"msb\000"
 2237 02a5 01       		.byte	0x1
 2238 02a6 5D01     		.2byte	0x15d
 2239 02a8 A9000000 		.4byte	0xa9
 2240 02ac 02       		.uleb128 0x2
 2241 02ad 91       		.byte	0x91
 2242 02ae 6F       		.sleb128 -17
 2243 02af 1A       		.uleb128 0x1a
 2244 02b0 6C736200 		.ascii	"lsb\000"
 2245 02b4 01       		.byte	0x1
 2246 02b5 5D01     		.2byte	0x15d
 2247 02b7 A9000000 		.4byte	0xa9
 2248 02bb 02       		.uleb128 0x2
 2249 02bc 91       		.byte	0x91
 2250 02bd 6E       		.sleb128 -18
 2251 02be 1A       		.uleb128 0x1a
 2252 02bf 6D736700 		.ascii	"msg\000"
 2253 02c3 01       		.byte	0x1
ARM GAS  C:\Users\haoen\AppData\Local\Temp\ccmUKDbF.s 			page 53


 2254 02c4 6201     		.2byte	0x162
 2255 02c6 A6030000 		.4byte	0x3a6
 2256 02ca 02       		.uleb128 0x2
 2257 02cb 91       		.byte	0x91
 2258 02cc 44       		.sleb128 -60
 2259 02cd 1B       		.uleb128 0x1b
 2260 02ce 7600     		.ascii	"v\000"
 2261 02d0 01       		.byte	0x1
 2262 02d1 6501     		.2byte	0x165
 2263 02d3 BF000000 		.4byte	0xbf
 2264 02d7 13       		.uleb128 0x13
 2265 02d8 7C040000 		.4byte	.LASF36
 2266 02dc 01       		.byte	0x1
 2267 02dd 6901     		.2byte	0x169
 2268 02df B4000000 		.4byte	0xb4
 2269 02e3 63010000 		.4byte	.LLST9
 2270 02e7 1C       		.uleb128 0x1c
 2271 02e8 19010000 		.4byte	0x119
 2272 02ec 60000000 		.4byte	.LBB21
 2273 02f0 06000000 		.4byte	.LBE21-.LBB21
 2274 02f4 01       		.byte	0x1
 2275 02f5 6501     		.2byte	0x165
 2276 02f7 0E030000 		.4byte	0x30e
 2277 02fb 1D       		.uleb128 0x1d
 2278 02fc 34010000 		.4byte	0x134
 2279 0300 7A010000 		.4byte	.LLST10
 2280 0304 1D       		.uleb128 0x1d
 2281 0305 29010000 		.4byte	0x129
 2282 0309 8D010000 		.4byte	.LLST11
 2283 030d 00       		.byte	0
 2284 030e 0F       		.uleb128 0xf
 2285 030f 18000000 		.4byte	.LVL23
 2286 0313 E8100000 		.4byte	0x10e8
 2287 0317 0F       		.uleb128 0xf
 2288 0318 1C000000 		.4byte	.LVL24
 2289 031c DD100000 		.4byte	0x10dd
 2290 0320 1E       		.uleb128 0x1e
 2291 0321 26000000 		.4byte	.LVL25
 2292 0325 FE100000 		.4byte	0x10fe
 2293 0329 34030000 		.4byte	0x334
 2294 032d 0E       		.uleb128 0xe
 2295 032e 01       		.uleb128 0x1
 2296 032f 50       		.byte	0x50
 2297 0330 02       		.uleb128 0x2
 2298 0331 08       		.byte	0x8
 2299 0332 46       		.byte	0x46
 2300 0333 00       		.byte	0
 2301 0334 1E       		.uleb128 0x1e
 2302 0335 34000000 		.4byte	.LVL26
 2303 0339 94010000 		.4byte	0x194
 2304 033d 53030000 		.4byte	0x353
 2305 0341 0E       		.uleb128 0xe
 2306 0342 01       		.uleb128 0x1
 2307 0343 50       		.byte	0x50
 2308 0344 02       		.uleb128 0x2
 2309 0345 91       		.byte	0x91
 2310 0346 6F       		.sleb128 -17
ARM GAS  C:\Users\haoen\AppData\Local\Temp\ccmUKDbF.s 			page 54


 2311 0347 0E       		.uleb128 0xe
 2312 0348 01       		.uleb128 0x1
 2313 0349 51       		.byte	0x51
 2314 034a 02       		.uleb128 0x2
 2315 034b 91       		.byte	0x91
 2316 034c 6E       		.sleb128 -18
 2317 034d 0E       		.uleb128 0xe
 2318 034e 01       		.uleb128 0x1
 2319 034f 52       		.byte	0x52
 2320 0350 01       		.uleb128 0x1
 2321 0351 3A       		.byte	0x3a
 2322 0352 00       		.byte	0
 2323 0353 1E       		.uleb128 0x1e
 2324 0354 42000000 		.4byte	.LVL27
 2325 0358 09110000 		.4byte	0x1109
 2326 035c 72030000 		.4byte	0x372
 2327 0360 0E       		.uleb128 0xe
 2328 0361 01       		.uleb128 0x1
 2329 0362 50       		.byte	0x50
 2330 0363 02       		.uleb128 0x2
 2331 0364 91       		.byte	0x91
 2332 0365 44       		.sleb128 -60
 2333 0366 0E       		.uleb128 0xe
 2334 0367 01       		.uleb128 0x1
 2335 0368 51       		.byte	0x51
 2336 0369 01       		.uleb128 0x1
 2337 036a 30       		.byte	0x30
 2338 036b 0E       		.uleb128 0xe
 2339 036c 01       		.uleb128 0x1
 2340 036d 52       		.byte	0x52
 2341 036e 02       		.uleb128 0x2
 2342 036f 08       		.byte	0x8
 2343 0370 28       		.byte	0x28
 2344 0371 00       		.byte	0
 2345 0372 1E       		.uleb128 0x1e
 2346 0373 52000000 		.4byte	.LVL28
 2347 0377 12110000 		.4byte	0x1112
 2348 037b 8F030000 		.4byte	0x38f
 2349 037f 0E       		.uleb128 0xe
 2350 0380 01       		.uleb128 0x1
 2351 0381 50       		.byte	0x50
 2352 0382 02       		.uleb128 0x2
 2353 0383 91       		.byte	0x91
 2354 0384 44       		.sleb128 -60
 2355 0385 0E       		.uleb128 0xe
 2356 0386 01       		.uleb128 0x1
 2357 0387 51       		.byte	0x51
 2358 0388 05       		.uleb128 0x5
 2359 0389 03       		.byte	0x3
 2360 038a 00000000 		.4byte	.LC0
 2361 038e 00       		.byte	0
 2362 038f 0D       		.uleb128 0xd
 2363 0390 58000000 		.4byte	.LVL29
 2364 0394 1D110000 		.4byte	0x111d
 2365 0398 0E       		.uleb128 0xe
 2366 0399 01       		.uleb128 0x1
 2367 039a 50       		.byte	0x50
ARM GAS  C:\Users\haoen\AppData\Local\Temp\ccmUKDbF.s 			page 55


 2368 039b 02       		.uleb128 0x2
 2369 039c 91       		.byte	0x91
 2370 039d 44       		.sleb128 -60
 2371 039e 00       		.byte	0
 2372 039f 00       		.byte	0
 2373 03a0 16       		.uleb128 0x16
 2374 03a1 04       		.byte	0x4
 2375 03a2 25000000 		.4byte	0x25
 2376 03a6 17       		.uleb128 0x17
 2377 03a7 FF000000 		.4byte	0xff
 2378 03ab B6030000 		.4byte	0x3b6
 2379 03af 18       		.uleb128 0x18
 2380 03b0 0D010000 		.4byte	0x10d
 2381 03b4 27       		.byte	0x27
 2382 03b5 00       		.byte	0
 2383 03b6 19       		.uleb128 0x19
 2384 03b7 78000000 		.4byte	.LASF37
 2385 03bb 01       		.byte	0x1
 2386 03bc 6F01     		.2byte	0x16f
 2387 03be 49020000 		.4byte	0x249
 2388 03c2 00000000 		.4byte	.LFB69
 2389 03c6 80000000 		.4byte	.LFE69-.LFB69
 2390 03ca 01       		.uleb128 0x1
 2391 03cb 9C       		.byte	0x9c
 2392 03cc E0040000 		.4byte	0x4e0
 2393 03d0 12       		.uleb128 0x12
 2394 03d1 40050000 		.4byte	.LASF38
 2395 03d5 01       		.byte	0x1
 2396 03d6 6F01     		.2byte	0x16f
 2397 03d8 A0030000 		.4byte	0x3a0
 2398 03dc AC010000 		.4byte	.LLST12
 2399 03e0 1A       		.uleb128 0x1a
 2400 03e1 6D736200 		.ascii	"msb\000"
 2401 03e5 01       		.byte	0x1
 2402 03e6 7101     		.2byte	0x171
 2403 03e8 A9000000 		.4byte	0xa9
 2404 03ec 02       		.uleb128 0x2
 2405 03ed 91       		.byte	0x91
 2406 03ee 6F       		.sleb128 -17
 2407 03ef 1A       		.uleb128 0x1a
 2408 03f0 6C736200 		.ascii	"lsb\000"
 2409 03f4 01       		.byte	0x1
 2410 03f5 7101     		.2byte	0x171
 2411 03f7 A9000000 		.4byte	0xa9
 2412 03fb 02       		.uleb128 0x2
 2413 03fc 91       		.byte	0x91
 2414 03fd 6E       		.sleb128 -18
 2415 03fe 1A       		.uleb128 0x1a
 2416 03ff 6D736700 		.ascii	"msg\000"
 2417 0403 01       		.byte	0x1
 2418 0404 7601     		.2byte	0x176
 2419 0406 A6030000 		.4byte	0x3a6
 2420 040a 02       		.uleb128 0x2
 2421 040b 91       		.byte	0x91
 2422 040c 44       		.sleb128 -60
 2423 040d 1B       		.uleb128 0x1b
 2424 040e 7600     		.ascii	"v\000"
ARM GAS  C:\Users\haoen\AppData\Local\Temp\ccmUKDbF.s 			page 56


 2425 0410 01       		.byte	0x1
 2426 0411 7901     		.2byte	0x179
 2427 0413 BF000000 		.4byte	0xbf
 2428 0417 13       		.uleb128 0x13
 2429 0418 7C040000 		.4byte	.LASF36
 2430 041c 01       		.byte	0x1
 2431 041d 7C01     		.2byte	0x17c
 2432 041f B4000000 		.4byte	0xb4
 2433 0423 D8010000 		.4byte	.LLST13
 2434 0427 1C       		.uleb128 0x1c
 2435 0428 19010000 		.4byte	0x119
 2436 042c 5E000000 		.4byte	.LBB23
 2437 0430 04000000 		.4byte	.LBE23-.LBB23
 2438 0434 01       		.byte	0x1
 2439 0435 7901     		.2byte	0x179
 2440 0437 4E040000 		.4byte	0x44e
 2441 043b 1D       		.uleb128 0x1d
 2442 043c 34010000 		.4byte	0x134
 2443 0440 10020000 		.4byte	.LLST14
 2444 0444 1D       		.uleb128 0x1d
 2445 0445 29010000 		.4byte	0x129
 2446 0449 23020000 		.4byte	.LLST15
 2447 044d 00       		.byte	0
 2448 044e 0F       		.uleb128 0xf
 2449 044f 16000000 		.4byte	.LVL43
 2450 0453 E8100000 		.4byte	0x10e8
 2451 0457 0F       		.uleb128 0xf
 2452 0458 1A000000 		.4byte	.LVL44
 2453 045c DD100000 		.4byte	0x10dd
 2454 0460 1E       		.uleb128 0x1e
 2455 0461 24000000 		.4byte	.LVL45
 2456 0465 FE100000 		.4byte	0x10fe
 2457 0469 74040000 		.4byte	0x474
 2458 046d 0E       		.uleb128 0xe
 2459 046e 01       		.uleb128 0x1
 2460 046f 50       		.byte	0x50
 2461 0470 02       		.uleb128 0x2
 2462 0471 08       		.byte	0x8
 2463 0472 50       		.byte	0x50
 2464 0473 00       		.byte	0
 2465 0474 1E       		.uleb128 0x1e
 2466 0475 32000000 		.4byte	.LVL46
 2467 0479 94010000 		.4byte	0x194
 2468 047d 93040000 		.4byte	0x493
 2469 0481 0E       		.uleb128 0xe
 2470 0482 01       		.uleb128 0x1
 2471 0483 50       		.byte	0x50
 2472 0484 02       		.uleb128 0x2
 2473 0485 91       		.byte	0x91
 2474 0486 6F       		.sleb128 -17
 2475 0487 0E       		.uleb128 0xe
 2476 0488 01       		.uleb128 0x1
 2477 0489 51       		.byte	0x51
 2478 048a 02       		.uleb128 0x2
 2479 048b 91       		.byte	0x91
 2480 048c 6E       		.sleb128 -18
 2481 048d 0E       		.uleb128 0xe
ARM GAS  C:\Users\haoen\AppData\Local\Temp\ccmUKDbF.s 			page 57


 2482 048e 01       		.uleb128 0x1
 2483 048f 52       		.byte	0x52
 2484 0490 01       		.uleb128 0x1
 2485 0491 3A       		.byte	0x3a
 2486 0492 00       		.byte	0
 2487 0493 1E       		.uleb128 0x1e
 2488 0494 40000000 		.4byte	.LVL47
 2489 0498 09110000 		.4byte	0x1109
 2490 049c B2040000 		.4byte	0x4b2
 2491 04a0 0E       		.uleb128 0xe
 2492 04a1 01       		.uleb128 0x1
 2493 04a2 50       		.byte	0x50
 2494 04a3 02       		.uleb128 0x2
 2495 04a4 91       		.byte	0x91
 2496 04a5 44       		.sleb128 -60
 2497 04a6 0E       		.uleb128 0xe
 2498 04a7 01       		.uleb128 0x1
 2499 04a8 51       		.byte	0x51
 2500 04a9 01       		.uleb128 0x1
 2501 04aa 30       		.byte	0x30
 2502 04ab 0E       		.uleb128 0xe
 2503 04ac 01       		.uleb128 0x1
 2504 04ad 52       		.byte	0x52
 2505 04ae 02       		.uleb128 0x2
 2506 04af 08       		.byte	0x8
 2507 04b0 28       		.byte	0x28
 2508 04b1 00       		.byte	0
 2509 04b2 1E       		.uleb128 0x1e
 2510 04b3 50000000 		.4byte	.LVL48
 2511 04b7 12110000 		.4byte	0x1112
 2512 04bb CF040000 		.4byte	0x4cf
 2513 04bf 0E       		.uleb128 0xe
 2514 04c0 01       		.uleb128 0x1
 2515 04c1 50       		.byte	0x50
 2516 04c2 02       		.uleb128 0x2
 2517 04c3 91       		.byte	0x91
 2518 04c4 44       		.sleb128 -60
 2519 04c5 0E       		.uleb128 0xe
 2520 04c6 01       		.uleb128 0x1
 2521 04c7 51       		.byte	0x51
 2522 04c8 05       		.uleb128 0x5
 2523 04c9 03       		.byte	0x3
 2524 04ca 14000000 		.4byte	.LC1
 2525 04ce 00       		.byte	0
 2526 04cf 0D       		.uleb128 0xd
 2527 04d0 56000000 		.4byte	.LVL49
 2528 04d4 1D110000 		.4byte	0x111d
 2529 04d8 0E       		.uleb128 0xe
 2530 04d9 01       		.uleb128 0x1
 2531 04da 50       		.byte	0x50
 2532 04db 02       		.uleb128 0x2
 2533 04dc 91       		.byte	0x91
 2534 04dd 44       		.sleb128 -60
 2535 04de 00       		.byte	0
 2536 04df 00       		.byte	0
 2537 04e0 19       		.uleb128 0x19
 2538 04e1 DB060000 		.4byte	.LASF39
ARM GAS  C:\Users\haoen\AppData\Local\Temp\ccmUKDbF.s 			page 58


 2539 04e5 01       		.byte	0x1
 2540 04e6 8301     		.2byte	0x183
 2541 04e8 49020000 		.4byte	0x249
 2542 04ec 00000000 		.4byte	.LFB70
 2543 04f0 8C010000 		.4byte	.LFE70-.LFB70
 2544 04f4 01       		.uleb128 0x1
 2545 04f5 9C       		.byte	0x9c
 2546 04f6 03070000 		.4byte	0x703
 2547 04fa 12       		.uleb128 0x12
 2548 04fb BD000000 		.4byte	.LASF40
 2549 04ff 01       		.byte	0x1
 2550 0500 8301     		.2byte	0x183
 2551 0502 A0030000 		.4byte	0x3a0
 2552 0506 36020000 		.4byte	.LLST16
 2553 050a 12       		.uleb128 0x12
 2554 050b 03060000 		.4byte	.LASF41
 2555 050f 01       		.byte	0x1
 2556 0510 8301     		.2byte	0x183
 2557 0512 A0030000 		.4byte	0x3a0
 2558 0516 62020000 		.4byte	.LLST17
 2559 051a 12       		.uleb128 0x12
 2560 051b 2F040000 		.4byte	.LASF42
 2561 051f 01       		.byte	0x1
 2562 0520 8301     		.2byte	0x183
 2563 0522 A0030000 		.4byte	0x3a0
 2564 0526 8E020000 		.4byte	.LLST18
 2565 052a 12       		.uleb128 0x12
 2566 052b C8060000 		.4byte	.LASF43
 2567 052f 01       		.byte	0x1
 2568 0530 8301     		.2byte	0x183
 2569 0532 A0030000 		.4byte	0x3a0
 2570 0536 D3020000 		.4byte	.LLST19
 2571 053a 14       		.uleb128 0x14
 2572 053b A4060000 		.4byte	.LASF44
 2573 053f 01       		.byte	0x1
 2574 0540 8501     		.2byte	0x185
 2575 0542 A9000000 		.4byte	0xa9
 2576 0546 02       		.uleb128 0x2
 2577 0547 91       		.byte	0x91
 2578 0548 57       		.sleb128 -41
 2579 0549 14       		.uleb128 0x14
 2580 054a 4A050000 		.4byte	.LASF45
 2581 054e 01       		.byte	0x1
 2582 054f 8501     		.2byte	0x185
 2583 0551 A9000000 		.4byte	0xa9
 2584 0555 02       		.uleb128 0x2
 2585 0556 91       		.byte	0x91
 2586 0557 56       		.sleb128 -42
 2587 0558 14       		.uleb128 0x14
 2588 0559 9C040000 		.4byte	.LASF46
 2589 055d 01       		.byte	0x1
 2590 055e 8501     		.2byte	0x185
 2591 0560 A9000000 		.4byte	0xa9
 2592 0564 02       		.uleb128 0x2
 2593 0565 91       		.byte	0x91
 2594 0566 55       		.sleb128 -43
 2595 0567 14       		.uleb128 0x14
ARM GAS  C:\Users\haoen\AppData\Local\Temp\ccmUKDbF.s 			page 59


 2596 0568 97010000 		.4byte	.LASF47
 2597 056c 01       		.byte	0x1
 2598 056d 8501     		.2byte	0x185
 2599 056f A9000000 		.4byte	0xa9
 2600 0573 02       		.uleb128 0x2
 2601 0574 91       		.byte	0x91
 2602 0575 54       		.sleb128 -44
 2603 0576 1A       		.uleb128 0x1a
 2604 0577 6D736700 		.ascii	"msg\000"
 2605 057b 01       		.byte	0x1
 2606 057c 8B01     		.2byte	0x18b
 2607 057e A6030000 		.4byte	0x3a6
 2608 0582 03       		.uleb128 0x3
 2609 0583 91       		.byte	0x91
 2610 0584 AC7F     		.sleb128 -84
 2611 0586 14       		.uleb128 0x14
 2612 0587 12040000 		.4byte	.LASF48
 2613 058b 01       		.byte	0x1
 2614 058c 9301     		.2byte	0x193
 2615 058e A6030000 		.4byte	0x3a6
 2616 0592 03       		.uleb128 0x3
 2617 0593 91       		.byte	0x91
 2618 0594 847F     		.sleb128 -124
 2619 0596 13       		.uleb128 0x13
 2620 0597 90040000 		.4byte	.LASF49
 2621 059b 01       		.byte	0x1
 2622 059c 9801     		.2byte	0x198
 2623 059e 25000000 		.4byte	0x25
 2624 05a2 FF020000 		.4byte	.LLST20
 2625 05a6 13       		.uleb128 0x13
 2626 05a7 96040000 		.4byte	.LASF50
 2627 05ab 01       		.byte	0x1
 2628 05ac 9901     		.2byte	0x199
 2629 05ae 25000000 		.4byte	0x25
 2630 05b2 12030000 		.4byte	.LLST21
 2631 05b6 13       		.uleb128 0x13
 2632 05b7 9F050000 		.4byte	.LASF51
 2633 05bb 01       		.byte	0x1
 2634 05bc 9A01     		.2byte	0x19a
 2635 05be 25000000 		.4byte	0x25
 2636 05c2 27030000 		.4byte	.LLST22
 2637 05c6 13       		.uleb128 0x13
 2638 05c7 A5050000 		.4byte	.LASF52
 2639 05cb 01       		.byte	0x1
 2640 05cc 9B01     		.2byte	0x19b
 2641 05ce 25000000 		.4byte	0x25
 2642 05d2 3A030000 		.4byte	.LLST23
 2643 05d6 0F       		.uleb128 0xf
 2644 05d7 26000000 		.4byte	.LVL59
 2645 05db E8100000 		.4byte	0x10e8
 2646 05df 0F       		.uleb128 0xf
 2647 05e0 2A000000 		.4byte	.LVL60
 2648 05e4 DD100000 		.4byte	0x10dd
 2649 05e8 1E       		.uleb128 0x1e
 2650 05e9 34000000 		.4byte	.LVL61
 2651 05ed FE100000 		.4byte	0x10fe
 2652 05f1 FC050000 		.4byte	0x5fc
ARM GAS  C:\Users\haoen\AppData\Local\Temp\ccmUKDbF.s 			page 60


 2653 05f5 0E       		.uleb128 0xe
 2654 05f6 01       		.uleb128 0x1
 2655 05f7 50       		.byte	0x50
 2656 05f8 02       		.uleb128 0x2
 2657 05f9 08       		.byte	0x8
 2658 05fa 42       		.byte	0x42
 2659 05fb 00       		.byte	0
 2660 05fc 1E       		.uleb128 0x1e
 2661 05fd 42000000 		.4byte	.LVL62
 2662 0601 94010000 		.4byte	0x194
 2663 0605 1B060000 		.4byte	0x61b
 2664 0609 0E       		.uleb128 0xe
 2665 060a 01       		.uleb128 0x1
 2666 060b 50       		.byte	0x50
 2667 060c 02       		.uleb128 0x2
 2668 060d 91       		.byte	0x91
 2669 060e 57       		.sleb128 -41
 2670 060f 0E       		.uleb128 0xe
 2671 0610 01       		.uleb128 0x1
 2672 0611 51       		.byte	0x51
 2673 0612 02       		.uleb128 0x2
 2674 0613 91       		.byte	0x91
 2675 0614 56       		.sleb128 -42
 2676 0615 0E       		.uleb128 0xe
 2677 0616 01       		.uleb128 0x1
 2678 0617 52       		.byte	0x52
 2679 0618 01       		.uleb128 0x1
 2680 0619 3A       		.byte	0x3a
 2681 061a 00       		.byte	0
 2682 061b 1E       		.uleb128 0x1e
 2683 061c 54000000 		.4byte	.LVL63
 2684 0620 09110000 		.4byte	0x1109
 2685 0624 3B060000 		.4byte	0x63b
 2686 0628 0E       		.uleb128 0xe
 2687 0629 01       		.uleb128 0x1
 2688 062a 50       		.byte	0x50
 2689 062b 03       		.uleb128 0x3
 2690 062c 91       		.byte	0x91
 2691 062d AC7F     		.sleb128 -84
 2692 062f 0E       		.uleb128 0xe
 2693 0630 01       		.uleb128 0x1
 2694 0631 51       		.byte	0x51
 2695 0632 01       		.uleb128 0x1
 2696 0633 30       		.byte	0x30
 2697 0634 0E       		.uleb128 0xe
 2698 0635 01       		.uleb128 0x1
 2699 0636 52       		.byte	0x52
 2700 0637 02       		.uleb128 0x2
 2701 0638 08       		.byte	0x8
 2702 0639 28       		.byte	0x28
 2703 063a 00       		.byte	0
 2704 063b 1E       		.uleb128 0x1e
 2705 063c 64000000 		.4byte	.LVL64
 2706 0640 12110000 		.4byte	0x1112
 2707 0644 59060000 		.4byte	0x659
 2708 0648 0E       		.uleb128 0xe
 2709 0649 01       		.uleb128 0x1
ARM GAS  C:\Users\haoen\AppData\Local\Temp\ccmUKDbF.s 			page 61


 2710 064a 50       		.byte	0x50
 2711 064b 03       		.uleb128 0x3
 2712 064c 91       		.byte	0x91
 2713 064d AC7F     		.sleb128 -84
 2714 064f 0E       		.uleb128 0xe
 2715 0650 01       		.uleb128 0x1
 2716 0651 51       		.byte	0x51
 2717 0652 05       		.uleb128 0x5
 2718 0653 03       		.byte	0x3
 2719 0654 28000000 		.4byte	.LC2
 2720 0658 00       		.byte	0
 2721 0659 1E       		.uleb128 0x1e
 2722 065a 6A000000 		.4byte	.LVL65
 2723 065e 1D110000 		.4byte	0x111d
 2724 0662 6E060000 		.4byte	0x66e
 2725 0666 0E       		.uleb128 0xe
 2726 0667 01       		.uleb128 0x1
 2727 0668 50       		.byte	0x50
 2728 0669 03       		.uleb128 0x3
 2729 066a 91       		.byte	0x91
 2730 066b AC7F     		.sleb128 -84
 2731 066d 00       		.byte	0
 2732 066e 0F       		.uleb128 0xf
 2733 066f 70000000 		.4byte	.LVL66
 2734 0673 E8100000 		.4byte	0x10e8
 2735 0677 0F       		.uleb128 0xf
 2736 0678 74000000 		.4byte	.LVL67
 2737 067c DD100000 		.4byte	0x10dd
 2738 0680 1E       		.uleb128 0x1e
 2739 0681 7E000000 		.4byte	.LVL68
 2740 0685 FE100000 		.4byte	0x10fe
 2741 0689 94060000 		.4byte	0x694
 2742 068d 0E       		.uleb128 0xe
 2743 068e 01       		.uleb128 0x1
 2744 068f 50       		.byte	0x50
 2745 0690 02       		.uleb128 0x2
 2746 0691 08       		.byte	0x8
 2747 0692 41       		.byte	0x41
 2748 0693 00       		.byte	0
 2749 0694 1E       		.uleb128 0x1e
 2750 0695 8A000000 		.4byte	.LVL69
 2751 0699 94010000 		.4byte	0x194
 2752 069d B3060000 		.4byte	0x6b3
 2753 06a1 0E       		.uleb128 0xe
 2754 06a2 01       		.uleb128 0x1
 2755 06a3 50       		.byte	0x50
 2756 06a4 02       		.uleb128 0x2
 2757 06a5 91       		.byte	0x91
 2758 06a6 55       		.sleb128 -43
 2759 06a7 0E       		.uleb128 0xe
 2760 06a8 01       		.uleb128 0x1
 2761 06a9 51       		.byte	0x51
 2762 06aa 02       		.uleb128 0x2
 2763 06ab 91       		.byte	0x91
 2764 06ac 54       		.sleb128 -44
 2765 06ad 0E       		.uleb128 0xe
 2766 06ae 01       		.uleb128 0x1
ARM GAS  C:\Users\haoen\AppData\Local\Temp\ccmUKDbF.s 			page 62


 2767 06af 52       		.byte	0x52
 2768 06b0 01       		.uleb128 0x1
 2769 06b1 3A       		.byte	0x3a
 2770 06b2 00       		.byte	0
 2771 06b3 1E       		.uleb128 0x1e
 2772 06b4 9A000000 		.4byte	.LVL70
 2773 06b8 09110000 		.4byte	0x1109
 2774 06bc D3060000 		.4byte	0x6d3
 2775 06c0 0E       		.uleb128 0xe
 2776 06c1 01       		.uleb128 0x1
 2777 06c2 50       		.byte	0x50
 2778 06c3 03       		.uleb128 0x3
 2779 06c4 91       		.byte	0x91
 2780 06c5 847F     		.sleb128 -124
 2781 06c7 0E       		.uleb128 0xe
 2782 06c8 01       		.uleb128 0x1
 2783 06c9 51       		.byte	0x51
 2784 06ca 01       		.uleb128 0x1
 2785 06cb 30       		.byte	0x30
 2786 06cc 0E       		.uleb128 0xe
 2787 06cd 01       		.uleb128 0x1
 2788 06ce 52       		.byte	0x52
 2789 06cf 02       		.uleb128 0x2
 2790 06d0 08       		.byte	0x8
 2791 06d1 28       		.byte	0x28
 2792 06d2 00       		.byte	0
 2793 06d3 1E       		.uleb128 0x1e
 2794 06d4 AA000000 		.4byte	.LVL71
 2795 06d8 12110000 		.4byte	0x1112
 2796 06dc F1060000 		.4byte	0x6f1
 2797 06e0 0E       		.uleb128 0xe
 2798 06e1 01       		.uleb128 0x1
 2799 06e2 50       		.byte	0x50
 2800 06e3 03       		.uleb128 0x3
 2801 06e4 91       		.byte	0x91
 2802 06e5 847F     		.sleb128 -124
 2803 06e7 0E       		.uleb128 0xe
 2804 06e8 01       		.uleb128 0x1
 2805 06e9 51       		.byte	0x51
 2806 06ea 05       		.uleb128 0x5
 2807 06eb 03       		.byte	0x3
 2808 06ec 40000000 		.4byte	.LC3
 2809 06f0 00       		.byte	0
 2810 06f1 0D       		.uleb128 0xd
 2811 06f2 B0000000 		.4byte	.LVL72
 2812 06f6 1D110000 		.4byte	0x111d
 2813 06fa 0E       		.uleb128 0xe
 2814 06fb 01       		.uleb128 0x1
 2815 06fc 50       		.byte	0x50
 2816 06fd 03       		.uleb128 0x3
 2817 06fe 91       		.byte	0x91
 2818 06ff 847F     		.sleb128 -124
 2819 0701 00       		.byte	0
 2820 0702 00       		.byte	0
 2821 0703 1F       		.uleb128 0x1f
 2822 0704 91030000 		.4byte	.LASF54
 2823 0708 01       		.byte	0x1
ARM GAS  C:\Users\haoen\AppData\Local\Temp\ccmUKDbF.s 			page 63


 2824 0709 DF01     		.2byte	0x1df
 2825 070b 00000000 		.4byte	.LFB72
 2826 070f 10000000 		.4byte	.LFE72-.LFB72
 2827 0713 01       		.uleb128 0x1
 2828 0714 9C       		.byte	0x9c
 2829 0715 64070000 		.4byte	0x764
 2830 0719 11       		.uleb128 0x11
 2831 071a 76616C00 		.ascii	"val\000"
 2832 071e 01       		.byte	0x1
 2833 071f DF01     		.2byte	0x1df
 2834 0721 EC000000 		.4byte	0xec
 2835 0725 4D030000 		.4byte	.LLST24
 2836 0729 20       		.uleb128 0x20
 2837 072a 45060000 		.4byte	.LASF55
 2838 072e 01       		.byte	0x1
 2839 072f DF01     		.2byte	0x1df
 2840 0731 50020000 		.4byte	0x250
 2841 0735 01       		.uleb128 0x1
 2842 0736 51       		.byte	0x51
 2843 0737 21       		.uleb128 0x21
 2844 0738 04       		.byte	0x4
 2845 0739 01       		.byte	0x1
 2846 073a E101     		.2byte	0x1e1
 2847 073c 59070000 		.4byte	0x759
 2848 0740 22       		.uleb128 0x22
 2849 0741 88010000 		.4byte	.LASF56
 2850 0745 01       		.byte	0x1
 2851 0746 E201     		.2byte	0x1e2
 2852 0748 EC000000 		.4byte	0xec
 2853 074c 22       		.uleb128 0x22
 2854 074d E7060000 		.4byte	.LASF57
 2855 0751 01       		.byte	0x1
 2856 0752 E301     		.2byte	0x1e3
 2857 0754 64070000 		.4byte	0x764
 2858 0758 00       		.byte	0
 2859 0759 1B       		.uleb128 0x1b
 2860 075a 7500     		.ascii	"u\000"
 2861 075c 01       		.byte	0x1
 2862 075d E401     		.2byte	0x1e4
 2863 075f 37070000 		.4byte	0x737
 2864 0763 00       		.byte	0
 2865 0764 17       		.uleb128 0x17
 2866 0765 A9000000 		.4byte	0xa9
 2867 0769 74070000 		.4byte	0x774
 2868 076d 18       		.uleb128 0x18
 2869 076e 0D010000 		.4byte	0x10d
 2870 0772 03       		.byte	0x3
 2871 0773 00       		.byte	0
 2872 0774 1F       		.uleb128 0x1f
 2873 0775 23000000 		.4byte	.LASF58
 2874 0779 01       		.byte	0x1
 2875 077a F101     		.2byte	0x1f1
 2876 077c 00000000 		.4byte	.LFB73
 2877 0780 10000000 		.4byte	.LFE73-.LFB73
 2878 0784 01       		.uleb128 0x1
 2879 0785 9C       		.byte	0x9c
 2880 0786 D3070000 		.4byte	0x7d3
ARM GAS  C:\Users\haoen\AppData\Local\Temp\ccmUKDbF.s 			page 64


 2881 078a 23       		.uleb128 0x23
 2882 078b 76616C00 		.ascii	"val\000"
 2883 078f 01       		.byte	0x1
 2884 0790 F101     		.2byte	0x1f1
 2885 0792 BF000000 		.4byte	0xbf
 2886 0796 01       		.uleb128 0x1
 2887 0797 50       		.byte	0x50
 2888 0798 20       		.uleb128 0x20
 2889 0799 45060000 		.4byte	.LASF55
 2890 079d 01       		.byte	0x1
 2891 079e F101     		.2byte	0x1f1
 2892 07a0 50020000 		.4byte	0x250
 2893 07a4 01       		.uleb128 0x1
 2894 07a5 51       		.byte	0x51
 2895 07a6 21       		.uleb128 0x21
 2896 07a7 02       		.byte	0x2
 2897 07a8 01       		.byte	0x1
 2898 07a9 F301     		.2byte	0x1f3
 2899 07ab C8070000 		.4byte	0x7c8
 2900 07af 22       		.uleb128 0x22
 2901 07b0 6B000000 		.4byte	.LASF59
 2902 07b4 01       		.byte	0x1
 2903 07b5 F401     		.2byte	0x1f4
 2904 07b7 BF000000 		.4byte	0xbf
 2905 07bb 22       		.uleb128 0x22
 2906 07bc E7060000 		.4byte	.LASF57
 2907 07c0 01       		.byte	0x1
 2908 07c1 F501     		.2byte	0x1f5
 2909 07c3 56020000 		.4byte	0x256
 2910 07c7 00       		.byte	0
 2911 07c8 1B       		.uleb128 0x1b
 2912 07c9 7500     		.ascii	"u\000"
 2913 07cb 01       		.byte	0x1
 2914 07cc F601     		.2byte	0x1f6
 2915 07ce A6070000 		.4byte	0x7a6
 2916 07d2 00       		.byte	0
 2917 07d3 24       		.uleb128 0x24
 2918 07d4 E9040000 		.4byte	.LASF135
 2919 07d8 01       		.byte	0x1
 2920 07d9 0802     		.2byte	0x208
 2921 07db A9000000 		.4byte	0xa9
 2922 07df 00000000 		.4byte	.LFB74
 2923 07e3 28000000 		.4byte	.LFE74-.LFB74
 2924 07e7 01       		.uleb128 0x1
 2925 07e8 9C       		.byte	0x9c
 2926 07e9 42080000 		.4byte	0x842
 2927 07ed 12       		.uleb128 0x12
 2928 07ee 82040000 		.4byte	.LASF60
 2929 07f2 01       		.byte	0x1
 2930 07f3 0802     		.2byte	0x208
 2931 07f5 A9000000 		.4byte	0xa9
 2932 07f9 70030000 		.4byte	.LLST25
 2933 07fd 20       		.uleb128 0x20
 2934 07fe 99060000 		.4byte	.LASF61
 2935 0802 01       		.byte	0x1
 2936 0803 0802     		.2byte	0x208
 2937 0805 A9000000 		.4byte	0xa9
ARM GAS  C:\Users\haoen\AppData\Local\Temp\ccmUKDbF.s 			page 65


 2938 0809 01       		.uleb128 0x1
 2939 080a 51       		.byte	0x51
 2940 080b 20       		.uleb128 0x20
 2941 080c 06040000 		.4byte	.LASF62
 2942 0810 01       		.byte	0x1
 2943 0811 0802     		.2byte	0x208
 2944 0813 50020000 		.4byte	0x250
 2945 0817 01       		.uleb128 0x1
 2946 0818 52       		.byte	0x52
 2947 0819 25       		.uleb128 0x25
 2948 081a 63726300 		.ascii	"crc\000"
 2949 081e 01       		.byte	0x1
 2950 081f 0902     		.2byte	0x209
 2951 0821 A9000000 		.4byte	0xa9
 2952 0825 91030000 		.4byte	.LLST26
 2953 0829 15       		.uleb128 0x15
 2954 082a 0A000000 		.4byte	.LBB25
 2955 082e 14000000 		.4byte	.LBE25-.LBB25
 2956 0832 25       		.uleb128 0x25
 2957 0833 6900     		.ascii	"i\000"
 2958 0835 01       		.byte	0x1
 2959 0836 1202     		.2byte	0x212
 2960 0838 A9000000 		.4byte	0xa9
 2961 083c D5030000 		.4byte	.LLST27
 2962 0840 00       		.byte	0
 2963 0841 00       		.byte	0
 2964 0842 1F       		.uleb128 0x1f
 2965 0843 1D020000 		.4byte	.LASF63
 2966 0847 01       		.byte	0x1
 2967 0848 AD01     		.2byte	0x1ad
 2968 084a 00000000 		.4byte	.LFB71
 2969 084e 48000000 		.4byte	.LFE71-.LFB71
 2970 0852 01       		.uleb128 0x1
 2971 0853 9C       		.byte	0x9c
 2972 0854 E1080000 		.4byte	0x8e1
 2973 0858 12       		.uleb128 0x12
 2974 0859 0B040000 		.4byte	.LASF64
 2975 085d 01       		.byte	0x1
 2976 085e AD01     		.2byte	0x1ad
 2977 0860 A9000000 		.4byte	0xa9
 2978 0864 FF030000 		.4byte	.LLST28
 2979 0868 12       		.uleb128 0x12
 2980 0869 06040000 		.4byte	.LASF62
 2981 086d 01       		.byte	0x1
 2982 086e AD01     		.2byte	0x1ad
 2983 0870 50020000 		.4byte	0x250
 2984 0874 2F040000 		.4byte	.LLST29
 2985 0878 12       		.uleb128 0x12
 2986 0879 85050000 		.4byte	.LASF65
 2987 087d 01       		.byte	0x1
 2988 087e AD01     		.2byte	0x1ad
 2989 0880 A9000000 		.4byte	0xa9
 2990 0884 5B040000 		.4byte	.LLST30
 2991 0888 1E       		.uleb128 0x1e
 2992 0889 14000000 		.4byte	.LVL111
 2993 088d 28110000 		.4byte	0x1128
 2994 0891 A8080000 		.4byte	0x8a8
ARM GAS  C:\Users\haoen\AppData\Local\Temp\ccmUKDbF.s 			page 66


 2995 0895 0E       		.uleb128 0xe
 2996 0896 01       		.uleb128 0x1
 2997 0897 50       		.byte	0x50
 2998 0898 02       		.uleb128 0x2
 2999 0899 75       		.byte	0x75
 3000 089a 0E       		.sleb128 14
 3001 089b 0E       		.uleb128 0xe
 3002 089c 01       		.uleb128 0x1
 3003 089d 51       		.byte	0x51
 3004 089e 02       		.uleb128 0x2
 3005 089f 77       		.byte	0x77
 3006 08a0 00       		.sleb128 0
 3007 08a1 0E       		.uleb128 0xe
 3008 08a2 01       		.uleb128 0x1
 3009 08a3 52       		.byte	0x52
 3010 08a4 02       		.uleb128 0x2
 3011 08a5 74       		.byte	0x74
 3012 08a6 00       		.sleb128 0
 3013 08a7 00       		.byte	0
 3014 08a8 1E       		.uleb128 0x1e
 3015 08a9 20000000 		.4byte	.LVL112
 3016 08ad D3070000 		.4byte	0x7d3
 3017 08b1 C7080000 		.4byte	0x8c7
 3018 08b5 0E       		.uleb128 0xe
 3019 08b6 01       		.uleb128 0x1
 3020 08b7 50       		.byte	0x50
 3021 08b8 01       		.uleb128 0x1
 3022 08b9 3A       		.byte	0x3a
 3023 08ba 0E       		.uleb128 0xe
 3024 08bb 01       		.uleb128 0x1
 3025 08bc 51       		.byte	0x51
 3026 08bd 02       		.uleb128 0x2
 3027 08be 74       		.byte	0x74
 3028 08bf 00       		.sleb128 0
 3029 08c0 0E       		.uleb128 0xe
 3030 08c1 01       		.uleb128 0x1
 3031 08c2 52       		.byte	0x52
 3032 08c3 02       		.uleb128 0x2
 3033 08c4 77       		.byte	0x77
 3034 08c5 00       		.sleb128 0
 3035 08c6 00       		.byte	0
 3036 08c7 0D       		.uleb128 0xd
 3037 08c8 3E000000 		.4byte	.LVL113
 3038 08cc 31110000 		.4byte	0x1131
 3039 08d0 0E       		.uleb128 0xe
 3040 08d1 01       		.uleb128 0x1
 3041 08d2 50       		.byte	0x50
 3042 08d3 05       		.uleb128 0x5
 3043 08d4 03       		.byte	0x3
 3044 08d5 0C000000 		.4byte	.LANCHOR0+12
 3045 08d9 0E       		.uleb128 0xe
 3046 08da 01       		.uleb128 0x1
 3047 08db 51       		.byte	0x51
 3048 08dc 02       		.uleb128 0x2
 3049 08dd 74       		.byte	0x74
 3050 08de 05       		.sleb128 5
 3051 08df 00       		.byte	0
ARM GAS  C:\Users\haoen\AppData\Local\Temp\ccmUKDbF.s 			page 67


 3052 08e0 00       		.byte	0
 3053 08e1 26       		.uleb128 0x26
 3054 08e2 D6060000 		.4byte	.LASF136
 3055 08e6 01       		.byte	0x1
 3056 08e7 A1       		.byte	0xa1
 3057 08e8 9B000000 		.4byte	0x9b
 3058 08ec 00000000 		.4byte	.LFB66
 3059 08f0 40030000 		.4byte	.LFE66-.LFB66
 3060 08f4 01       		.uleb128 0x1
 3061 08f5 9C       		.byte	0x9c
 3062 08f6 7E0E0000 		.4byte	0xe7e
 3063 08fa 27       		.uleb128 0x27
 3064 08fb 44000000 		.4byte	.LASF66
 3065 08ff 01       		.byte	0x1
 3066 0900 A4       		.byte	0xa4
 3067 0901 A9000000 		.4byte	0xa9
 3068 0905 7C040000 		.4byte	.LLST31
 3069 0909 27       		.uleb128 0x27
 3070 090a 0B040000 		.4byte	.LASF64
 3071 090e 01       		.byte	0x1
 3072 090f A5       		.byte	0xa5
 3073 0910 A9000000 		.4byte	0xa9
 3074 0914 4D050000 		.4byte	.LLST32
 3075 0918 28       		.uleb128 0x28
 3076 0919 72030000 		.4byte	.LASF67
 3077 091d 01       		.byte	0x1
 3078 091e A6       		.byte	0xa6
 3079 091f 56020000 		.4byte	0x256
 3080 0923 02       		.uleb128 0x2
 3081 0924 91       		.byte	0x91
 3082 0925 64       		.sleb128 -28
 3083 0926 29       		.uleb128 0x29
 3084 0927 623000   		.ascii	"b0\000"
 3085 092a 01       		.byte	0x1
 3086 092b B4       		.byte	0xb4
 3087 092c A9000000 		.4byte	0xa9
 3088 0930 02       		.uleb128 0x2
 3089 0931 91       		.byte	0x91
 3090 0932 63       		.sleb128 -29
 3091 0933 29       		.uleb128 0x29
 3092 0934 623100   		.ascii	"b1\000"
 3093 0937 01       		.byte	0x1
 3094 0938 B4       		.byte	0xb4
 3095 0939 A9000000 		.4byte	0xa9
 3096 093d 02       		.uleb128 0x2
 3097 093e 91       		.byte	0x91
 3098 093f 62       		.sleb128 -30
 3099 0940 27       		.uleb128 0x27
 3100 0941 6A050000 		.4byte	.LASF68
 3101 0945 01       		.byte	0x1
 3102 0946 B5       		.byte	0xb5
 3103 0947 49020000 		.4byte	0x249
 3104 094b B3050000 		.4byte	.LLST33
 3105 094f 2A       		.uleb128 0x2a
 3106 0950 5C000000 		.4byte	.LBB26
 3107 0954 2A000000 		.4byte	.LBE26-.LBB26
 3108 0958 B5090000 		.4byte	0x9b5
ARM GAS  C:\Users\haoen\AppData\Local\Temp\ccmUKDbF.s 			page 68


 3109 095c 2B       		.uleb128 0x2b
 3110 095d 28040000 		.4byte	.LASF69
 3111 0961 01       		.byte	0x1
 3112 0962 BC       		.byte	0xbc
 3113 0963 BF000000 		.4byte	0xbf
 3114 0967 2C       		.uleb128 0x2c
 3115 0968 19010000 		.4byte	0x119
 3116 096c 64000000 		.4byte	.LBB27
 3117 0970 08000000 		.4byte	.LBE27-.LBB27
 3118 0974 01       		.byte	0x1
 3119 0975 BC       		.byte	0xbc
 3120 0976 8D090000 		.4byte	0x98d
 3121 097a 1D       		.uleb128 0x1d
 3122 097b 34010000 		.4byte	0x134
 3123 097f E7050000 		.4byte	.LLST34
 3124 0983 1D       		.uleb128 0x1d
 3125 0984 29010000 		.4byte	0x129
 3126 0988 06060000 		.4byte	.LLST35
 3127 098c 00       		.byte	0
 3128 098d 1E       		.uleb128 0x1e
 3129 098e 7C000000 		.4byte	.LVL132
 3130 0992 74070000 		.4byte	0x774
 3131 0996 A1090000 		.4byte	0x9a1
 3132 099a 0E       		.uleb128 0xe
 3133 099b 01       		.uleb128 0x1
 3134 099c 51       		.byte	0x51
 3135 099d 02       		.uleb128 0x2
 3136 099e 91       		.byte	0x91
 3137 099f 64       		.sleb128 -28
 3138 09a0 00       		.byte	0
 3139 09a1 0D       		.uleb128 0xd
 3140 09a2 82000000 		.4byte	.LVL133
 3141 09a6 1D110000 		.4byte	0x111d
 3142 09aa 0E       		.uleb128 0xe
 3143 09ab 01       		.uleb128 0x1
 3144 09ac 50       		.byte	0x50
 3145 09ad 05       		.uleb128 0x5
 3146 09ae 03       		.byte	0x3
 3147 09af 88000000 		.4byte	.LC6
 3148 09b3 00       		.byte	0
 3149 09b4 00       		.byte	0
 3150 09b5 2C       		.uleb128 0x2c
 3151 09b6 19010000 		.4byte	0x119
 3152 09ba CC000000 		.4byte	.LBB29
 3153 09be 04000000 		.4byte	.LBE29-.LBB29
 3154 09c2 01       		.byte	0x1
 3155 09c3 CF       		.byte	0xcf
 3156 09c4 DB090000 		.4byte	0x9db
 3157 09c8 1D       		.uleb128 0x1d
 3158 09c9 34010000 		.4byte	0x134
 3159 09cd 19060000 		.4byte	.LLST36
 3160 09d1 1D       		.uleb128 0x1d
 3161 09d2 29010000 		.4byte	0x129
 3162 09d6 2C060000 		.4byte	.LLST37
 3163 09da 00       		.byte	0
 3164 09db 2A       		.uleb128 0x2a
 3165 09dc 22010000 		.4byte	.LBB31
ARM GAS  C:\Users\haoen\AppData\Local\Temp\ccmUKDbF.s 			page 69


 3166 09e0 1E020000 		.4byte	.LBE31-.LBB31
 3167 09e4 070D0000 		.4byte	0xd07
 3168 09e8 27       		.uleb128 0x27
 3169 09e9 D1050000 		.4byte	.LASF70
 3170 09ed 01       		.byte	0x1
 3171 09ee EF       		.byte	0xef
 3172 09ef D5000000 		.4byte	0xd5
 3173 09f3 3F060000 		.4byte	.LLST38
 3174 09f7 14       		.uleb128 0x14
 3175 09f8 7C010000 		.4byte	.LASF34
 3176 09fc 01       		.byte	0x1
 3177 09fd 1B01     		.2byte	0x11b
 3178 09ff EC000000 		.4byte	0xec
 3179 0a03 02       		.uleb128 0x2
 3180 0a04 91       		.byte	0x91
 3181 0a05 48       		.sleb128 -56
 3182 0a06 14       		.uleb128 0x14
 3183 0a07 40050000 		.4byte	.LASF38
 3184 0a0b 01       		.byte	0x1
 3185 0a0c 1B01     		.2byte	0x11b
 3186 0a0e EC000000 		.4byte	0xec
 3187 0a12 02       		.uleb128 0x2
 3188 0a13 91       		.byte	0x91
 3189 0a14 4C       		.sleb128 -52
 3190 0a15 14       		.uleb128 0x14
 3191 0a16 B8030000 		.4byte	.LASF35
 3192 0a1a 01       		.byte	0x1
 3193 0a1b 1C01     		.2byte	0x11c
 3194 0a1d E0000000 		.4byte	0xe0
 3195 0a21 02       		.uleb128 0x2
 3196 0a22 91       		.byte	0x91
 3197 0a23 47       		.sleb128 -57
 3198 0a24 14       		.uleb128 0x14
 3199 0a25 DC030000 		.4byte	.LASF71
 3200 0a29 01       		.byte	0x1
 3201 0a2a 1D01     		.2byte	0x11d
 3202 0a2c EC000000 		.4byte	0xec
 3203 0a30 02       		.uleb128 0x2
 3204 0a31 91       		.byte	0x91
 3205 0a32 50       		.sleb128 -48
 3206 0a33 14       		.uleb128 0x14
 3207 0a34 E2030000 		.4byte	.LASF72
 3208 0a38 01       		.byte	0x1
 3209 0a39 1D01     		.2byte	0x11d
 3210 0a3b EC000000 		.4byte	0xec
 3211 0a3f 02       		.uleb128 0x2
 3212 0a40 91       		.byte	0x91
 3213 0a41 54       		.sleb128 -44
 3214 0a42 1A       		.uleb128 0x1a
 3215 0a43 644100   		.ascii	"dA\000"
 3216 0a46 01       		.byte	0x1
 3217 0a47 1D01     		.2byte	0x11d
 3218 0a49 EC000000 		.4byte	0xec
 3219 0a4d 02       		.uleb128 0x2
 3220 0a4e 91       		.byte	0x91
 3221 0a4f 58       		.sleb128 -40
 3222 0a50 1A       		.uleb128 0x1a
ARM GAS  C:\Users\haoen\AppData\Local\Temp\ccmUKDbF.s 			page 70


 3223 0a51 644200   		.ascii	"dB\000"
 3224 0a54 01       		.byte	0x1
 3225 0a55 1D01     		.2byte	0x11d
 3226 0a57 EC000000 		.4byte	0xec
 3227 0a5b 02       		.uleb128 0x2
 3228 0a5c 91       		.byte	0x91
 3229 0a5d 5C       		.sleb128 -36
 3230 0a5e 1B       		.uleb128 0x1b
 3231 0a5f 62756600 		.ascii	"buf\000"
 3232 0a63 01       		.byte	0x1
 3233 0a64 1E01     		.2byte	0x11e
 3234 0a66 7E0E0000 		.4byte	0xe7e
 3235 0a6a 13       		.uleb128 0x13
 3236 0a6b 8C050000 		.4byte	.LASF73
 3237 0a6f 01       		.byte	0x1
 3238 0a70 2001     		.2byte	0x120
 3239 0a72 49020000 		.4byte	0x249
 3240 0a76 68060000 		.4byte	.LLST39
 3241 0a7a 13       		.uleb128 0x13
 3242 0a7b 9A050000 		.4byte	.LASF74
 3243 0a7f 01       		.byte	0x1
 3244 0a80 2001     		.2byte	0x120
 3245 0a82 49020000 		.4byte	0x249
 3246 0a86 9E060000 		.4byte	.LLST40
 3247 0a8a 13       		.uleb128 0x13
 3248 0a8b 2F070000 		.4byte	.LASF75
 3249 0a8f 01       		.byte	0x1
 3250 0a90 2001     		.2byte	0x120
 3251 0a92 49020000 		.4byte	0x249
 3252 0a96 D4060000 		.4byte	.LLST41
 3253 0a9a 0B       		.uleb128 0xb
 3254 0a9b 18000000 		.4byte	.Ldebug_ranges0+0x18
 3255 0a9f D40A0000 		.4byte	0xad4
 3256 0aa3 0C       		.uleb128 0xc
 3257 0aa4 6900     		.ascii	"i\000"
 3258 0aa6 01       		.byte	0x1
 3259 0aa7 F1       		.byte	0xf1
 3260 0aa8 BF000000 		.4byte	0xbf
 3261 0aac 0A070000 		.4byte	.LLST42
 3262 0ab0 1E       		.uleb128 0x1e
 3263 0ab1 3C010000 		.4byte	.LVL158
 3264 0ab5 3C110000 		.4byte	0x113c
 3265 0ab9 C40A0000 		.4byte	0xac4
 3266 0abd 0E       		.uleb128 0xe
 3267 0abe 01       		.uleb128 0x1
 3268 0abf 50       		.byte	0x50
 3269 0ac0 02       		.uleb128 0x2
 3270 0ac1 74       		.byte	0x74
 3271 0ac2 00       		.sleb128 0
 3272 0ac3 00       		.byte	0
 3273 0ac4 0D       		.uleb128 0xd
 3274 0ac5 48010000 		.4byte	.LVL159
 3275 0ac9 F3100000 		.4byte	0x10f3
 3276 0acd 0E       		.uleb128 0xe
 3277 0ace 01       		.uleb128 0x1
 3278 0acf 50       		.byte	0x50
 3279 0ad0 01       		.uleb128 0x1
ARM GAS  C:\Users\haoen\AppData\Local\Temp\ccmUKDbF.s 			page 71


 3280 0ad1 31       		.byte	0x31
 3281 0ad2 00       		.byte	0
 3282 0ad3 00       		.byte	0
 3283 0ad4 2A       		.uleb128 0x2a
 3284 0ad5 56010000 		.4byte	.LBB34
 3285 0ad9 12000000 		.4byte	.LBE34-.LBB34
 3286 0add EF0A0000 		.4byte	0xaef
 3287 0ae1 0C       		.uleb128 0xc
 3288 0ae2 6900     		.ascii	"i\000"
 3289 0ae4 01       		.byte	0x1
 3290 0ae5 F7       		.byte	0xf7
 3291 0ae6 BF000000 		.4byte	0xbf
 3292 0aea 33070000 		.4byte	.LLST43
 3293 0aee 00       		.byte	0
 3294 0aef 2A       		.uleb128 0x2a
 3295 0af0 70010000 		.4byte	.LBB35
 3296 0af4 7E000000 		.4byte	.LBE35-.LBB35
 3297 0af8 490B0000 		.4byte	0xb49
 3298 0afc 0C       		.uleb128 0xc
 3299 0afd 6900     		.ascii	"i\000"
 3300 0aff 01       		.byte	0x1
 3301 0b00 FC       		.byte	0xfc
 3302 0b01 A9000000 		.4byte	0xa9
 3303 0b05 51070000 		.4byte	.LLST44
 3304 0b09 15       		.uleb128 0x15
 3305 0b0a 70010000 		.4byte	.LBB36
 3306 0b0e 72000000 		.4byte	.LBE36-.LBB36
 3307 0b12 27       		.uleb128 0x27
 3308 0b13 14020000 		.4byte	.LASF76
 3309 0b17 01       		.byte	0x1
 3310 0b18 FD       		.byte	0xfd
 3311 0b19 EC000000 		.4byte	0xec
 3312 0b1d 6F070000 		.4byte	.LLST45
 3313 0b21 0F       		.uleb128 0xf
 3314 0b22 7C010000 		.4byte	.LVL169
 3315 0b26 47110000 		.4byte	0x1147
 3316 0b2a 0D       		.uleb128 0xd
 3317 0b2b DE010000 		.4byte	.LVL179
 3318 0b2f 03070000 		.4byte	0x703
 3319 0b33 0E       		.uleb128 0xe
 3320 0b34 01       		.uleb128 0x1
 3321 0b35 50       		.byte	0x50
 3322 0b36 03       		.uleb128 0x3
 3323 0b37 F5       		.byte	0xf5
 3324 0b38 06       		.uleb128 0x6
 3325 0b39 25       		.uleb128 0x25
 3326 0b3a 0E       		.uleb128 0xe
 3327 0b3b 01       		.uleb128 0x1
 3328 0b3c 51       		.byte	0x51
 3329 0b3d 08       		.uleb128 0x8
 3330 0b3e 74       		.byte	0x74
 3331 0b3f 00       		.sleb128 0
 3332 0b40 03       		.byte	0x3
 3333 0b41 10010000 		.4byte	.LANCHOR0+272
 3334 0b45 22       		.byte	0x22
 3335 0b46 00       		.byte	0
 3336 0b47 00       		.byte	0
ARM GAS  C:\Users\haoen\AppData\Local\Temp\ccmUKDbF.s 			page 72


 3337 0b48 00       		.byte	0
 3338 0b49 2A       		.uleb128 0x2a
 3339 0b4a EE010000 		.4byte	.LBB37
 3340 0b4e 3A000000 		.4byte	.LBE37-.LBB37
 3341 0b52 A50B0000 		.4byte	0xba5
 3342 0b56 25       		.uleb128 0x25
 3343 0b57 6900     		.ascii	"i\000"
 3344 0b59 01       		.byte	0x1
 3345 0b5a 1001     		.2byte	0x110
 3346 0b5c A9000000 		.4byte	0xa9
 3347 0b60 8D070000 		.4byte	.LLST46
 3348 0b64 15       		.uleb128 0x15
 3349 0b65 EE010000 		.4byte	.LBB38
 3350 0b69 32000000 		.4byte	.LBE38-.LBB38
 3351 0b6d 13       		.uleb128 0x13
 3352 0b6e A4010000 		.4byte	.LASF77
 3353 0b72 01       		.byte	0x1
 3354 0b73 1101     		.2byte	0x111
 3355 0b75 EC000000 		.4byte	0xec
 3356 0b79 B6070000 		.4byte	.LLST47
 3357 0b7d 0F       		.uleb128 0xf
 3358 0b7e FA010000 		.4byte	.LVL186
 3359 0b82 52110000 		.4byte	0x1152
 3360 0b86 0D       		.uleb128 0xd
 3361 0b87 1C020000 		.4byte	.LVL191
 3362 0b8b 03070000 		.4byte	0x703
 3363 0b8f 0E       		.uleb128 0xe
 3364 0b90 01       		.uleb128 0x1
 3365 0b91 50       		.byte	0x50
 3366 0b92 03       		.uleb128 0x3
 3367 0b93 F5       		.byte	0xf5
 3368 0b94 06       		.uleb128 0x6
 3369 0b95 25       		.uleb128 0x25
 3370 0b96 0E       		.uleb128 0xe
 3371 0b97 01       		.uleb128 0x1
 3372 0b98 51       		.byte	0x51
 3373 0b99 08       		.uleb128 0x8
 3374 0b9a 74       		.byte	0x74
 3375 0b9b 00       		.sleb128 0
 3376 0b9c 03       		.byte	0x3
 3377 0b9d 10010000 		.4byte	.LANCHOR0+272
 3378 0ba1 22       		.byte	0x22
 3379 0ba2 00       		.byte	0
 3380 0ba3 00       		.byte	0
 3381 0ba4 00       		.byte	0
 3382 0ba5 1E       		.uleb128 0x1e
 3383 0ba6 30010000 		.4byte	.LVL156
 3384 0baa 5D110000 		.4byte	0x115d
 3385 0bae B80B0000 		.4byte	0xbb8
 3386 0bb2 0E       		.uleb128 0xe
 3387 0bb3 01       		.uleb128 0x1
 3388 0bb4 50       		.byte	0x50
 3389 0bb5 01       		.uleb128 0x1
 3390 0bb6 30       		.byte	0x30
 3391 0bb7 00       		.byte	0
 3392 0bb8 1E       		.uleb128 0x1e
 3393 0bb9 50020000 		.4byte	.LVL197
ARM GAS  C:\Users\haoen\AppData\Local\Temp\ccmUKDbF.s 			page 73


 3394 0bbd 66020000 		.4byte	0x266
 3395 0bc1 D20B0000 		.4byte	0xbd2
 3396 0bc5 0E       		.uleb128 0xe
 3397 0bc6 01       		.uleb128 0x1
 3398 0bc7 50       		.byte	0x50
 3399 0bc8 02       		.uleb128 0x2
 3400 0bc9 91       		.byte	0x91
 3401 0bca 48       		.sleb128 -56
 3402 0bcb 0E       		.uleb128 0xe
 3403 0bcc 01       		.uleb128 0x1
 3404 0bcd 51       		.byte	0x51
 3405 0bce 02       		.uleb128 0x2
 3406 0bcf 91       		.byte	0x91
 3407 0bd0 47       		.sleb128 -57
 3408 0bd1 00       		.byte	0
 3409 0bd2 1E       		.uleb128 0x1e
 3410 0bd3 5A020000 		.4byte	.LVL199
 3411 0bd7 1D110000 		.4byte	0x111d
 3412 0bdb E90B0000 		.4byte	0xbe9
 3413 0bdf 0E       		.uleb128 0xe
 3414 0be0 01       		.uleb128 0x1
 3415 0be1 50       		.byte	0x50
 3416 0be2 05       		.uleb128 0x5
 3417 0be3 03       		.byte	0x3
 3418 0be4 B0000000 		.4byte	.LC7
 3419 0be8 00       		.byte	0
 3420 0be9 1E       		.uleb128 0x1e
 3421 0bea 60020000 		.4byte	.LVL200
 3422 0bee B6030000 		.4byte	0x3b6
 3423 0bf2 FD0B0000 		.4byte	0xbfd
 3424 0bf6 0E       		.uleb128 0xe
 3425 0bf7 01       		.uleb128 0x1
 3426 0bf8 50       		.byte	0x50
 3427 0bf9 02       		.uleb128 0x2
 3428 0bfa 91       		.byte	0x91
 3429 0bfb 4C       		.sleb128 -52
 3430 0bfc 00       		.byte	0
 3431 0bfd 1E       		.uleb128 0x1e
 3432 0bfe 6A020000 		.4byte	.LVL202
 3433 0c02 1D110000 		.4byte	0x111d
 3434 0c06 140C0000 		.4byte	0xc14
 3435 0c0a 0E       		.uleb128 0xe
 3436 0c0b 01       		.uleb128 0x1
 3437 0c0c 50       		.byte	0x50
 3438 0c0d 05       		.uleb128 0x5
 3439 0c0e 03       		.byte	0x3
 3440 0c0f D0000000 		.4byte	.LC8
 3441 0c13 00       		.byte	0
 3442 0c14 1E       		.uleb128 0x1e
 3443 0c15 76020000 		.4byte	.LVL203
 3444 0c19 E0040000 		.4byte	0x4e0
 3445 0c1d 3A0C0000 		.4byte	0xc3a
 3446 0c21 0E       		.uleb128 0xe
 3447 0c22 01       		.uleb128 0x1
 3448 0c23 50       		.byte	0x50
 3449 0c24 02       		.uleb128 0x2
 3450 0c25 91       		.byte	0x91
ARM GAS  C:\Users\haoen\AppData\Local\Temp\ccmUKDbF.s 			page 74


 3451 0c26 50       		.sleb128 -48
 3452 0c27 0E       		.uleb128 0xe
 3453 0c28 01       		.uleb128 0x1
 3454 0c29 51       		.byte	0x51
 3455 0c2a 02       		.uleb128 0x2
 3456 0c2b 91       		.byte	0x91
 3457 0c2c 54       		.sleb128 -44
 3458 0c2d 0E       		.uleb128 0xe
 3459 0c2e 01       		.uleb128 0x1
 3460 0c2f 52       		.byte	0x52
 3461 0c30 02       		.uleb128 0x2
 3462 0c31 91       		.byte	0x91
 3463 0c32 58       		.sleb128 -40
 3464 0c33 0E       		.uleb128 0xe
 3465 0c34 01       		.uleb128 0x1
 3466 0c35 53       		.byte	0x53
 3467 0c36 02       		.uleb128 0x2
 3468 0c37 91       		.byte	0x91
 3469 0c38 5C       		.sleb128 -36
 3470 0c39 00       		.byte	0
 3471 0c3a 1E       		.uleb128 0x1e
 3472 0c3b 80020000 		.4byte	.LVL206
 3473 0c3f 1D110000 		.4byte	0x111d
 3474 0c43 510C0000 		.4byte	0xc51
 3475 0c47 0E       		.uleb128 0xe
 3476 0c48 01       		.uleb128 0x1
 3477 0c49 50       		.byte	0x50
 3478 0c4a 05       		.uleb128 0x5
 3479 0c4b 03       		.byte	0x3
 3480 0c4c F0000000 		.4byte	.LC9
 3481 0c50 00       		.byte	0
 3482 0c51 1E       		.uleb128 0x1e
 3483 0c52 E8020000 		.4byte	.LVL212
 3484 0c56 03070000 		.4byte	0x703
 3485 0c5a 680C0000 		.4byte	0xc68
 3486 0c5e 0E       		.uleb128 0xe
 3487 0c5f 01       		.uleb128 0x1
 3488 0c60 51       		.byte	0x51
 3489 0c61 05       		.uleb128 0x5
 3490 0c62 75       		.byte	0x75
 3491 0c63 00       		.sleb128 0
 3492 0c64 74       		.byte	0x74
 3493 0c65 00       		.sleb128 0
 3494 0c66 22       		.byte	0x22
 3495 0c67 00       		.byte	0
 3496 0c68 1E       		.uleb128 0x1e
 3497 0c69 F4020000 		.4byte	.LVL215
 3498 0c6d 03070000 		.4byte	0x703
 3499 0c71 820C0000 		.4byte	0xc82
 3500 0c75 0E       		.uleb128 0xe
 3501 0c76 01       		.uleb128 0x1
 3502 0c77 51       		.byte	0x51
 3503 0c78 08       		.uleb128 0x8
 3504 0c79 74       		.byte	0x74
 3505 0c7a 04       		.sleb128 4
 3506 0c7b 08       		.byte	0x8
 3507 0c7c FF       		.byte	0xff
ARM GAS  C:\Users\haoen\AppData\Local\Temp\ccmUKDbF.s 			page 75


 3508 0c7d 1A       		.byte	0x1a
 3509 0c7e 75       		.byte	0x75
 3510 0c7f 00       		.sleb128 0
 3511 0c80 22       		.byte	0x22
 3512 0c81 00       		.byte	0
 3513 0c82 1E       		.uleb128 0x1e
 3514 0c83 02030000 		.4byte	.LVL218
 3515 0c87 03070000 		.4byte	0x703
 3516 0c8b 9C0C0000 		.4byte	0xc9c
 3517 0c8f 0E       		.uleb128 0xe
 3518 0c90 01       		.uleb128 0x1
 3519 0c91 51       		.byte	0x51
 3520 0c92 08       		.uleb128 0x8
 3521 0c93 74       		.byte	0x74
 3522 0c94 08       		.sleb128 8
 3523 0c95 08       		.byte	0x8
 3524 0c96 FF       		.byte	0xff
 3525 0c97 1A       		.byte	0x1a
 3526 0c98 75       		.byte	0x75
 3527 0c99 00       		.sleb128 0
 3528 0c9a 22       		.byte	0x22
 3529 0c9b 00       		.byte	0
 3530 0c9c 1E       		.uleb128 0x1e
 3531 0c9d 10030000 		.4byte	.LVL221
 3532 0ca1 03070000 		.4byte	0x703
 3533 0ca5 B60C0000 		.4byte	0xcb6
 3534 0ca9 0E       		.uleb128 0xe
 3535 0caa 01       		.uleb128 0x1
 3536 0cab 51       		.byte	0x51
 3537 0cac 08       		.uleb128 0x8
 3538 0cad 74       		.byte	0x74
 3539 0cae 0C       		.sleb128 12
 3540 0caf 08       		.byte	0x8
 3541 0cb0 FF       		.byte	0xff
 3542 0cb1 1A       		.byte	0x1a
 3543 0cb2 75       		.byte	0x75
 3544 0cb3 00       		.sleb128 0
 3545 0cb4 22       		.byte	0x22
 3546 0cb5 00       		.byte	0
 3547 0cb6 1E       		.uleb128 0x1e
 3548 0cb7 1E030000 		.4byte	.LVL224
 3549 0cbb 03070000 		.4byte	0x703
 3550 0cbf D00C0000 		.4byte	0xcd0
 3551 0cc3 0E       		.uleb128 0xe
 3552 0cc4 01       		.uleb128 0x1
 3553 0cc5 51       		.byte	0x51
 3554 0cc6 08       		.uleb128 0x8
 3555 0cc7 74       		.byte	0x74
 3556 0cc8 10       		.sleb128 16
 3557 0cc9 08       		.byte	0x8
 3558 0cca FF       		.byte	0xff
 3559 0ccb 1A       		.byte	0x1a
 3560 0ccc 75       		.byte	0x75
 3561 0ccd 00       		.sleb128 0
 3562 0cce 22       		.byte	0x22
 3563 0ccf 00       		.byte	0
 3564 0cd0 1E       		.uleb128 0x1e
ARM GAS  C:\Users\haoen\AppData\Local\Temp\ccmUKDbF.s 			page 76


 3565 0cd1 2C030000 		.4byte	.LVL227
 3566 0cd5 03070000 		.4byte	0x703
 3567 0cd9 EA0C0000 		.4byte	0xcea
 3568 0cdd 0E       		.uleb128 0xe
 3569 0cde 01       		.uleb128 0x1
 3570 0cdf 51       		.byte	0x51
 3571 0ce0 08       		.uleb128 0x8
 3572 0ce1 74       		.byte	0x74
 3573 0ce2 14       		.sleb128 20
 3574 0ce3 08       		.byte	0x8
 3575 0ce4 FF       		.byte	0xff
 3576 0ce5 1A       		.byte	0x1a
 3577 0ce6 75       		.byte	0x75
 3578 0ce7 00       		.sleb128 0
 3579 0ce8 22       		.byte	0x22
 3580 0ce9 00       		.byte	0
 3581 0cea 0D       		.uleb128 0xd
 3582 0ceb 3A030000 		.4byte	.LVL229
 3583 0cef 42080000 		.4byte	0x842
 3584 0cf3 0E       		.uleb128 0xe
 3585 0cf4 01       		.uleb128 0x1
 3586 0cf5 50       		.byte	0x50
 3587 0cf6 02       		.uleb128 0x2
 3588 0cf7 77       		.byte	0x77
 3589 0cf8 00       		.sleb128 0
 3590 0cf9 0E       		.uleb128 0xe
 3591 0cfa 01       		.uleb128 0x1
 3592 0cfb 51       		.byte	0x51
 3593 0cfc 02       		.uleb128 0x2
 3594 0cfd 75       		.byte	0x75
 3595 0cfe 00       		.sleb128 0
 3596 0cff 0E       		.uleb128 0xe
 3597 0d00 01       		.uleb128 0x1
 3598 0d01 52       		.byte	0x52
 3599 0d02 02       		.uleb128 0x2
 3600 0d03 74       		.byte	0x74
 3601 0d04 18       		.sleb128 24
 3602 0d05 00       		.byte	0
 3603 0d06 00       		.byte	0
 3604 0d07 0F       		.uleb128 0xf
 3605 0d08 12000000 		.4byte	.LVL116
 3606 0d0c 68110000 		.4byte	0x1168
 3607 0d10 0F       		.uleb128 0xf
 3608 0d11 16000000 		.4byte	.LVL117
 3609 0d15 73110000 		.4byte	0x1173
 3610 0d19 0F       		.uleb128 0xf
 3611 0d1a 1A000000 		.4byte	.LVL118
 3612 0d1e 7E110000 		.4byte	0x117e
 3613 0d22 1E       		.uleb128 0x1e
 3614 0d23 20000000 		.4byte	.LVL119
 3615 0d27 1D110000 		.4byte	0x111d
 3616 0d2b 390D0000 		.4byte	0xd39
 3617 0d2f 0E       		.uleb128 0xe
 3618 0d30 01       		.uleb128 0x1
 3619 0d31 50       		.byte	0x50
 3620 0d32 05       		.uleb128 0x5
 3621 0d33 03       		.byte	0x3
ARM GAS  C:\Users\haoen\AppData\Local\Temp\ccmUKDbF.s 			page 77


 3622 0d34 54000000 		.4byte	.LC4
 3623 0d38 00       		.byte	0
 3624 0d39 0F       		.uleb128 0xf
 3625 0d3a 26000000 		.4byte	.LVL120
 3626 0d3e E8100000 		.4byte	0x10e8
 3627 0d42 0F       		.uleb128 0xf
 3628 0d43 2A000000 		.4byte	.LVL121
 3629 0d47 DD100000 		.4byte	0x10dd
 3630 0d4b 1E       		.uleb128 0x1e
 3631 0d4c 34000000 		.4byte	.LVL122
 3632 0d50 FE100000 		.4byte	0x10fe
 3633 0d54 5F0D0000 		.4byte	0xd5f
 3634 0d58 0E       		.uleb128 0xe
 3635 0d59 01       		.uleb128 0x1
 3636 0d5a 50       		.byte	0x50
 3637 0d5b 02       		.uleb128 0x2
 3638 0d5c 08       		.byte	0x8
 3639 0d5d 53       		.byte	0x53
 3640 0d5e 00       		.byte	0
 3641 0d5f 1E       		.uleb128 0x1e
 3642 0d60 4A000000 		.4byte	.LVL123
 3643 0d64 94010000 		.4byte	0x194
 3644 0d68 7F0D0000 		.4byte	0xd7f
 3645 0d6c 0E       		.uleb128 0xe
 3646 0d6d 01       		.uleb128 0x1
 3647 0d6e 50       		.byte	0x50
 3648 0d6f 02       		.uleb128 0x2
 3649 0d70 91       		.byte	0x91
 3650 0d71 63       		.sleb128 -29
 3651 0d72 0E       		.uleb128 0xe
 3652 0d73 01       		.uleb128 0x1
 3653 0d74 51       		.byte	0x51
 3654 0d75 02       		.uleb128 0x2
 3655 0d76 91       		.byte	0x91
 3656 0d77 62       		.sleb128 -30
 3657 0d78 0E       		.uleb128 0xe
 3658 0d79 01       		.uleb128 0x1
 3659 0d7a 52       		.byte	0x52
 3660 0d7b 02       		.uleb128 0x2
 3661 0d7c 08       		.byte	0x8
 3662 0d7d 32       		.byte	0x32
 3663 0d7e 00       		.byte	0
 3664 0d7f 1E       		.uleb128 0x1e
 3665 0d80 52000000 		.4byte	.LVL125
 3666 0d84 74070000 		.4byte	0x774
 3667 0d88 930D0000 		.4byte	0xd93
 3668 0d8c 0E       		.uleb128 0xe
 3669 0d8d 01       		.uleb128 0x1
 3670 0d8e 51       		.byte	0x51
 3671 0d8f 02       		.uleb128 0x2
 3672 0d90 91       		.byte	0x91
 3673 0d91 64       		.sleb128 -28
 3674 0d92 00       		.byte	0
 3675 0d93 1E       		.uleb128 0x1e
 3676 0d94 58000000 		.4byte	.LVL126
 3677 0d98 1D110000 		.4byte	0x111d
 3678 0d9c AA0D0000 		.4byte	0xdaa
ARM GAS  C:\Users\haoen\AppData\Local\Temp\ccmUKDbF.s 			page 78


 3679 0da0 0E       		.uleb128 0xe
 3680 0da1 01       		.uleb128 0x1
 3681 0da2 50       		.byte	0x50
 3682 0da3 05       		.uleb128 0x5
 3683 0da4 03       		.byte	0x3
 3684 0da5 64000000 		.4byte	.LC5
 3685 0da9 00       		.byte	0
 3686 0daa 0F       		.uleb128 0xf
 3687 0dab 8E000000 		.4byte	.LVL136
 3688 0daf E8100000 		.4byte	0x10e8
 3689 0db3 0F       		.uleb128 0xf
 3690 0db4 92000000 		.4byte	.LVL137
 3691 0db8 DD100000 		.4byte	0x10dd
 3692 0dbc 1E       		.uleb128 0x1e
 3693 0dbd 9C000000 		.4byte	.LVL138
 3694 0dc1 FE100000 		.4byte	0x10fe
 3695 0dc5 D00D0000 		.4byte	0xdd0
 3696 0dc9 0E       		.uleb128 0xe
 3697 0dca 01       		.uleb128 0x1
 3698 0dcb 50       		.byte	0x50
 3699 0dcc 02       		.uleb128 0x2
 3700 0dcd 08       		.byte	0x8
 3701 0dce 43       		.byte	0x43
 3702 0dcf 00       		.byte	0
 3703 0dd0 1E       		.uleb128 0x1e
 3704 0dd1 AA000000 		.4byte	.LVL139
 3705 0dd5 94010000 		.4byte	0x194
 3706 0dd9 F00D0000 		.4byte	0xdf0
 3707 0ddd 0E       		.uleb128 0xe
 3708 0dde 01       		.uleb128 0x1
 3709 0ddf 50       		.byte	0x50
 3710 0de0 02       		.uleb128 0x2
 3711 0de1 91       		.byte	0x91
 3712 0de2 63       		.sleb128 -29
 3713 0de3 0E       		.uleb128 0xe
 3714 0de4 01       		.uleb128 0x1
 3715 0de5 51       		.byte	0x51
 3716 0de6 02       		.uleb128 0x2
 3717 0de7 91       		.byte	0x91
 3718 0de8 62       		.sleb128 -30
 3719 0de9 0E       		.uleb128 0xe
 3720 0dea 01       		.uleb128 0x1
 3721 0deb 52       		.byte	0x52
 3722 0dec 02       		.uleb128 0x2
 3723 0ded 08       		.byte	0x8
 3724 0dee 32       		.byte	0x32
 3725 0def 00       		.byte	0
 3726 0df0 1E       		.uleb128 0x1e
 3727 0df1 BA000000 		.4byte	.LVL142
 3728 0df5 74070000 		.4byte	0x774
 3729 0df9 0B0E0000 		.4byte	0xe0b
 3730 0dfd 0E       		.uleb128 0xe
 3731 0dfe 01       		.uleb128 0x1
 3732 0dff 50       		.byte	0x50
 3733 0e00 03       		.uleb128 0x3
 3734 0e01 0B       		.byte	0xb
 3735 0e02 CCCC     		.2byte	0xcccc
ARM GAS  C:\Users\haoen\AppData\Local\Temp\ccmUKDbF.s 			page 79


 3736 0e04 0E       		.uleb128 0xe
 3737 0e05 01       		.uleb128 0x1
 3738 0e06 51       		.byte	0x51
 3739 0e07 02       		.uleb128 0x2
 3740 0e08 91       		.byte	0x91
 3741 0e09 64       		.sleb128 -28
 3742 0e0a 00       		.byte	0
 3743 0e0b 1E       		.uleb128 0x1e
 3744 0e0c E4000000 		.4byte	.LVL147
 3745 0e10 42080000 		.4byte	0x842
 3746 0e14 2A0E0000 		.4byte	0xe2a
 3747 0e18 0E       		.uleb128 0xe
 3748 0e19 01       		.uleb128 0x1
 3749 0e1a 50       		.byte	0x50
 3750 0e1b 02       		.uleb128 0x2
 3751 0e1c 74       		.byte	0x74
 3752 0e1d 00       		.sleb128 0
 3753 0e1e 0E       		.uleb128 0xe
 3754 0e1f 01       		.uleb128 0x1
 3755 0e20 51       		.byte	0x51
 3756 0e21 02       		.uleb128 0x2
 3757 0e22 91       		.byte	0x91
 3758 0e23 64       		.sleb128 -28
 3759 0e24 0E       		.uleb128 0xe
 3760 0e25 01       		.uleb128 0x1
 3761 0e26 52       		.byte	0x52
 3762 0e27 01       		.uleb128 0x1
 3763 0e28 32       		.byte	0x32
 3764 0e29 00       		.byte	0
 3765 0e2a 0F       		.uleb128 0xf
 3766 0e2b E8000000 		.4byte	.LVL148
 3767 0e2f 89110000 		.4byte	0x1189
 3768 0e33 0F       		.uleb128 0xf
 3769 0e34 EC000000 		.4byte	.LVL149
 3770 0e38 94110000 		.4byte	0x1194
 3771 0e3c 1E       		.uleb128 0x1e
 3772 0e3d F2000000 		.4byte	.LVL150
 3773 0e41 9F110000 		.4byte	0x119f
 3774 0e45 530E0000 		.4byte	0xe53
 3775 0e49 0E       		.uleb128 0xe
 3776 0e4a 01       		.uleb128 0x1
 3777 0e4b 50       		.byte	0x50
 3778 0e4c 05       		.uleb128 0x5
 3779 0e4d 03       		.byte	0x3
 3780 0e4e 00000000 		.4byte	Timer_Interrupt_Handler
 3781 0e52 00       		.byte	0
 3782 0e53 0F       		.uleb128 0xf
 3783 0e54 F6000000 		.4byte	.LVL151
 3784 0e58 D2100000 		.4byte	0x10d2
 3785 0e5c 0F       		.uleb128 0xf
 3786 0e5d FA000000 		.4byte	.LVL152
 3787 0e61 AA110000 		.4byte	0x11aa
 3788 0e65 0F       		.uleb128 0xf
 3789 0e66 FE000000 		.4byte	.LVL153
 3790 0e6a B5110000 		.4byte	0x11b5
 3791 0e6e 0D       		.uleb128 0xd
 3792 0e6f 04010000 		.4byte	.LVL154
ARM GAS  C:\Users\haoen\AppData\Local\Temp\ccmUKDbF.s 			page 80


 3793 0e73 C0110000 		.4byte	0x11c0
 3794 0e77 0E       		.uleb128 0xe
 3795 0e78 01       		.uleb128 0x1
 3796 0e79 50       		.byte	0x50
 3797 0e7a 01       		.uleb128 0x1
 3798 0e7b 31       		.byte	0x31
 3799 0e7c 00       		.byte	0
 3800 0e7d 00       		.byte	0
 3801 0e7e 17       		.uleb128 0x17
 3802 0e7f FF000000 		.4byte	0xff
 3803 0e83 8E0E0000 		.4byte	0xe8e
 3804 0e87 18       		.uleb128 0x18
 3805 0e88 0D010000 		.4byte	0x10d
 3806 0e8c 3F       		.byte	0x3f
 3807 0e8d 00       		.byte	0
 3808 0e8e 28       		.uleb128 0x28
 3809 0e8f 1E050000 		.4byte	.LASF78
 3810 0e93 01       		.byte	0x1
 3811 0e94 1F       		.byte	0x1f
 3812 0e95 BF000000 		.4byte	0xbf
 3813 0e99 05       		.uleb128 0x5
 3814 0e9a 03       		.byte	0x3
 3815 0e9b 0A000000 		.4byte	flow_scale_factor
 3816 0e9f 28       		.uleb128 0x28
 3817 0ea0 03020000 		.4byte	.LASF79
 3818 0ea4 01       		.byte	0x1
 3819 0ea5 20       		.byte	0x20
 3820 0ea6 49020000 		.4byte	0x249
 3821 0eaa 05       		.uleb128 0x5
 3822 0eab 03       		.byte	0x3
 3823 0eac 0E010000 		.4byte	flow_scale_valid
 3824 0eb0 28       		.uleb128 0x28
 3825 0eb1 9C010000 		.4byte	.LASF80
 3826 0eb5 01       		.byte	0x1
 3827 0eb6 23       		.byte	0x23
 3828 0eb7 C10E0000 		.4byte	0xec1
 3829 0ebb 05       		.uleb128 0x5
 3830 0ebc 03       		.byte	0x3
 3831 0ebd 07000000 		.4byte	adcKick
 3832 0ec1 06       		.uleb128 0x6
 3833 0ec2 49020000 		.4byte	0x249
 3834 0ec6 28       		.uleb128 0x28
 3835 0ec7 96000000 		.4byte	.LASF81
 3836 0ecb 01       		.byte	0x1
 3837 0ecc 24       		.byte	0x24
 3838 0ecd C10E0000 		.4byte	0xec1
 3839 0ed1 05       		.uleb128 0x5
 3840 0ed2 03       		.byte	0x3
 3841 0ed3 06000000 		.4byte	pressureDataReady
 3842 0ed7 28       		.uleb128 0x28
 3843 0ed8 CC040000 		.4byte	.LASF82
 3844 0edc 01       		.byte	0x1
 3845 0edd 25       		.byte	0x25
 3846 0ede C10E0000 		.4byte	0xec1
 3847 0ee2 05       		.uleb128 0x5
 3848 0ee3 03       		.byte	0x3
 3849 0ee4 09000000 		.4byte	flowDataReady
ARM GAS  C:\Users\haoen\AppData\Local\Temp\ccmUKDbF.s 			page 81


 3850 0ee8 28       		.uleb128 0x28
 3851 0ee9 F7040000 		.4byte	.LASF83
 3852 0eed 01       		.byte	0x1
 3853 0eee 26       		.byte	0x26
 3854 0eef C10E0000 		.4byte	0xec1
 3855 0ef3 05       		.uleb128 0x5
 3856 0ef4 03       		.byte	0x3
 3857 0ef5 08000000 		.4byte	checkData
 3858 0ef9 2D       		.uleb128 0x2d
 3859 0efa 15070000 		.4byte	.LASF84
 3860 0efe 01       		.byte	0x1
 3861 0eff 28       		.byte	0x28
 3862 0f00 090F0000 		.4byte	0xf09
 3863 0f04 04       		.byte	0x4
 3864 0f05 CDCCCC3D 		.4byte	0x3dcccccd
 3865 0f09 09       		.uleb128 0x9
 3866 0f0a EC000000 		.4byte	0xec
 3867 0f0e 2D       		.uleb128 0x2d
 3868 0f0f 8F020000 		.4byte	.LASF85
 3869 0f13 01       		.byte	0x1
 3870 0f14 29       		.byte	0x29
 3871 0f15 090F0000 		.4byte	0xf09
 3872 0f19 04       		.byte	0x4
 3873 0f1a 9A99993E 		.4byte	0x3e99999a
 3874 0f1e 28       		.uleb128 0x28
 3875 0f1f A1040000 		.4byte	.LASF86
 3876 0f23 01       		.byte	0x1
 3877 0f24 2B       		.byte	0x2b
 3878 0f25 2F0F0000 		.4byte	0xf2f
 3879 0f29 05       		.uleb128 0x5
 3880 0f2a 03       		.byte	0x3
 3881 0f2b 00000000 		.4byte	savedADC
 3882 0f2f 06       		.uleb128 0x6
 3883 0f30 EC000000 		.4byte	0xec
 3884 0f34 28       		.uleb128 0x28
 3885 0f35 AB050000 		.4byte	.LASF87
 3886 0f39 01       		.byte	0x1
 3887 0f3a 30       		.byte	0x30
 3888 0f3b 14010000 		.4byte	0x114
 3889 0f3f 05       		.uleb128 0x5
 3890 0f40 03       		.byte	0x3
 3891 0f41 00000000 		.4byte	adcTimerCount
 3892 0f45 28       		.uleb128 0x28
 3893 0f46 83060000 		.4byte	.LASF88
 3894 0f4a 01       		.byte	0x1
 3895 0f4b 31       		.byte	0x31
 3896 0f4c 14010000 		.4byte	0x114
 3897 0f50 05       		.uleb128 0x5
 3898 0f51 03       		.byte	0x3
 3899 0f52 02000000 		.4byte	timerCountDataCompare
 3900 0f56 28       		.uleb128 0x28
 3901 0f57 DA040000 		.4byte	.LASF89
 3902 0f5b 01       		.byte	0x1
 3903 0f5c 32       		.byte	0x32
 3904 0f5d 14010000 		.4byte	0x114
 3905 0f61 05       		.uleb128 0x5
 3906 0f62 03       		.byte	0x3
ARM GAS  C:\Users\haoen\AppData\Local\Temp\ccmUKDbF.s 			page 82


 3907 0f63 04000000 		.4byte	flowTimerCount
 3908 0f67 17       		.uleb128 0x17
 3909 0f68 A9000000 		.4byte	0xa9
 3910 0f6c 780F0000 		.4byte	0xf78
 3911 0f70 2E       		.uleb128 0x2e
 3912 0f71 0D010000 		.4byte	0x10d
 3913 0f75 0101     		.2byte	0x101
 3914 0f77 00       		.byte	0
 3915 0f78 28       		.uleb128 0x28
 3916 0f79 C7000000 		.4byte	.LASF90
 3917 0f7d 01       		.byte	0x1
 3918 0f7e 35       		.byte	0x35
 3919 0f7f 670F0000 		.4byte	0xf67
 3920 0f83 05       		.uleb128 0x5
 3921 0f84 03       		.byte	0x3
 3922 0f85 0C000000 		.4byte	RPI_TX_Buffer
 3923 0f89 17       		.uleb128 0x17
 3924 0f8a A9000000 		.4byte	0xa9
 3925 0f8e 990F0000 		.4byte	0xf99
 3926 0f92 18       		.uleb128 0x18
 3927 0f93 0D010000 		.4byte	0x10d
 3928 0f97 FE       		.byte	0xfe
 3929 0f98 00       		.byte	0
 3930 0f99 28       		.uleb128 0x28
 3931 0f9a 3E060000 		.4byte	.LASF91
 3932 0f9e 01       		.byte	0x1
 3933 0f9f 36       		.byte	0x36
 3934 0fa0 890F0000 		.4byte	0xf89
 3935 0fa4 05       		.uleb128 0x5
 3936 0fa5 03       		.byte	0x3
 3937 0fa6 10010000 		.4byte	packet
 3938 0faa 2F       		.uleb128 0x2f
 3939 0fab 82040000 		.4byte	.LASF60
 3940 0faf 01       		.byte	0x1
 3941 0fb0 38       		.byte	0x38
 3942 0fb1 40010000 		.4byte	0x140
 3943 0fb5 0A       		.byte	0xa
 3944 0fb6 2F       		.uleb128 0x2f
 3945 0fb7 BD030000 		.4byte	.LASF92
 3946 0fbb 01       		.byte	0x1
 3947 0fbc 3A       		.byte	0x3a
 3948 0fbd 40010000 		.4byte	0x140
 3949 0fc1 00       		.byte	0
 3950 0fc2 2F       		.uleb128 0x2f
 3951 0fc3 0F000000 		.4byte	.LASF93
 3952 0fc7 01       		.byte	0x1
 3953 0fc8 3B       		.byte	0x3b
 3954 0fc9 40010000 		.4byte	0x140
 3955 0fcd 02       		.byte	0x2
 3956 0fce 2F       		.uleb128 0x2f
 3957 0fcf 36040000 		.4byte	.LASF94
 3958 0fd3 01       		.byte	0x1
 3959 0fd4 3C       		.byte	0x3c
 3960 0fd5 40010000 		.4byte	0x140
 3961 0fd9 04       		.byte	0x4
 3962 0fda 2F       		.uleb128 0x2f
 3963 0fdb 37050000 		.4byte	.LASF95
ARM GAS  C:\Users\haoen\AppData\Local\Temp\ccmUKDbF.s 			page 83


 3964 0fdf 01       		.byte	0x1
 3965 0fe0 3E       		.byte	0x3e
 3966 0fe1 40010000 		.4byte	0x140
 3967 0fe5 01       		.byte	0x1
 3968 0fe6 2F       		.uleb128 0x2f
 3969 0fe7 22010000 		.4byte	.LASF96
 3970 0feb 01       		.byte	0x1
 3971 0fec 3F       		.byte	0x3f
 3972 0fed 40010000 		.4byte	0x140
 3973 0ff1 03       		.byte	0x3
 3974 0ff2 2F       		.uleb128 0x2f
 3975 0ff3 B7020000 		.4byte	.LASF97
 3976 0ff7 01       		.byte	0x1
 3977 0ff8 40       		.byte	0x40
 3978 0ff9 40010000 		.4byte	0x140
 3979 0ffd 05       		.byte	0x5
 3980 0ffe 2F       		.uleb128 0x2f
 3981 0fff CE010000 		.4byte	.LASF98
 3982 1003 01       		.byte	0x1
 3983 1004 41       		.byte	0x41
 3984 1005 40010000 		.4byte	0x140
 3985 1009 09       		.byte	0x9
 3986 100a 2F       		.uleb128 0x2f
 3987 100b 6B040000 		.4byte	.LASF99
 3988 100f 01       		.byte	0x1
 3989 1010 42       		.byte	0x42
 3990 1011 40010000 		.4byte	0x140
 3991 1015 11       		.byte	0x11
 3992 1016 2F       		.uleb128 0x2f
 3993 1017 B2010000 		.4byte	.LASF100
 3994 101b 01       		.byte	0x1
 3995 101c 43       		.byte	0x43
 3996 101d 40010000 		.4byte	0x140
 3997 1021 21       		.byte	0x21
 3998 1022 30       		.uleb128 0x30
 3999 1023 DC000000 		.4byte	.LASF101
 4000 1027 01       		.byte	0x1
 4001 1028 45       		.byte	0x45
 4002 1029 2F100000 		.4byte	0x102f
 4003 102d F401     		.2byte	0x1f4
 4004 102f 09       		.uleb128 0x9
 4005 1030 D5000000 		.4byte	0xd5
 4006 1034 17       		.uleb128 0x17
 4007 1035 40010000 		.4byte	0x140
 4008 1039 44100000 		.4byte	0x1044
 4009 103d 18       		.uleb128 0x18
 4010 103e 0D010000 		.4byte	0x10d
 4011 1042 FF       		.byte	0xff
 4012 1043 00       		.byte	0
 4013 1044 28       		.uleb128 0x28
 4014 1045 91050000 		.4byte	.LASF102
 4015 1049 01       		.byte	0x1
 4016 104a 4A       		.byte	0x4a
 4017 104b 55100000 		.4byte	0x1055
 4018 104f 05       		.uleb128 0x5
 4019 1050 03       		.byte	0x3
 4020 1051 00000000 		.4byte	crcTable
ARM GAS  C:\Users\haoen\AppData\Local\Temp\ccmUKDbF.s 			page 84


 4021 1055 09       		.uleb128 0x9
 4022 1056 34100000 		.4byte	0x1034
 4023 105a 31       		.uleb128 0x31
 4024 105b 78050000 		.4byte	.LASF103
 4025 105f 05       		.byte	0x5
 4026 1060 1207     		.2byte	0x712
 4027 1062 66100000 		.4byte	0x1066
 4028 1066 06       		.uleb128 0x6
 4029 1067 CA000000 		.4byte	0xca
 4030 106b 17       		.uleb128 0x17
 4031 106c 7B100000 		.4byte	0x107b
 4032 1070 7B100000 		.4byte	0x107b
 4033 1074 18       		.uleb128 0x18
 4034 1075 0D010000 		.4byte	0x10d
 4035 1079 03       		.byte	0x3
 4036 107a 00       		.byte	0
 4037 107b 06       		.uleb128 0x6
 4038 107c B4000000 		.4byte	0xb4
 4039 1080 32       		.uleb128 0x32
 4040 1081 63000000 		.4byte	.LASF104
 4041 1085 01       		.byte	0x1
 4042 1086 2C       		.byte	0x2c
 4043 1087 91100000 		.4byte	0x1091
 4044 108b 05       		.uleb128 0x5
 4045 108c 03       		.byte	0x3
 4046 108d 00000000 		.4byte	adcData
 4047 1091 06       		.uleb128 0x6
 4048 1092 6B100000 		.4byte	0x106b
 4049 1096 17       		.uleb128 0x17
 4050 1097 7B100000 		.4byte	0x107b
 4051 109b A6100000 		.4byte	0x10a6
 4052 109f 18       		.uleb128 0x18
 4053 10a0 0D010000 		.4byte	0x10d
 4054 10a4 01       		.byte	0x1
 4055 10a5 00       		.byte	0
 4056 10a6 32       		.uleb128 0x32
 4057 10a7 37000000 		.4byte	.LASF105
 4058 10ab 01       		.byte	0x1
 4059 10ac 2D       		.byte	0x2d
 4060 10ad B7100000 		.4byte	0x10b7
 4061 10b1 05       		.uleb128 0x5
 4062 10b2 03       		.byte	0x3
 4063 10b3 00000000 		.4byte	pressureData
 4064 10b7 06       		.uleb128 0x6
 4065 10b8 96100000 		.4byte	0x1096
 4066 10bc 33       		.uleb128 0x33
 4067 10bd 0D060000 		.4byte	.LASF106
 4068 10c1 0D060000 		.4byte	.LASF106
 4069 10c5 06       		.byte	0x6
 4070 10c6 14       		.byte	0x14
 4071 10c7 33       		.uleb128 0x33
 4072 10c8 4F020000 		.4byte	.LASF107
 4073 10cc 4F020000 		.4byte	.LASF107
 4074 10d0 07       		.byte	0x7
 4075 10d1 5E       		.byte	0x5e
 4076 10d2 33       		.uleb128 0x33
 4077 10d3 E2050000 		.4byte	.LASF108
ARM GAS  C:\Users\haoen\AppData\Local\Temp\ccmUKDbF.s 			page 85


 4078 10d7 E2050000 		.4byte	.LASF108
 4079 10db 08       		.byte	0x8
 4080 10dc A1       		.byte	0xa1
 4081 10dd 33       		.uleb128 0x33
 4082 10de 51060000 		.4byte	.LASF109
 4083 10e2 51060000 		.4byte	.LASF109
 4084 10e6 09       		.byte	0x9
 4085 10e7 73       		.byte	0x73
 4086 10e8 33       		.uleb128 0x33
 4087 10e9 4F050000 		.4byte	.LASF110
 4088 10ed 4F050000 		.4byte	.LASF110
 4089 10f1 09       		.byte	0x9
 4090 10f2 71       		.byte	0x71
 4091 10f3 33       		.uleb128 0x33
 4092 10f4 FE030000 		.4byte	.LASF111
 4093 10f8 FE030000 		.4byte	.LASF111
 4094 10fc 0A       		.byte	0xa
 4095 10fd 76       		.byte	0x76
 4096 10fe 33       		.uleb128 0x33
 4097 10ff 7A030000 		.4byte	.LASF112
 4098 1103 7A030000 		.4byte	.LASF112
 4099 1107 09       		.byte	0x9
 4100 1108 8A       		.byte	0x8a
 4101 1109 34       		.uleb128 0x34
 4102 110a D5000000 		.4byte	.LASF115
 4103 110e D5000000 		.4byte	.LASF115
 4104 1112 33       		.uleb128 0x33
 4105 1113 0D050000 		.4byte	.LASF113
 4106 1117 0D050000 		.4byte	.LASF113
 4107 111b 0B       		.byte	0xb
 4108 111c E7       		.byte	0xe7
 4109 111d 33       		.uleb128 0x33
 4110 111e A3030000 		.4byte	.LASF114
 4111 1122 A3030000 		.4byte	.LASF114
 4112 1126 0C       		.byte	0xc
 4113 1127 8B       		.byte	0x8b
 4114 1128 34       		.uleb128 0x34
 4115 1129 CF060000 		.4byte	.LASF116
 4116 112d CF060000 		.4byte	.LASF116
 4117 1131 33       		.uleb128 0x33
 4118 1132 BA040000 		.4byte	.LASF117
 4119 1136 BA040000 		.4byte	.LASF117
 4120 113a 0D       		.byte	0xd
 4121 113b 8C       		.byte	0x8c
 4122 113c 33       		.uleb128 0x33
 4123 113d FF060000 		.4byte	.LASF118
 4124 1141 FF060000 		.4byte	.LASF118
 4125 1145 08       		.byte	0x8
 4126 1146 35       		.byte	0x35
 4127 1147 33       		.uleb128 0x33
 4128 1148 36020000 		.4byte	.LASF119
 4129 114c 36020000 		.4byte	.LASF119
 4130 1150 08       		.byte	0x8
 4131 1151 3C       		.byte	0x3c
 4132 1152 33       		.uleb128 0x33
 4133 1153 CA020000 		.4byte	.LASF120
 4134 1157 CA020000 		.4byte	.LASF120
ARM GAS  C:\Users\haoen\AppData\Local\Temp\ccmUKDbF.s 			page 86


 4135 115b 0E       		.byte	0xe
 4136 115c 49       		.byte	0x49
 4137 115d 33       		.uleb128 0x33
 4138 115e 08010000 		.4byte	.LASF121
 4139 1162 08010000 		.4byte	.LASF121
 4140 1166 08       		.byte	0x8
 4141 1167 34       		.byte	0x34
 4142 1168 33       		.uleb128 0x33
 4143 1169 CB030000 		.4byte	.LASF122
 4144 116d CB030000 		.4byte	.LASF122
 4145 1171 0C       		.byte	0xc
 4146 1172 54       		.byte	0x54
 4147 1173 33       		.uleb128 0x33
 4148 1174 00000000 		.4byte	.LASF123
 4149 1178 00000000 		.4byte	.LASF123
 4150 117c 09       		.byte	0x9
 4151 117d 54       		.byte	0x54
 4152 117e 33       		.uleb128 0x33
 4153 117f 27020000 		.4byte	.LASF124
 4154 1183 27020000 		.4byte	.LASF124
 4155 1187 0D       		.byte	0xd
 4156 1188 54       		.byte	0x54
 4157 1189 33       		.uleb128 0x33
 4158 118a AA040000 		.4byte	.LASF125
 4159 118e AA040000 		.4byte	.LASF125
 4160 1192 08       		.byte	0x8
 4161 1193 31       		.byte	0x31
 4162 1194 33       		.uleb128 0x33
 4163 1195 E8030000 		.4byte	.LASF126
 4164 1199 E8030000 		.4byte	.LASF126
 4165 119d 06       		.byte	0x6
 4166 119e 12       		.byte	0x12
 4167 119f 33       		.uleb128 0x33
 4168 11a0 6C020000 		.4byte	.LASF127
 4169 11a4 6C020000 		.4byte	.LASF127
 4170 11a8 0F       		.byte	0xf
 4171 11a9 18       		.byte	0x18
 4172 11aa 33       		.uleb128 0x33
 4173 11ab F0000000 		.4byte	.LASF128
 4174 11af F0000000 		.4byte	.LASF128
 4175 11b3 0E       		.byte	0xe
 4176 11b4 3D       		.byte	0x3d
 4177 11b5 33       		.uleb128 0x33
 4178 11b6 A7020000 		.4byte	.LASF129
 4179 11ba A7020000 		.4byte	.LASF129
 4180 11be 07       		.byte	0x7
 4181 11bf 5A       		.byte	0x5a
 4182 11c0 33       		.uleb128 0x33
 4183 11c1 52040000 		.4byte	.LASF130
 4184 11c5 52040000 		.4byte	.LASF130
 4185 11c9 10       		.byte	0x10
 4186 11ca 26       		.byte	0x26
 4187 11cb 00       		.byte	0
 4188              		.section	.debug_abbrev,"",%progbits
 4189              	.Ldebug_abbrev0:
 4190 0000 01       		.uleb128 0x1
 4191 0001 11       		.uleb128 0x11
ARM GAS  C:\Users\haoen\AppData\Local\Temp\ccmUKDbF.s 			page 87


 4192 0002 01       		.byte	0x1
 4193 0003 25       		.uleb128 0x25
 4194 0004 0E       		.uleb128 0xe
 4195 0005 13       		.uleb128 0x13
 4196 0006 0B       		.uleb128 0xb
 4197 0007 03       		.uleb128 0x3
 4198 0008 0E       		.uleb128 0xe
 4199 0009 1B       		.uleb128 0x1b
 4200 000a 0E       		.uleb128 0xe
 4201 000b 55       		.uleb128 0x55
 4202 000c 17       		.uleb128 0x17
 4203 000d 11       		.uleb128 0x11
 4204 000e 01       		.uleb128 0x1
 4205 000f 10       		.uleb128 0x10
 4206 0010 17       		.uleb128 0x17
 4207 0011 00       		.byte	0
 4208 0012 00       		.byte	0
 4209 0013 02       		.uleb128 0x2
 4210 0014 24       		.uleb128 0x24
 4211 0015 00       		.byte	0
 4212 0016 0B       		.uleb128 0xb
 4213 0017 0B       		.uleb128 0xb
 4214 0018 3E       		.uleb128 0x3e
 4215 0019 0B       		.uleb128 0xb
 4216 001a 03       		.uleb128 0x3
 4217 001b 0E       		.uleb128 0xe
 4218 001c 00       		.byte	0
 4219 001d 00       		.byte	0
 4220 001e 03       		.uleb128 0x3
 4221 001f 16       		.uleb128 0x16
 4222 0020 00       		.byte	0
 4223 0021 03       		.uleb128 0x3
 4224 0022 0E       		.uleb128 0xe
 4225 0023 3A       		.uleb128 0x3a
 4226 0024 0B       		.uleb128 0xb
 4227 0025 3B       		.uleb128 0x3b
 4228 0026 0B       		.uleb128 0xb
 4229 0027 49       		.uleb128 0x49
 4230 0028 13       		.uleb128 0x13
 4231 0029 00       		.byte	0
 4232 002a 00       		.byte	0
 4233 002b 04       		.uleb128 0x4
 4234 002c 24       		.uleb128 0x24
 4235 002d 00       		.byte	0
 4236 002e 0B       		.uleb128 0xb
 4237 002f 0B       		.uleb128 0xb
 4238 0030 3E       		.uleb128 0x3e
 4239 0031 0B       		.uleb128 0xb
 4240 0032 03       		.uleb128 0x3
 4241 0033 08       		.uleb128 0x8
 4242 0034 00       		.byte	0
 4243 0035 00       		.byte	0
 4244 0036 05       		.uleb128 0x5
 4245 0037 16       		.uleb128 0x16
 4246 0038 00       		.byte	0
 4247 0039 03       		.uleb128 0x3
 4248 003a 0E       		.uleb128 0xe
ARM GAS  C:\Users\haoen\AppData\Local\Temp\ccmUKDbF.s 			page 88


 4249 003b 3A       		.uleb128 0x3a
 4250 003c 0B       		.uleb128 0xb
 4251 003d 3B       		.uleb128 0x3b
 4252 003e 05       		.uleb128 0x5
 4253 003f 49       		.uleb128 0x49
 4254 0040 13       		.uleb128 0x13
 4255 0041 00       		.byte	0
 4256 0042 00       		.byte	0
 4257 0043 06       		.uleb128 0x6
 4258 0044 35       		.uleb128 0x35
 4259 0045 00       		.byte	0
 4260 0046 49       		.uleb128 0x49
 4261 0047 13       		.uleb128 0x13
 4262 0048 00       		.byte	0
 4263 0049 00       		.byte	0
 4264 004a 07       		.uleb128 0x7
 4265 004b 2E       		.uleb128 0x2e
 4266 004c 01       		.byte	0x1
 4267 004d 03       		.uleb128 0x3
 4268 004e 0E       		.uleb128 0xe
 4269 004f 3A       		.uleb128 0x3a
 4270 0050 0B       		.uleb128 0xb
 4271 0051 3B       		.uleb128 0x3b
 4272 0052 0B       		.uleb128 0xb
 4273 0053 27       		.uleb128 0x27
 4274 0054 19       		.uleb128 0x19
 4275 0055 49       		.uleb128 0x49
 4276 0056 13       		.uleb128 0x13
 4277 0057 20       		.uleb128 0x20
 4278 0058 0B       		.uleb128 0xb
 4279 0059 01       		.uleb128 0x1
 4280 005a 13       		.uleb128 0x13
 4281 005b 00       		.byte	0
 4282 005c 00       		.byte	0
 4283 005d 08       		.uleb128 0x8
 4284 005e 05       		.uleb128 0x5
 4285 005f 00       		.byte	0
 4286 0060 03       		.uleb128 0x3
 4287 0061 08       		.uleb128 0x8
 4288 0062 3A       		.uleb128 0x3a
 4289 0063 0B       		.uleb128 0xb
 4290 0064 3B       		.uleb128 0x3b
 4291 0065 0B       		.uleb128 0xb
 4292 0066 49       		.uleb128 0x49
 4293 0067 13       		.uleb128 0x13
 4294 0068 00       		.byte	0
 4295 0069 00       		.byte	0
 4296 006a 09       		.uleb128 0x9
 4297 006b 26       		.uleb128 0x26
 4298 006c 00       		.byte	0
 4299 006d 49       		.uleb128 0x49
 4300 006e 13       		.uleb128 0x13
 4301 006f 00       		.byte	0
 4302 0070 00       		.byte	0
 4303 0071 0A       		.uleb128 0xa
 4304 0072 2E       		.uleb128 0x2e
 4305 0073 01       		.byte	0x1
ARM GAS  C:\Users\haoen\AppData\Local\Temp\ccmUKDbF.s 			page 89


 4306 0074 3F       		.uleb128 0x3f
 4307 0075 19       		.uleb128 0x19
 4308 0076 03       		.uleb128 0x3
 4309 0077 0E       		.uleb128 0xe
 4310 0078 3A       		.uleb128 0x3a
 4311 0079 0B       		.uleb128 0xb
 4312 007a 3B       		.uleb128 0x3b
 4313 007b 0B       		.uleb128 0xb
 4314 007c 27       		.uleb128 0x27
 4315 007d 19       		.uleb128 0x19
 4316 007e 11       		.uleb128 0x11
 4317 007f 01       		.uleb128 0x1
 4318 0080 12       		.uleb128 0x12
 4319 0081 06       		.uleb128 0x6
 4320 0082 40       		.uleb128 0x40
 4321 0083 18       		.uleb128 0x18
 4322 0084 9742     		.uleb128 0x2117
 4323 0086 19       		.uleb128 0x19
 4324 0087 01       		.uleb128 0x1
 4325 0088 13       		.uleb128 0x13
 4326 0089 00       		.byte	0
 4327 008a 00       		.byte	0
 4328 008b 0B       		.uleb128 0xb
 4329 008c 0B       		.uleb128 0xb
 4330 008d 01       		.byte	0x1
 4331 008e 55       		.uleb128 0x55
 4332 008f 17       		.uleb128 0x17
 4333 0090 01       		.uleb128 0x1
 4334 0091 13       		.uleb128 0x13
 4335 0092 00       		.byte	0
 4336 0093 00       		.byte	0
 4337 0094 0C       		.uleb128 0xc
 4338 0095 34       		.uleb128 0x34
 4339 0096 00       		.byte	0
 4340 0097 03       		.uleb128 0x3
 4341 0098 08       		.uleb128 0x8
 4342 0099 3A       		.uleb128 0x3a
 4343 009a 0B       		.uleb128 0xb
 4344 009b 3B       		.uleb128 0x3b
 4345 009c 0B       		.uleb128 0xb
 4346 009d 49       		.uleb128 0x49
 4347 009e 13       		.uleb128 0x13
 4348 009f 02       		.uleb128 0x2
 4349 00a0 17       		.uleb128 0x17
 4350 00a1 00       		.byte	0
 4351 00a2 00       		.byte	0
 4352 00a3 0D       		.uleb128 0xd
 4353 00a4 898201   		.uleb128 0x4109
 4354 00a7 01       		.byte	0x1
 4355 00a8 11       		.uleb128 0x11
 4356 00a9 01       		.uleb128 0x1
 4357 00aa 31       		.uleb128 0x31
 4358 00ab 13       		.uleb128 0x13
 4359 00ac 00       		.byte	0
 4360 00ad 00       		.byte	0
 4361 00ae 0E       		.uleb128 0xe
 4362 00af 8A8201   		.uleb128 0x410a
ARM GAS  C:\Users\haoen\AppData\Local\Temp\ccmUKDbF.s 			page 90


 4363 00b2 00       		.byte	0
 4364 00b3 02       		.uleb128 0x2
 4365 00b4 18       		.uleb128 0x18
 4366 00b5 9142     		.uleb128 0x2111
 4367 00b7 18       		.uleb128 0x18
 4368 00b8 00       		.byte	0
 4369 00b9 00       		.byte	0
 4370 00ba 0F       		.uleb128 0xf
 4371 00bb 898201   		.uleb128 0x4109
 4372 00be 00       		.byte	0
 4373 00bf 11       		.uleb128 0x11
 4374 00c0 01       		.uleb128 0x1
 4375 00c1 31       		.uleb128 0x31
 4376 00c2 13       		.uleb128 0x13
 4377 00c3 00       		.byte	0
 4378 00c4 00       		.byte	0
 4379 00c5 10       		.uleb128 0x10
 4380 00c6 2E       		.uleb128 0x2e
 4381 00c7 01       		.byte	0x1
 4382 00c8 03       		.uleb128 0x3
 4383 00c9 0E       		.uleb128 0xe
 4384 00ca 3A       		.uleb128 0x3a
 4385 00cb 0B       		.uleb128 0xb
 4386 00cc 3B       		.uleb128 0x3b
 4387 00cd 05       		.uleb128 0x5
 4388 00ce 27       		.uleb128 0x27
 4389 00cf 19       		.uleb128 0x19
 4390 00d0 49       		.uleb128 0x49
 4391 00d1 13       		.uleb128 0x13
 4392 00d2 11       		.uleb128 0x11
 4393 00d3 01       		.uleb128 0x1
 4394 00d4 12       		.uleb128 0x12
 4395 00d5 06       		.uleb128 0x6
 4396 00d6 40       		.uleb128 0x40
 4397 00d7 18       		.uleb128 0x18
 4398 00d8 9742     		.uleb128 0x2117
 4399 00da 19       		.uleb128 0x19
 4400 00db 01       		.uleb128 0x1
 4401 00dc 13       		.uleb128 0x13
 4402 00dd 00       		.byte	0
 4403 00de 00       		.byte	0
 4404 00df 11       		.uleb128 0x11
 4405 00e0 05       		.uleb128 0x5
 4406 00e1 00       		.byte	0
 4407 00e2 03       		.uleb128 0x3
 4408 00e3 08       		.uleb128 0x8
 4409 00e4 3A       		.uleb128 0x3a
 4410 00e5 0B       		.uleb128 0xb
 4411 00e6 3B       		.uleb128 0x3b
 4412 00e7 05       		.uleb128 0x5
 4413 00e8 49       		.uleb128 0x49
 4414 00e9 13       		.uleb128 0x13
 4415 00ea 02       		.uleb128 0x2
 4416 00eb 17       		.uleb128 0x17
 4417 00ec 00       		.byte	0
 4418 00ed 00       		.byte	0
 4419 00ee 12       		.uleb128 0x12
ARM GAS  C:\Users\haoen\AppData\Local\Temp\ccmUKDbF.s 			page 91


 4420 00ef 05       		.uleb128 0x5
 4421 00f0 00       		.byte	0
 4422 00f1 03       		.uleb128 0x3
 4423 00f2 0E       		.uleb128 0xe
 4424 00f3 3A       		.uleb128 0x3a
 4425 00f4 0B       		.uleb128 0xb
 4426 00f5 3B       		.uleb128 0x3b
 4427 00f6 05       		.uleb128 0x5
 4428 00f7 49       		.uleb128 0x49
 4429 00f8 13       		.uleb128 0x13
 4430 00f9 02       		.uleb128 0x2
 4431 00fa 17       		.uleb128 0x17
 4432 00fb 00       		.byte	0
 4433 00fc 00       		.byte	0
 4434 00fd 13       		.uleb128 0x13
 4435 00fe 34       		.uleb128 0x34
 4436 00ff 00       		.byte	0
 4437 0100 03       		.uleb128 0x3
 4438 0101 0E       		.uleb128 0xe
 4439 0102 3A       		.uleb128 0x3a
 4440 0103 0B       		.uleb128 0xb
 4441 0104 3B       		.uleb128 0x3b
 4442 0105 05       		.uleb128 0x5
 4443 0106 49       		.uleb128 0x49
 4444 0107 13       		.uleb128 0x13
 4445 0108 02       		.uleb128 0x2
 4446 0109 17       		.uleb128 0x17
 4447 010a 00       		.byte	0
 4448 010b 00       		.byte	0
 4449 010c 14       		.uleb128 0x14
 4450 010d 34       		.uleb128 0x34
 4451 010e 00       		.byte	0
 4452 010f 03       		.uleb128 0x3
 4453 0110 0E       		.uleb128 0xe
 4454 0111 3A       		.uleb128 0x3a
 4455 0112 0B       		.uleb128 0xb
 4456 0113 3B       		.uleb128 0x3b
 4457 0114 05       		.uleb128 0x5
 4458 0115 49       		.uleb128 0x49
 4459 0116 13       		.uleb128 0x13
 4460 0117 02       		.uleb128 0x2
 4461 0118 18       		.uleb128 0x18
 4462 0119 00       		.byte	0
 4463 011a 00       		.byte	0
 4464 011b 15       		.uleb128 0x15
 4465 011c 0B       		.uleb128 0xb
 4466 011d 01       		.byte	0x1
 4467 011e 11       		.uleb128 0x11
 4468 011f 01       		.uleb128 0x1
 4469 0120 12       		.uleb128 0x12
 4470 0121 06       		.uleb128 0x6
 4471 0122 00       		.byte	0
 4472 0123 00       		.byte	0
 4473 0124 16       		.uleb128 0x16
 4474 0125 0F       		.uleb128 0xf
 4475 0126 00       		.byte	0
 4476 0127 0B       		.uleb128 0xb
ARM GAS  C:\Users\haoen\AppData\Local\Temp\ccmUKDbF.s 			page 92


 4477 0128 0B       		.uleb128 0xb
 4478 0129 49       		.uleb128 0x49
 4479 012a 13       		.uleb128 0x13
 4480 012b 00       		.byte	0
 4481 012c 00       		.byte	0
 4482 012d 17       		.uleb128 0x17
 4483 012e 01       		.uleb128 0x1
 4484 012f 01       		.byte	0x1
 4485 0130 49       		.uleb128 0x49
 4486 0131 13       		.uleb128 0x13
 4487 0132 01       		.uleb128 0x1
 4488 0133 13       		.uleb128 0x13
 4489 0134 00       		.byte	0
 4490 0135 00       		.byte	0
 4491 0136 18       		.uleb128 0x18
 4492 0137 21       		.uleb128 0x21
 4493 0138 00       		.byte	0
 4494 0139 49       		.uleb128 0x49
 4495 013a 13       		.uleb128 0x13
 4496 013b 2F       		.uleb128 0x2f
 4497 013c 0B       		.uleb128 0xb
 4498 013d 00       		.byte	0
 4499 013e 00       		.byte	0
 4500 013f 19       		.uleb128 0x19
 4501 0140 2E       		.uleb128 0x2e
 4502 0141 01       		.byte	0x1
 4503 0142 03       		.uleb128 0x3
 4504 0143 0E       		.uleb128 0xe
 4505 0144 3A       		.uleb128 0x3a
 4506 0145 0B       		.uleb128 0xb
 4507 0146 3B       		.uleb128 0x3b
 4508 0147 05       		.uleb128 0x5
 4509 0148 27       		.uleb128 0x27
 4510 0149 19       		.uleb128 0x19
 4511 014a 49       		.uleb128 0x49
 4512 014b 13       		.uleb128 0x13
 4513 014c 11       		.uleb128 0x11
 4514 014d 01       		.uleb128 0x1
 4515 014e 12       		.uleb128 0x12
 4516 014f 06       		.uleb128 0x6
 4517 0150 40       		.uleb128 0x40
 4518 0151 18       		.uleb128 0x18
 4519 0152 9642     		.uleb128 0x2116
 4520 0154 19       		.uleb128 0x19
 4521 0155 01       		.uleb128 0x1
 4522 0156 13       		.uleb128 0x13
 4523 0157 00       		.byte	0
 4524 0158 00       		.byte	0
 4525 0159 1A       		.uleb128 0x1a
 4526 015a 34       		.uleb128 0x34
 4527 015b 00       		.byte	0
 4528 015c 03       		.uleb128 0x3
 4529 015d 08       		.uleb128 0x8
 4530 015e 3A       		.uleb128 0x3a
 4531 015f 0B       		.uleb128 0xb
 4532 0160 3B       		.uleb128 0x3b
 4533 0161 05       		.uleb128 0x5
ARM GAS  C:\Users\haoen\AppData\Local\Temp\ccmUKDbF.s 			page 93


 4534 0162 49       		.uleb128 0x49
 4535 0163 13       		.uleb128 0x13
 4536 0164 02       		.uleb128 0x2
 4537 0165 18       		.uleb128 0x18
 4538 0166 00       		.byte	0
 4539 0167 00       		.byte	0
 4540 0168 1B       		.uleb128 0x1b
 4541 0169 34       		.uleb128 0x34
 4542 016a 00       		.byte	0
 4543 016b 03       		.uleb128 0x3
 4544 016c 08       		.uleb128 0x8
 4545 016d 3A       		.uleb128 0x3a
 4546 016e 0B       		.uleb128 0xb
 4547 016f 3B       		.uleb128 0x3b
 4548 0170 05       		.uleb128 0x5
 4549 0171 49       		.uleb128 0x49
 4550 0172 13       		.uleb128 0x13
 4551 0173 00       		.byte	0
 4552 0174 00       		.byte	0
 4553 0175 1C       		.uleb128 0x1c
 4554 0176 1D       		.uleb128 0x1d
 4555 0177 01       		.byte	0x1
 4556 0178 31       		.uleb128 0x31
 4557 0179 13       		.uleb128 0x13
 4558 017a 11       		.uleb128 0x11
 4559 017b 01       		.uleb128 0x1
 4560 017c 12       		.uleb128 0x12
 4561 017d 06       		.uleb128 0x6
 4562 017e 58       		.uleb128 0x58
 4563 017f 0B       		.uleb128 0xb
 4564 0180 59       		.uleb128 0x59
 4565 0181 05       		.uleb128 0x5
 4566 0182 01       		.uleb128 0x1
 4567 0183 13       		.uleb128 0x13
 4568 0184 00       		.byte	0
 4569 0185 00       		.byte	0
 4570 0186 1D       		.uleb128 0x1d
 4571 0187 05       		.uleb128 0x5
 4572 0188 00       		.byte	0
 4573 0189 31       		.uleb128 0x31
 4574 018a 13       		.uleb128 0x13
 4575 018b 02       		.uleb128 0x2
 4576 018c 17       		.uleb128 0x17
 4577 018d 00       		.byte	0
 4578 018e 00       		.byte	0
 4579 018f 1E       		.uleb128 0x1e
 4580 0190 898201   		.uleb128 0x4109
 4581 0193 01       		.byte	0x1
 4582 0194 11       		.uleb128 0x11
 4583 0195 01       		.uleb128 0x1
 4584 0196 31       		.uleb128 0x31
 4585 0197 13       		.uleb128 0x13
 4586 0198 01       		.uleb128 0x1
 4587 0199 13       		.uleb128 0x13
 4588 019a 00       		.byte	0
 4589 019b 00       		.byte	0
 4590 019c 1F       		.uleb128 0x1f
ARM GAS  C:\Users\haoen\AppData\Local\Temp\ccmUKDbF.s 			page 94


 4591 019d 2E       		.uleb128 0x2e
 4592 019e 01       		.byte	0x1
 4593 019f 3F       		.uleb128 0x3f
 4594 01a0 19       		.uleb128 0x19
 4595 01a1 03       		.uleb128 0x3
 4596 01a2 0E       		.uleb128 0xe
 4597 01a3 3A       		.uleb128 0x3a
 4598 01a4 0B       		.uleb128 0xb
 4599 01a5 3B       		.uleb128 0x3b
 4600 01a6 05       		.uleb128 0x5
 4601 01a7 27       		.uleb128 0x27
 4602 01a8 19       		.uleb128 0x19
 4603 01a9 11       		.uleb128 0x11
 4604 01aa 01       		.uleb128 0x1
 4605 01ab 12       		.uleb128 0x12
 4606 01ac 06       		.uleb128 0x6
 4607 01ad 40       		.uleb128 0x40
 4608 01ae 18       		.uleb128 0x18
 4609 01af 9742     		.uleb128 0x2117
 4610 01b1 19       		.uleb128 0x19
 4611 01b2 01       		.uleb128 0x1
 4612 01b3 13       		.uleb128 0x13
 4613 01b4 00       		.byte	0
 4614 01b5 00       		.byte	0
 4615 01b6 20       		.uleb128 0x20
 4616 01b7 05       		.uleb128 0x5
 4617 01b8 00       		.byte	0
 4618 01b9 03       		.uleb128 0x3
 4619 01ba 0E       		.uleb128 0xe
 4620 01bb 3A       		.uleb128 0x3a
 4621 01bc 0B       		.uleb128 0xb
 4622 01bd 3B       		.uleb128 0x3b
 4623 01be 05       		.uleb128 0x5
 4624 01bf 49       		.uleb128 0x49
 4625 01c0 13       		.uleb128 0x13
 4626 01c1 02       		.uleb128 0x2
 4627 01c2 18       		.uleb128 0x18
 4628 01c3 00       		.byte	0
 4629 01c4 00       		.byte	0
 4630 01c5 21       		.uleb128 0x21
 4631 01c6 17       		.uleb128 0x17
 4632 01c7 01       		.byte	0x1
 4633 01c8 0B       		.uleb128 0xb
 4634 01c9 0B       		.uleb128 0xb
 4635 01ca 3A       		.uleb128 0x3a
 4636 01cb 0B       		.uleb128 0xb
 4637 01cc 3B       		.uleb128 0x3b
 4638 01cd 05       		.uleb128 0x5
 4639 01ce 01       		.uleb128 0x1
 4640 01cf 13       		.uleb128 0x13
 4641 01d0 00       		.byte	0
 4642 01d1 00       		.byte	0
 4643 01d2 22       		.uleb128 0x22
 4644 01d3 0D       		.uleb128 0xd
 4645 01d4 00       		.byte	0
 4646 01d5 03       		.uleb128 0x3
 4647 01d6 0E       		.uleb128 0xe
ARM GAS  C:\Users\haoen\AppData\Local\Temp\ccmUKDbF.s 			page 95


 4648 01d7 3A       		.uleb128 0x3a
 4649 01d8 0B       		.uleb128 0xb
 4650 01d9 3B       		.uleb128 0x3b
 4651 01da 05       		.uleb128 0x5
 4652 01db 49       		.uleb128 0x49
 4653 01dc 13       		.uleb128 0x13
 4654 01dd 00       		.byte	0
 4655 01de 00       		.byte	0
 4656 01df 23       		.uleb128 0x23
 4657 01e0 05       		.uleb128 0x5
 4658 01e1 00       		.byte	0
 4659 01e2 03       		.uleb128 0x3
 4660 01e3 08       		.uleb128 0x8
 4661 01e4 3A       		.uleb128 0x3a
 4662 01e5 0B       		.uleb128 0xb
 4663 01e6 3B       		.uleb128 0x3b
 4664 01e7 05       		.uleb128 0x5
 4665 01e8 49       		.uleb128 0x49
 4666 01e9 13       		.uleb128 0x13
 4667 01ea 02       		.uleb128 0x2
 4668 01eb 18       		.uleb128 0x18
 4669 01ec 00       		.byte	0
 4670 01ed 00       		.byte	0
 4671 01ee 24       		.uleb128 0x24
 4672 01ef 2E       		.uleb128 0x2e
 4673 01f0 01       		.byte	0x1
 4674 01f1 3F       		.uleb128 0x3f
 4675 01f2 19       		.uleb128 0x19
 4676 01f3 03       		.uleb128 0x3
 4677 01f4 0E       		.uleb128 0xe
 4678 01f5 3A       		.uleb128 0x3a
 4679 01f6 0B       		.uleb128 0xb
 4680 01f7 3B       		.uleb128 0x3b
 4681 01f8 05       		.uleb128 0x5
 4682 01f9 27       		.uleb128 0x27
 4683 01fa 19       		.uleb128 0x19
 4684 01fb 49       		.uleb128 0x49
 4685 01fc 13       		.uleb128 0x13
 4686 01fd 11       		.uleb128 0x11
 4687 01fe 01       		.uleb128 0x1
 4688 01ff 12       		.uleb128 0x12
 4689 0200 06       		.uleb128 0x6
 4690 0201 40       		.uleb128 0x40
 4691 0202 18       		.uleb128 0x18
 4692 0203 9742     		.uleb128 0x2117
 4693 0205 19       		.uleb128 0x19
 4694 0206 01       		.uleb128 0x1
 4695 0207 13       		.uleb128 0x13
 4696 0208 00       		.byte	0
 4697 0209 00       		.byte	0
 4698 020a 25       		.uleb128 0x25
 4699 020b 34       		.uleb128 0x34
 4700 020c 00       		.byte	0
 4701 020d 03       		.uleb128 0x3
 4702 020e 08       		.uleb128 0x8
 4703 020f 3A       		.uleb128 0x3a
 4704 0210 0B       		.uleb128 0xb
ARM GAS  C:\Users\haoen\AppData\Local\Temp\ccmUKDbF.s 			page 96


 4705 0211 3B       		.uleb128 0x3b
 4706 0212 05       		.uleb128 0x5
 4707 0213 49       		.uleb128 0x49
 4708 0214 13       		.uleb128 0x13
 4709 0215 02       		.uleb128 0x2
 4710 0216 17       		.uleb128 0x17
 4711 0217 00       		.byte	0
 4712 0218 00       		.byte	0
 4713 0219 26       		.uleb128 0x26
 4714 021a 2E       		.uleb128 0x2e
 4715 021b 01       		.byte	0x1
 4716 021c 3F       		.uleb128 0x3f
 4717 021d 19       		.uleb128 0x19
 4718 021e 03       		.uleb128 0x3
 4719 021f 0E       		.uleb128 0xe
 4720 0220 3A       		.uleb128 0x3a
 4721 0221 0B       		.uleb128 0xb
 4722 0222 3B       		.uleb128 0x3b
 4723 0223 0B       		.uleb128 0xb
 4724 0224 27       		.uleb128 0x27
 4725 0225 19       		.uleb128 0x19
 4726 0226 49       		.uleb128 0x49
 4727 0227 13       		.uleb128 0x13
 4728 0228 8701     		.uleb128 0x87
 4729 022a 19       		.uleb128 0x19
 4730 022b 11       		.uleb128 0x11
 4731 022c 01       		.uleb128 0x1
 4732 022d 12       		.uleb128 0x12
 4733 022e 06       		.uleb128 0x6
 4734 022f 40       		.uleb128 0x40
 4735 0230 18       		.uleb128 0x18
 4736 0231 9642     		.uleb128 0x2116
 4737 0233 19       		.uleb128 0x19
 4738 0234 01       		.uleb128 0x1
 4739 0235 13       		.uleb128 0x13
 4740 0236 00       		.byte	0
 4741 0237 00       		.byte	0
 4742 0238 27       		.uleb128 0x27
 4743 0239 34       		.uleb128 0x34
 4744 023a 00       		.byte	0
 4745 023b 03       		.uleb128 0x3
 4746 023c 0E       		.uleb128 0xe
 4747 023d 3A       		.uleb128 0x3a
 4748 023e 0B       		.uleb128 0xb
 4749 023f 3B       		.uleb128 0x3b
 4750 0240 0B       		.uleb128 0xb
 4751 0241 49       		.uleb128 0x49
 4752 0242 13       		.uleb128 0x13
 4753 0243 02       		.uleb128 0x2
 4754 0244 17       		.uleb128 0x17
 4755 0245 00       		.byte	0
 4756 0246 00       		.byte	0
 4757 0247 28       		.uleb128 0x28
 4758 0248 34       		.uleb128 0x34
 4759 0249 00       		.byte	0
 4760 024a 03       		.uleb128 0x3
 4761 024b 0E       		.uleb128 0xe
ARM GAS  C:\Users\haoen\AppData\Local\Temp\ccmUKDbF.s 			page 97


 4762 024c 3A       		.uleb128 0x3a
 4763 024d 0B       		.uleb128 0xb
 4764 024e 3B       		.uleb128 0x3b
 4765 024f 0B       		.uleb128 0xb
 4766 0250 49       		.uleb128 0x49
 4767 0251 13       		.uleb128 0x13
 4768 0252 02       		.uleb128 0x2
 4769 0253 18       		.uleb128 0x18
 4770 0254 00       		.byte	0
 4771 0255 00       		.byte	0
 4772 0256 29       		.uleb128 0x29
 4773 0257 34       		.uleb128 0x34
 4774 0258 00       		.byte	0
 4775 0259 03       		.uleb128 0x3
 4776 025a 08       		.uleb128 0x8
 4777 025b 3A       		.uleb128 0x3a
 4778 025c 0B       		.uleb128 0xb
 4779 025d 3B       		.uleb128 0x3b
 4780 025e 0B       		.uleb128 0xb
 4781 025f 49       		.uleb128 0x49
 4782 0260 13       		.uleb128 0x13
 4783 0261 02       		.uleb128 0x2
 4784 0262 18       		.uleb128 0x18
 4785 0263 00       		.byte	0
 4786 0264 00       		.byte	0
 4787 0265 2A       		.uleb128 0x2a
 4788 0266 0B       		.uleb128 0xb
 4789 0267 01       		.byte	0x1
 4790 0268 11       		.uleb128 0x11
 4791 0269 01       		.uleb128 0x1
 4792 026a 12       		.uleb128 0x12
 4793 026b 06       		.uleb128 0x6
 4794 026c 01       		.uleb128 0x1
 4795 026d 13       		.uleb128 0x13
 4796 026e 00       		.byte	0
 4797 026f 00       		.byte	0
 4798 0270 2B       		.uleb128 0x2b
 4799 0271 34       		.uleb128 0x34
 4800 0272 00       		.byte	0
 4801 0273 03       		.uleb128 0x3
 4802 0274 0E       		.uleb128 0xe
 4803 0275 3A       		.uleb128 0x3a
 4804 0276 0B       		.uleb128 0xb
 4805 0277 3B       		.uleb128 0x3b
 4806 0278 0B       		.uleb128 0xb
 4807 0279 49       		.uleb128 0x49
 4808 027a 13       		.uleb128 0x13
 4809 027b 00       		.byte	0
 4810 027c 00       		.byte	0
 4811 027d 2C       		.uleb128 0x2c
 4812 027e 1D       		.uleb128 0x1d
 4813 027f 01       		.byte	0x1
 4814 0280 31       		.uleb128 0x31
 4815 0281 13       		.uleb128 0x13
 4816 0282 11       		.uleb128 0x11
 4817 0283 01       		.uleb128 0x1
 4818 0284 12       		.uleb128 0x12
ARM GAS  C:\Users\haoen\AppData\Local\Temp\ccmUKDbF.s 			page 98


 4819 0285 06       		.uleb128 0x6
 4820 0286 58       		.uleb128 0x58
 4821 0287 0B       		.uleb128 0xb
 4822 0288 59       		.uleb128 0x59
 4823 0289 0B       		.uleb128 0xb
 4824 028a 01       		.uleb128 0x1
 4825 028b 13       		.uleb128 0x13
 4826 028c 00       		.byte	0
 4827 028d 00       		.byte	0
 4828 028e 2D       		.uleb128 0x2d
 4829 028f 34       		.uleb128 0x34
 4830 0290 00       		.byte	0
 4831 0291 03       		.uleb128 0x3
 4832 0292 0E       		.uleb128 0xe
 4833 0293 3A       		.uleb128 0x3a
 4834 0294 0B       		.uleb128 0xb
 4835 0295 3B       		.uleb128 0x3b
 4836 0296 0B       		.uleb128 0xb
 4837 0297 49       		.uleb128 0x49
 4838 0298 13       		.uleb128 0x13
 4839 0299 1C       		.uleb128 0x1c
 4840 029a 0A       		.uleb128 0xa
 4841 029b 00       		.byte	0
 4842 029c 00       		.byte	0
 4843 029d 2E       		.uleb128 0x2e
 4844 029e 21       		.uleb128 0x21
 4845 029f 00       		.byte	0
 4846 02a0 49       		.uleb128 0x49
 4847 02a1 13       		.uleb128 0x13
 4848 02a2 2F       		.uleb128 0x2f
 4849 02a3 05       		.uleb128 0x5
 4850 02a4 00       		.byte	0
 4851 02a5 00       		.byte	0
 4852 02a6 2F       		.uleb128 0x2f
 4853 02a7 34       		.uleb128 0x34
 4854 02a8 00       		.byte	0
 4855 02a9 03       		.uleb128 0x3
 4856 02aa 0E       		.uleb128 0xe
 4857 02ab 3A       		.uleb128 0x3a
 4858 02ac 0B       		.uleb128 0xb
 4859 02ad 3B       		.uleb128 0x3b
 4860 02ae 0B       		.uleb128 0xb
 4861 02af 49       		.uleb128 0x49
 4862 02b0 13       		.uleb128 0x13
 4863 02b1 1C       		.uleb128 0x1c
 4864 02b2 0B       		.uleb128 0xb
 4865 02b3 00       		.byte	0
 4866 02b4 00       		.byte	0
 4867 02b5 30       		.uleb128 0x30
 4868 02b6 34       		.uleb128 0x34
 4869 02b7 00       		.byte	0
 4870 02b8 03       		.uleb128 0x3
 4871 02b9 0E       		.uleb128 0xe
 4872 02ba 3A       		.uleb128 0x3a
 4873 02bb 0B       		.uleb128 0xb
 4874 02bc 3B       		.uleb128 0x3b
 4875 02bd 0B       		.uleb128 0xb
ARM GAS  C:\Users\haoen\AppData\Local\Temp\ccmUKDbF.s 			page 99


 4876 02be 49       		.uleb128 0x49
 4877 02bf 13       		.uleb128 0x13
 4878 02c0 1C       		.uleb128 0x1c
 4879 02c1 05       		.uleb128 0x5
 4880 02c2 00       		.byte	0
 4881 02c3 00       		.byte	0
 4882 02c4 31       		.uleb128 0x31
 4883 02c5 34       		.uleb128 0x34
 4884 02c6 00       		.byte	0
 4885 02c7 03       		.uleb128 0x3
 4886 02c8 0E       		.uleb128 0xe
 4887 02c9 3A       		.uleb128 0x3a
 4888 02ca 0B       		.uleb128 0xb
 4889 02cb 3B       		.uleb128 0x3b
 4890 02cc 05       		.uleb128 0x5
 4891 02cd 49       		.uleb128 0x49
 4892 02ce 13       		.uleb128 0x13
 4893 02cf 3F       		.uleb128 0x3f
 4894 02d0 19       		.uleb128 0x19
 4895 02d1 3C       		.uleb128 0x3c
 4896 02d2 19       		.uleb128 0x19
 4897 02d3 00       		.byte	0
 4898 02d4 00       		.byte	0
 4899 02d5 32       		.uleb128 0x32
 4900 02d6 34       		.uleb128 0x34
 4901 02d7 00       		.byte	0
 4902 02d8 03       		.uleb128 0x3
 4903 02d9 0E       		.uleb128 0xe
 4904 02da 3A       		.uleb128 0x3a
 4905 02db 0B       		.uleb128 0xb
 4906 02dc 3B       		.uleb128 0x3b
 4907 02dd 0B       		.uleb128 0xb
 4908 02de 49       		.uleb128 0x49
 4909 02df 13       		.uleb128 0x13
 4910 02e0 3F       		.uleb128 0x3f
 4911 02e1 19       		.uleb128 0x19
 4912 02e2 02       		.uleb128 0x2
 4913 02e3 18       		.uleb128 0x18
 4914 02e4 00       		.byte	0
 4915 02e5 00       		.byte	0
 4916 02e6 33       		.uleb128 0x33
 4917 02e7 2E       		.uleb128 0x2e
 4918 02e8 00       		.byte	0
 4919 02e9 3F       		.uleb128 0x3f
 4920 02ea 19       		.uleb128 0x19
 4921 02eb 3C       		.uleb128 0x3c
 4922 02ec 19       		.uleb128 0x19
 4923 02ed 6E       		.uleb128 0x6e
 4924 02ee 0E       		.uleb128 0xe
 4925 02ef 03       		.uleb128 0x3
 4926 02f0 0E       		.uleb128 0xe
 4927 02f1 3A       		.uleb128 0x3a
 4928 02f2 0B       		.uleb128 0xb
 4929 02f3 3B       		.uleb128 0x3b
 4930 02f4 0B       		.uleb128 0xb
 4931 02f5 00       		.byte	0
 4932 02f6 00       		.byte	0
ARM GAS  C:\Users\haoen\AppData\Local\Temp\ccmUKDbF.s 			page 100


 4933 02f7 34       		.uleb128 0x34
 4934 02f8 2E       		.uleb128 0x2e
 4935 02f9 00       		.byte	0
 4936 02fa 3F       		.uleb128 0x3f
 4937 02fb 19       		.uleb128 0x19
 4938 02fc 3C       		.uleb128 0x3c
 4939 02fd 19       		.uleb128 0x19
 4940 02fe 6E       		.uleb128 0x6e
 4941 02ff 0E       		.uleb128 0xe
 4942 0300 03       		.uleb128 0x3
 4943 0301 0E       		.uleb128 0xe
 4944 0302 00       		.byte	0
 4945 0303 00       		.byte	0
 4946 0304 00       		.byte	0
 4947              		.section	.debug_loc,"",%progbits
 4948              	.Ldebug_loc0:
 4949              	.LLST0:
 4950 0000 30000000 		.4byte	.LVL1
 4951 0004 40000000 		.4byte	.LVL3
 4952 0008 0100     		.2byte	0x1
 4953 000a 54       		.byte	0x54
 4954 000b 42000000 		.4byte	.LVL4
 4955 000f 44000000 		.4byte	.LVL5
 4956 0013 0100     		.2byte	0x1
 4957 0015 54       		.byte	0x54
 4958 0016 46000000 		.4byte	.LVL6
 4959 001a 50000000 		.4byte	.LVL7
 4960 001e 0100     		.2byte	0x1
 4961 0020 54       		.byte	0x54
 4962 0021 00000000 		.4byte	0
 4963 0025 00000000 		.4byte	0
 4964              	.LLST1:
 4965 0029 00000000 		.4byte	.LVL9
 4966 002d 12000000 		.4byte	.LVL11
 4967 0031 0100     		.2byte	0x1
 4968 0033 50       		.byte	0x50
 4969 0034 12000000 		.4byte	.LVL11
 4970 0038 68000000 		.4byte	.LFE67
 4971 003c 0100     		.2byte	0x1
 4972 003e 59       		.byte	0x59
 4973 003f 00000000 		.4byte	0
 4974 0043 00000000 		.4byte	0
 4975              	.LLST2:
 4976 0047 00000000 		.4byte	.LVL9
 4977 004b 12000000 		.4byte	.LVL11
 4978 004f 0100     		.2byte	0x1
 4979 0051 51       		.byte	0x51
 4980 0052 12000000 		.4byte	.LVL11
 4981 0056 68000000 		.4byte	.LFE67
 4982 005a 0100     		.2byte	0x1
 4983 005c 58       		.byte	0x58
 4984 005d 00000000 		.4byte	0
 4985 0061 00000000 		.4byte	0
 4986              	.LLST3:
 4987 0065 00000000 		.4byte	.LVL9
 4988 0069 12000000 		.4byte	.LVL11
 4989 006d 0100     		.2byte	0x1
ARM GAS  C:\Users\haoen\AppData\Local\Temp\ccmUKDbF.s 			page 101


 4990 006f 52       		.byte	0x52
 4991 0070 12000000 		.4byte	.LVL11
 4992 0074 68000000 		.4byte	.LFE67
 4993 0078 0100     		.2byte	0x1
 4994 007a 57       		.byte	0x57
 4995 007b 00000000 		.4byte	0
 4996 007f 00000000 		.4byte	0
 4997              	.LLST4:
 4998 0083 0C000000 		.4byte	.LVL10
 4999 0087 12000000 		.4byte	.LVL11
 5000 008b 0200     		.2byte	0x2
 5001 008d 30       		.byte	0x30
 5002 008e 9F       		.byte	0x9f
 5003 008f 12000000 		.4byte	.LVL11
 5004 0093 68000000 		.4byte	.LFE67
 5005 0097 0100     		.2byte	0x1
 5006 0099 56       		.byte	0x56
 5007 009a 00000000 		.4byte	0
 5008 009e 00000000 		.4byte	0
 5009              	.LLST5:
 5010 00a2 0C000000 		.4byte	.LVL10
 5011 00a6 12000000 		.4byte	.LVL11
 5012 00aa 0200     		.2byte	0x2
 5013 00ac 30       		.byte	0x30
 5014 00ad 9F       		.byte	0x9f
 5015 00ae 12000000 		.4byte	.LVL11
 5016 00b2 20000000 		.4byte	.LVL14
 5017 00b6 0100     		.2byte	0x1
 5018 00b8 54       		.byte	0x54
 5019 00b9 20000000 		.4byte	.LVL14
 5020 00bd 30000000 		.4byte	.LVL16
 5021 00c1 0100     		.2byte	0x1
 5022 00c3 55       		.byte	0x55
 5023 00c4 30000000 		.4byte	.LVL16
 5024 00c8 68000000 		.4byte	.LFE67
 5025 00cc 0100     		.2byte	0x1
 5026 00ce 54       		.byte	0x54
 5027 00cf 00000000 		.4byte	0
 5028 00d3 00000000 		.4byte	0
 5029              	.LLST6:
 5030 00d7 16000000 		.4byte	.LVL12
 5031 00db 1C000000 		.4byte	.LVL13
 5032 00df 0100     		.2byte	0x1
 5033 00e1 50       		.byte	0x50
 5034 00e2 1C000000 		.4byte	.LVL13
 5035 00e6 30000000 		.4byte	.LVL16
 5036 00ea 0100     		.2byte	0x1
 5037 00ec 5A       		.byte	0x5a
 5038 00ed 30000000 		.4byte	.LVL16
 5039 00f1 36000000 		.4byte	.LVL17
 5040 00f5 0100     		.2byte	0x1
 5041 00f7 53       		.byte	0x53
 5042 00f8 36000000 		.4byte	.LVL17
 5043 00fc 40000000 		.4byte	.LVL18
 5044 0100 0100     		.2byte	0x1
 5045 0102 5A       		.byte	0x5a
 5046 0103 00000000 		.4byte	0
ARM GAS  C:\Users\haoen\AppData\Local\Temp\ccmUKDbF.s 			page 102


 5047 0107 00000000 		.4byte	0
 5048              	.LLST7:
 5049 010b 00000000 		.4byte	.LVL21
 5050 010f 14000000 		.4byte	.LVL22
 5051 0113 0100     		.2byte	0x1
 5052 0115 50       		.byte	0x50
 5053 0116 14000000 		.4byte	.LVL22
 5054 011a 92000000 		.4byte	.LVL40
 5055 011e 0100     		.2byte	0x1
 5056 0120 55       		.byte	0x55
 5057 0121 92000000 		.4byte	.LVL40
 5058 0125 A0000000 		.4byte	.LFE68
 5059 0129 0400     		.2byte	0x4
 5060 012b F3       		.byte	0xf3
 5061 012c 01       		.uleb128 0x1
 5062 012d 50       		.byte	0x50
 5063 012e 9F       		.byte	0x9f
 5064 012f 00000000 		.4byte	0
 5065 0133 00000000 		.4byte	0
 5066              	.LLST8:
 5067 0137 00000000 		.4byte	.LVL21
 5068 013b 14000000 		.4byte	.LVL22
 5069 013f 0100     		.2byte	0x1
 5070 0141 51       		.byte	0x51
 5071 0142 14000000 		.4byte	.LVL22
 5072 0146 7A000000 		.4byte	.LVL37
 5073 014a 0100     		.2byte	0x1
 5074 014c 56       		.byte	0x56
 5075 014d 7A000000 		.4byte	.LVL37
 5076 0151 A0000000 		.4byte	.LFE68
 5077 0155 0400     		.2byte	0x4
 5078 0157 F3       		.byte	0xf3
 5079 0158 01       		.uleb128 0x1
 5080 0159 51       		.byte	0x51
 5081 015a 9F       		.byte	0x9f
 5082 015b 00000000 		.4byte	0
 5083 015f 00000000 		.4byte	0
 5084              	.LLST9:
 5085 0163 6C000000 		.4byte	.LVL33
 5086 0167 6E000000 		.4byte	.LVL34
 5087 016b 0500     		.2byte	0x5
 5088 016d 70       		.byte	0x70
 5089 016e 00       		.sleb128 0
 5090 016f 32       		.byte	0x32
 5091 0170 26       		.byte	0x26
 5092 0171 9F       		.byte	0x9f
 5093 0172 00000000 		.4byte	0
 5094 0176 00000000 		.4byte	0
 5095              	.LLST10:
 5096 017a 60000000 		.4byte	.LVL30
 5097 017e 66000000 		.4byte	.LVL32
 5098 0182 0100     		.2byte	0x1
 5099 0184 53       		.byte	0x53
 5100 0185 00000000 		.4byte	0
 5101 0189 00000000 		.4byte	0
 5102              	.LLST11:
 5103 018d 60000000 		.4byte	.LVL30
ARM GAS  C:\Users\haoen\AppData\Local\Temp\ccmUKDbF.s 			page 103


 5104 0191 64000000 		.4byte	.LVL31
 5105 0195 0100     		.2byte	0x1
 5106 0197 50       		.byte	0x50
 5107 0198 64000000 		.4byte	.LVL31
 5108 019c 66000000 		.4byte	.LVL32
 5109 01a0 0200     		.2byte	0x2
 5110 01a2 91       		.byte	0x91
 5111 01a3 6F       		.sleb128 -17
 5112 01a4 00000000 		.4byte	0
 5113 01a8 00000000 		.4byte	0
 5114              	.LLST12:
 5115 01ac 00000000 		.4byte	.LVL41
 5116 01b0 12000000 		.4byte	.LVL42
 5117 01b4 0100     		.2byte	0x1
 5118 01b6 50       		.byte	0x50
 5119 01b7 12000000 		.4byte	.LVL42
 5120 01bb 78000000 		.4byte	.LVL55
 5121 01bf 0100     		.2byte	0x1
 5122 01c1 55       		.byte	0x55
 5123 01c2 78000000 		.4byte	.LVL55
 5124 01c6 80000000 		.4byte	.LFE69
 5125 01ca 0400     		.2byte	0x4
 5126 01cc F3       		.byte	0xf3
 5127 01cd 01       		.uleb128 0x1
 5128 01ce 50       		.byte	0x50
 5129 01cf 9F       		.byte	0x9f
 5130 01d0 00000000 		.4byte	0
 5131 01d4 00000000 		.4byte	0
 5132              	.LLST13:
 5133 01d8 62000000 		.4byte	.LVL51
 5134 01dc 66000000 		.4byte	.LVL52
 5135 01e0 0900     		.2byte	0x9
 5136 01e2 70       		.byte	0x70
 5137 01e3 00       		.sleb128 0
 5138 01e4 09       		.byte	0x9
 5139 01e5 F4       		.byte	0xf4
 5140 01e6 24       		.byte	0x24
 5141 01e7 09       		.byte	0x9
 5142 01e8 F6       		.byte	0xf6
 5143 01e9 26       		.byte	0x26
 5144 01ea 9F       		.byte	0x9f
 5145 01eb 66000000 		.4byte	.LVL52
 5146 01ef 69000000 		.4byte	.LVL53-1
 5147 01f3 1300     		.2byte	0x13
 5148 01f5 91       		.byte	0x91
 5149 01f6 6F       		.sleb128 -17
 5150 01f7 94       		.byte	0x94
 5151 01f8 01       		.byte	0x1
 5152 01f9 08       		.byte	0x8
 5153 01fa FF       		.byte	0xff
 5154 01fb 1A       		.byte	0x1a
 5155 01fc 38       		.byte	0x38
 5156 01fd 24       		.byte	0x24
 5157 01fe 73       		.byte	0x73
 5158 01ff 00       		.sleb128 0
 5159 0200 21       		.byte	0x21
 5160 0201 09       		.byte	0x9
ARM GAS  C:\Users\haoen\AppData\Local\Temp\ccmUKDbF.s 			page 104


 5161 0202 F4       		.byte	0xf4
 5162 0203 24       		.byte	0x24
 5163 0204 09       		.byte	0x9
 5164 0205 F6       		.byte	0xf6
 5165 0206 26       		.byte	0x26
 5166 0207 9F       		.byte	0x9f
 5167 0208 00000000 		.4byte	0
 5168 020c 00000000 		.4byte	0
 5169              	.LLST14:
 5170 0210 5E000000 		.4byte	.LVL50
 5171 0214 62000000 		.4byte	.LVL51
 5172 0218 0100     		.2byte	0x1
 5173 021a 53       		.byte	0x53
 5174 021b 00000000 		.4byte	0
 5175 021f 00000000 		.4byte	0
 5176              	.LLST15:
 5177 0223 5E000000 		.4byte	.LVL50
 5178 0227 62000000 		.4byte	.LVL51
 5179 022b 0100     		.2byte	0x1
 5180 022d 50       		.byte	0x50
 5181 022e 00000000 		.4byte	0
 5182 0232 00000000 		.4byte	0
 5183              	.LLST16:
 5184 0236 00000000 		.4byte	.LVL56
 5185 023a 22000000 		.4byte	.LVL58
 5186 023e 0100     		.2byte	0x1
 5187 0240 50       		.byte	0x50
 5188 0241 22000000 		.4byte	.LVL58
 5189 0245 7E010000 		.4byte	.LVL95
 5190 0249 0100     		.2byte	0x1
 5191 024b 58       		.byte	0x58
 5192 024c 7E010000 		.4byte	.LVL95
 5193 0250 8C010000 		.4byte	.LFE70
 5194 0254 0400     		.2byte	0x4
 5195 0256 F3       		.byte	0xf3
 5196 0257 01       		.uleb128 0x1
 5197 0258 50       		.byte	0x50
 5198 0259 9F       		.byte	0x9f
 5199 025a 00000000 		.4byte	0
 5200 025e 00000000 		.4byte	0
 5201              	.LLST17:
 5202 0262 00000000 		.4byte	.LVL56
 5203 0266 22000000 		.4byte	.LVL58
 5204 026a 0100     		.2byte	0x1
 5205 026c 51       		.byte	0x51
 5206 026d 22000000 		.4byte	.LVL58
 5207 0271 7E010000 		.4byte	.LVL95
 5208 0275 0100     		.2byte	0x1
 5209 0277 57       		.byte	0x57
 5210 0278 7E010000 		.4byte	.LVL95
 5211 027c 8C010000 		.4byte	.LFE70
 5212 0280 0400     		.2byte	0x4
 5213 0282 F3       		.byte	0xf3
 5214 0283 01       		.uleb128 0x1
 5215 0284 51       		.byte	0x51
 5216 0285 9F       		.byte	0x9f
 5217 0286 00000000 		.4byte	0
ARM GAS  C:\Users\haoen\AppData\Local\Temp\ccmUKDbF.s 			page 105


 5218 028a 00000000 		.4byte	0
 5219              	.LLST18:
 5220 028e 00000000 		.4byte	.LVL56
 5221 0292 22000000 		.4byte	.LVL58
 5222 0296 0100     		.2byte	0x1
 5223 0298 52       		.byte	0x52
 5224 0299 22000000 		.4byte	.LVL58
 5225 029d 5A010000 		.4byte	.LVL89
 5226 02a1 0100     		.2byte	0x1
 5227 02a3 56       		.byte	0x56
 5228 02a4 5A010000 		.4byte	.LVL89
 5229 02a8 6E010000 		.4byte	.LVL92
 5230 02ac 0400     		.2byte	0x4
 5231 02ae F3       		.byte	0xf3
 5232 02af 01       		.uleb128 0x1
 5233 02b0 52       		.byte	0x52
 5234 02b1 9F       		.byte	0x9f
 5235 02b2 6E010000 		.4byte	.LVL92
 5236 02b6 72010000 		.4byte	.LVL93
 5237 02ba 0100     		.2byte	0x1
 5238 02bc 56       		.byte	0x56
 5239 02bd 72010000 		.4byte	.LVL93
 5240 02c1 8C010000 		.4byte	.LFE70
 5241 02c5 0400     		.2byte	0x4
 5242 02c7 F3       		.byte	0xf3
 5243 02c8 01       		.uleb128 0x1
 5244 02c9 52       		.byte	0x52
 5245 02ca 9F       		.byte	0x9f
 5246 02cb 00000000 		.4byte	0
 5247 02cf 00000000 		.4byte	0
 5248              	.LLST19:
 5249 02d3 00000000 		.4byte	.LVL56
 5250 02d7 10000000 		.4byte	.LVL57
 5251 02db 0100     		.2byte	0x1
 5252 02dd 53       		.byte	0x53
 5253 02de 10000000 		.4byte	.LVL57
 5254 02e2 7E010000 		.4byte	.LVL95
 5255 02e6 0100     		.2byte	0x1
 5256 02e8 55       		.byte	0x55
 5257 02e9 7E010000 		.4byte	.LVL95
 5258 02ed 8C010000 		.4byte	.LFE70
 5259 02f1 0400     		.2byte	0x4
 5260 02f3 F3       		.byte	0xf3
 5261 02f4 01       		.uleb128 0x1
 5262 02f5 53       		.byte	0x53
 5263 02f6 9F       		.byte	0x9f
 5264 02f7 00000000 		.4byte	0
 5265 02fb 00000000 		.4byte	0
 5266              	.LLST20:
 5267 02ff CC000000 		.4byte	.LVL75
 5268 0303 76010000 		.4byte	.LVL94
 5269 0307 0100     		.2byte	0x1
 5270 0309 5B       		.byte	0x5b
 5271 030a 00000000 		.4byte	0
 5272 030e 00000000 		.4byte	0
 5273              	.LLST21:
 5274 0312 E8000000 		.4byte	.LVL78
ARM GAS  C:\Users\haoen\AppData\Local\Temp\ccmUKDbF.s 			page 106


 5275 0316 76010000 		.4byte	.LVL94
 5276 031a 0300     		.2byte	0x3
 5277 031c 91       		.byte	0x91
 5278 031d FC7E     		.sleb128 -132
 5279 031f 00000000 		.4byte	0
 5280 0323 00000000 		.4byte	0
 5281              	.LLST22:
 5282 0327 04010000 		.4byte	.LVL81
 5283 032b 76010000 		.4byte	.LVL94
 5284 032f 0100     		.2byte	0x1
 5285 0331 5A       		.byte	0x5a
 5286 0332 00000000 		.4byte	0
 5287 0336 00000000 		.4byte	0
 5288              	.LLST23:
 5289 033a 20010000 		.4byte	.LVL84
 5290 033e 76010000 		.4byte	.LVL94
 5291 0342 0100     		.2byte	0x1
 5292 0344 59       		.byte	0x59
 5293 0345 00000000 		.4byte	0
 5294 0349 00000000 		.4byte	0
 5295              	.LLST24:
 5296 034d 00000000 		.4byte	.LVL96
 5297 0351 0A000000 		.4byte	.LVL97
 5298 0355 0100     		.2byte	0x1
 5299 0357 50       		.byte	0x50
 5300 0358 0A000000 		.4byte	.LVL97
 5301 035c 10000000 		.4byte	.LFE72
 5302 0360 0600     		.2byte	0x6
 5303 0362 F3       		.byte	0xf3
 5304 0363 03       		.uleb128 0x3
 5305 0364 F5       		.byte	0xf5
 5306 0365 00       		.uleb128 0
 5307 0366 25       		.uleb128 0x25
 5308 0367 9F       		.byte	0x9f
 5309 0368 00000000 		.4byte	0
 5310 036c 00000000 		.4byte	0
 5311              	.LLST25:
 5312 0370 00000000 		.4byte	.LVL99
 5313 0374 0A000000 		.4byte	.LVL103
 5314 0378 0100     		.2byte	0x1
 5315 037a 50       		.byte	0x50
 5316 037b 0A000000 		.4byte	.LVL103
 5317 037f 28000000 		.4byte	.LFE74
 5318 0383 0400     		.2byte	0x4
 5319 0385 F3       		.byte	0xf3
 5320 0386 01       		.uleb128 0x1
 5321 0387 50       		.byte	0x50
 5322 0388 9F       		.byte	0x9f
 5323 0389 00000000 		.4byte	0
 5324 038d 00000000 		.4byte	0
 5325              	.LLST26:
 5326 0391 02000000 		.4byte	.LVL100
 5327 0395 06000000 		.4byte	.LVL101
 5328 0399 0200     		.2byte	0x2
 5329 039b 30       		.byte	0x30
 5330 039c 9F       		.byte	0x9f
 5331 039d 06000000 		.4byte	.LVL101
ARM GAS  C:\Users\haoen\AppData\Local\Temp\ccmUKDbF.s 			page 107


 5332 03a1 08000000 		.4byte	.LVL102
 5333 03a5 0100     		.2byte	0x1
 5334 03a7 53       		.byte	0x53
 5335 03a8 08000000 		.4byte	.LVL102
 5336 03ac 0A000000 		.4byte	.LVL103
 5337 03b0 0500     		.2byte	0x5
 5338 03b2 74       		.byte	0x74
 5339 03b3 00       		.sleb128 0
 5340 03b4 70       		.byte	0x70
 5341 03b5 00       		.sleb128 0
 5342 03b6 22       		.byte	0x22
 5343 03b7 0A000000 		.4byte	.LVL103
 5344 03bb 12000000 		.4byte	.LVL105
 5345 03bf 0100     		.2byte	0x1
 5346 03c1 50       		.byte	0x50
 5347 03c2 16000000 		.4byte	.LVL106
 5348 03c6 28000000 		.4byte	.LFE74
 5349 03ca 0100     		.2byte	0x1
 5350 03cc 50       		.byte	0x50
 5351 03cd 00000000 		.4byte	0
 5352 03d1 00000000 		.4byte	0
 5353              	.LLST27:
 5354 03d5 0A000000 		.4byte	.LVL103
 5355 03d9 0E000000 		.4byte	.LVL104
 5356 03dd 0200     		.2byte	0x2
 5357 03df 30       		.byte	0x30
 5358 03e0 9F       		.byte	0x9f
 5359 03e1 0E000000 		.4byte	.LVL104
 5360 03e5 18000000 		.4byte	.LVL107
 5361 03e9 0100     		.2byte	0x1
 5362 03eb 53       		.byte	0x53
 5363 03ec 1A000000 		.4byte	.LVL108
 5364 03f0 28000000 		.4byte	.LFE74
 5365 03f4 0100     		.2byte	0x1
 5366 03f6 53       		.byte	0x53
 5367 03f7 00000000 		.4byte	0
 5368 03fb 00000000 		.4byte	0
 5369              	.LLST28:
 5370 03ff 00000000 		.4byte	.LVL109
 5371 0403 10000000 		.4byte	.LVL110
 5372 0407 0100     		.2byte	0x1
 5373 0409 50       		.byte	0x50
 5374 040a 10000000 		.4byte	.LVL110
 5375 040e 13000000 		.4byte	.LVL111-1
 5376 0412 0500     		.2byte	0x5
 5377 0414 03       		.byte	0x3
 5378 0415 0C000000 		.4byte	RPI_TX_Buffer
 5379 0419 13000000 		.4byte	.LVL111-1
 5380 041d 48000000 		.4byte	.LFE71
 5381 0421 0400     		.2byte	0x4
 5382 0423 F3       		.byte	0xf3
 5383 0424 01       		.uleb128 0x1
 5384 0425 50       		.byte	0x50
 5385 0426 9F       		.byte	0x9f
 5386 0427 00000000 		.4byte	0
 5387 042b 00000000 		.4byte	0
 5388              	.LLST29:
ARM GAS  C:\Users\haoen\AppData\Local\Temp\ccmUKDbF.s 			page 108


 5389 042f 00000000 		.4byte	.LVL109
 5390 0433 13000000 		.4byte	.LVL111-1
 5391 0437 0100     		.2byte	0x1
 5392 0439 51       		.byte	0x51
 5393 043a 13000000 		.4byte	.LVL111-1
 5394 043e 40000000 		.4byte	.LVL114
 5395 0442 0100     		.2byte	0x1
 5396 0444 57       		.byte	0x57
 5397 0445 40000000 		.4byte	.LVL114
 5398 0449 48000000 		.4byte	.LFE71
 5399 044d 0400     		.2byte	0x4
 5400 044f F3       		.byte	0xf3
 5401 0450 01       		.uleb128 0x1
 5402 0451 51       		.byte	0x51
 5403 0452 9F       		.byte	0x9f
 5404 0453 00000000 		.4byte	0
 5405 0457 00000000 		.4byte	0
 5406              	.LLST30:
 5407 045b 00000000 		.4byte	.LVL109
 5408 045f 13000000 		.4byte	.LVL111-1
 5409 0463 0100     		.2byte	0x1
 5410 0465 52       		.byte	0x52
 5411 0466 13000000 		.4byte	.LVL111-1
 5412 046a 48000000 		.4byte	.LFE71
 5413 046e 0400     		.2byte	0x4
 5414 0470 F3       		.byte	0xf3
 5415 0471 01       		.uleb128 0x1
 5416 0472 52       		.byte	0x52
 5417 0473 9F       		.byte	0x9f
 5418 0474 00000000 		.4byte	0
 5419 0478 00000000 		.4byte	0
 5420              	.LLST31:
 5421 047c 08000000 		.4byte	.LVL115
 5422 0480 04010000 		.4byte	.LVL154
 5423 0484 0200     		.2byte	0x2
 5424 0486 30       		.byte	0x30
 5425 0487 9F       		.byte	0x9f
 5426 0488 2C010000 		.4byte	.LVL155
 5427 048c 70010000 		.4byte	.LVL168
 5428 0490 0200     		.2byte	0x2
 5429 0492 30       		.byte	0x30
 5430 0493 9F       		.byte	0x9f
 5431 0494 70010000 		.4byte	.LVL168
 5432 0498 E0010000 		.4byte	.LVL180
 5433 049c 0100     		.2byte	0x1
 5434 049e 54       		.byte	0x54
 5435 049f E2010000 		.4byte	.LVL181
 5436 04a3 1E020000 		.4byte	.LVL192
 5437 04a7 0100     		.2byte	0x1
 5438 04a9 54       		.byte	0x54
 5439 04aa 20020000 		.4byte	.LVL193
 5440 04ae EC020000 		.4byte	.LVL213
 5441 04b2 0100     		.2byte	0x1
 5442 04b4 54       		.byte	0x54
 5443 04b5 EC020000 		.4byte	.LVL213
 5444 04b9 EE020000 		.4byte	.LVL214
 5445 04bd 0100     		.2byte	0x1
ARM GAS  C:\Users\haoen\AppData\Local\Temp\ccmUKDbF.s 			page 109


 5446 04bf 51       		.byte	0x51
 5447 04c0 EE020000 		.4byte	.LVL214
 5448 04c4 FA020000 		.4byte	.LVL216
 5449 04c8 0300     		.2byte	0x3
 5450 04ca 74       		.byte	0x74
 5451 04cb 04       		.sleb128 4
 5452 04cc 9F       		.byte	0x9f
 5453 04cd FA020000 		.4byte	.LVL216
 5454 04d1 FC020000 		.4byte	.LVL217
 5455 04d5 0100     		.2byte	0x1
 5456 04d7 51       		.byte	0x51
 5457 04d8 FC020000 		.4byte	.LVL217
 5458 04dc 08030000 		.4byte	.LVL219
 5459 04e0 0300     		.2byte	0x3
 5460 04e2 74       		.byte	0x74
 5461 04e3 08       		.sleb128 8
 5462 04e4 9F       		.byte	0x9f
 5463 04e5 08030000 		.4byte	.LVL219
 5464 04e9 0A030000 		.4byte	.LVL220
 5465 04ed 0100     		.2byte	0x1
 5466 04ef 51       		.byte	0x51
 5467 04f0 0A030000 		.4byte	.LVL220
 5468 04f4 16030000 		.4byte	.LVL222
 5469 04f8 0300     		.2byte	0x3
 5470 04fa 74       		.byte	0x74
 5471 04fb 0C       		.sleb128 12
 5472 04fc 9F       		.byte	0x9f
 5473 04fd 16030000 		.4byte	.LVL222
 5474 0501 18030000 		.4byte	.LVL223
 5475 0505 0100     		.2byte	0x1
 5476 0507 51       		.byte	0x51
 5477 0508 18030000 		.4byte	.LVL223
 5478 050c 24030000 		.4byte	.LVL225
 5479 0510 0300     		.2byte	0x3
 5480 0512 74       		.byte	0x74
 5481 0513 10       		.sleb128 16
 5482 0514 9F       		.byte	0x9f
 5483 0515 24030000 		.4byte	.LVL225
 5484 0519 26030000 		.4byte	.LVL226
 5485 051d 0100     		.2byte	0x1
 5486 051f 51       		.byte	0x51
 5487 0520 26030000 		.4byte	.LVL226
 5488 0524 30030000 		.4byte	.LVL228
 5489 0528 0300     		.2byte	0x3
 5490 052a 74       		.byte	0x74
 5491 052b 14       		.sleb128 20
 5492 052c 9F       		.byte	0x9f
 5493 052d 30030000 		.4byte	.LVL228
 5494 0531 39030000 		.4byte	.LVL229-1
 5495 0535 0100     		.2byte	0x1
 5496 0537 52       		.byte	0x52
 5497 0538 39030000 		.4byte	.LVL229-1
 5498 053c 40030000 		.4byte	.LFE66
 5499 0540 0300     		.2byte	0x3
 5500 0542 74       		.byte	0x74
 5501 0543 18       		.sleb128 24
 5502 0544 9F       		.byte	0x9f
ARM GAS  C:\Users\haoen\AppData\Local\Temp\ccmUKDbF.s 			page 110


 5503 0545 00000000 		.4byte	0
 5504 0549 00000000 		.4byte	0
 5505              	.LLST32:
 5506 054d 08000000 		.4byte	.LVL115
 5507 0551 4C000000 		.4byte	.LVL124
 5508 0555 0200     		.2byte	0x2
 5509 0557 30       		.byte	0x30
 5510 0558 9F       		.byte	0x9f
 5511 0559 4C000000 		.4byte	.LVL124
 5512 055d 5C000000 		.4byte	.LVL127
 5513 0561 0200     		.2byte	0x2
 5514 0563 34       		.byte	0x34
 5515 0564 9F       		.byte	0x9f
 5516 0565 5C000000 		.4byte	.LVL127
 5517 0569 76000000 		.4byte	.LVL131
 5518 056d 0200     		.2byte	0x2
 5519 056f 30       		.byte	0x30
 5520 0570 9F       		.byte	0x9f
 5521 0571 76000000 		.4byte	.LVL131
 5522 0575 86000000 		.4byte	.LVL134
 5523 0579 0200     		.2byte	0x2
 5524 057b 34       		.byte	0x34
 5525 057c 9F       		.byte	0x9f
 5526 057d 86000000 		.4byte	.LVL134
 5527 0581 8A000000 		.4byte	.LVL135
 5528 0585 0200     		.2byte	0x2
 5529 0587 30       		.byte	0x30
 5530 0588 9F       		.byte	0x9f
 5531 0589 8A000000 		.4byte	.LVL135
 5532 058d 04010000 		.4byte	.LVL154
 5533 0591 0100     		.2byte	0x1
 5534 0593 54       		.byte	0x54
 5535 0594 2C010000 		.4byte	.LVL155
 5536 0598 70010000 		.4byte	.LVL168
 5537 059c 0200     		.2byte	0x2
 5538 059e 31       		.byte	0x31
 5539 059f 9F       		.byte	0x9f
 5540 05a0 70010000 		.4byte	.LVL168
 5541 05a4 40030000 		.4byte	.LFE66
 5542 05a8 0100     		.2byte	0x1
 5543 05aa 57       		.byte	0x57
 5544 05ab 00000000 		.4byte	0
 5545 05af 00000000 		.4byte	0
 5546              	.LLST33:
 5547 05b3 4A000000 		.4byte	.LVL123
 5548 05b7 51000000 		.4byte	.LVL125-1
 5549 05bb 0100     		.2byte	0x1
 5550 05bd 50       		.byte	0x50
 5551 05be 5C000000 		.4byte	.LVL127
 5552 05c2 6C000000 		.4byte	.LVL130
 5553 05c6 0100     		.2byte	0x1
 5554 05c8 50       		.byte	0x50
 5555 05c9 AA000000 		.4byte	.LVL139
 5556 05cd B6000000 		.4byte	.LVL141
 5557 05d1 0100     		.2byte	0x1
 5558 05d3 50       		.byte	0x50
 5559 05d4 C4000000 		.4byte	.LVL143
ARM GAS  C:\Users\haoen\AppData\Local\Temp\ccmUKDbF.s 			page 111


 5560 05d8 DA000000 		.4byte	.LVL146
 5561 05dc 0100     		.2byte	0x1
 5562 05de 50       		.byte	0x50
 5563 05df 00000000 		.4byte	0
 5564 05e3 00000000 		.4byte	0
 5565              	.LLST34:
 5566 05e7 64000000 		.4byte	.LVL128
 5567 05eb 68000000 		.4byte	.LVL129
 5568 05ef 0100     		.2byte	0x1
 5569 05f1 53       		.byte	0x53
 5570 05f2 68000000 		.4byte	.LVL129
 5571 05f6 6C000000 		.4byte	.LVL130
 5572 05fa 0200     		.2byte	0x2
 5573 05fc 91       		.byte	0x91
 5574 05fd 62       		.sleb128 -30
 5575 05fe 00000000 		.4byte	0
 5576 0602 00000000 		.4byte	0
 5577              	.LLST35:
 5578 0606 64000000 		.4byte	.LVL128
 5579 060a 6C000000 		.4byte	.LVL130
 5580 060e 0100     		.2byte	0x1
 5581 0610 52       		.byte	0x52
 5582 0611 00000000 		.4byte	0
 5583 0615 00000000 		.4byte	0
 5584              	.LLST36:
 5585 0619 CC000000 		.4byte	.LVL144
 5586 061d D0000000 		.4byte	.LVL145
 5587 0621 0100     		.2byte	0x1
 5588 0623 53       		.byte	0x53
 5589 0624 00000000 		.4byte	0
 5590 0628 00000000 		.4byte	0
 5591              	.LLST37:
 5592 062c CC000000 		.4byte	.LVL144
 5593 0630 D0000000 		.4byte	.LVL145
 5594 0634 0100     		.2byte	0x1
 5595 0636 52       		.byte	0x52
 5596 0637 00000000 		.4byte	0
 5597 063b 00000000 		.4byte	0
 5598              	.LLST38:
 5599 063f 30010000 		.4byte	.LVL156
 5600 0643 36010000 		.4byte	.LVL157
 5601 0647 0100     		.2byte	0x1
 5602 0649 50       		.byte	0x50
 5603 064a 4E010000 		.4byte	.LVL162
 5604 064e 50010000 		.4byte	.LVL163
 5605 0652 0100     		.2byte	0x1
 5606 0654 50       		.byte	0x50
 5607 0655 56010000 		.4byte	.LVL164
 5608 0659 68010000 		.4byte	.LVL167
 5609 065d 0100     		.2byte	0x1
 5610 065f 50       		.byte	0x50
 5611 0660 00000000 		.4byte	0
 5612 0664 00000000 		.4byte	0
 5613              	.LLST39:
 5614 0668 3C020000 		.4byte	.LVL196
 5615 066c 50020000 		.4byte	.LVL197
 5616 0670 0200     		.2byte	0x2
ARM GAS  C:\Users\haoen\AppData\Local\Temp\ccmUKDbF.s 			page 112


 5617 0672 30       		.byte	0x30
 5618 0673 9F       		.byte	0x9f
 5619 0674 50020000 		.4byte	.LVL197
 5620 0678 56020000 		.4byte	.LVL198
 5621 067c 0100     		.2byte	0x1
 5622 067e 50       		.byte	0x50
 5623 067f C4020000 		.4byte	.LVL207
 5624 0683 CA020000 		.4byte	.LVL209
 5625 0687 0200     		.2byte	0x2
 5626 0689 30       		.byte	0x30
 5627 068a 9F       		.byte	0x9f
 5628 068b CA020000 		.4byte	.LVL209
 5629 068f 40030000 		.4byte	.LFE66
 5630 0693 0100     		.2byte	0x1
 5631 0695 56       		.byte	0x56
 5632 0696 00000000 		.4byte	0
 5633 069a 00000000 		.4byte	0
 5634              	.LLST40:
 5635 069e 3C020000 		.4byte	.LVL196
 5636 06a2 60020000 		.4byte	.LVL200
 5637 06a6 0200     		.2byte	0x2
 5638 06a8 30       		.byte	0x30
 5639 06a9 9F       		.byte	0x9f
 5640 06aa 60020000 		.4byte	.LVL200
 5641 06ae 66020000 		.4byte	.LVL201
 5642 06b2 0100     		.2byte	0x1
 5643 06b4 50       		.byte	0x50
 5644 06b5 C4020000 		.4byte	.LVL207
 5645 06b9 CA020000 		.4byte	.LVL209
 5646 06bd 0200     		.2byte	0x2
 5647 06bf 30       		.byte	0x30
 5648 06c0 9F       		.byte	0x9f
 5649 06c1 CA020000 		.4byte	.LVL209
 5650 06c5 40030000 		.4byte	.LFE66
 5651 06c9 0100     		.2byte	0x1
 5652 06cb 58       		.byte	0x58
 5653 06cc 00000000 		.4byte	0
 5654 06d0 00000000 		.4byte	0
 5655              	.LLST41:
 5656 06d4 3C020000 		.4byte	.LVL196
 5657 06d8 76020000 		.4byte	.LVL203
 5658 06dc 0200     		.2byte	0x2
 5659 06de 30       		.byte	0x30
 5660 06df 9F       		.byte	0x9f
 5661 06e0 76020000 		.4byte	.LVL203
 5662 06e4 7C020000 		.4byte	.LVL205
 5663 06e8 0100     		.2byte	0x1
 5664 06ea 50       		.byte	0x50
 5665 06eb C4020000 		.4byte	.LVL207
 5666 06ef CA020000 		.4byte	.LVL209
 5667 06f3 0200     		.2byte	0x2
 5668 06f5 30       		.byte	0x30
 5669 06f6 9F       		.byte	0x9f
 5670 06f7 CA020000 		.4byte	.LVL209
 5671 06fb E0020000 		.4byte	.LVL211
 5672 06ff 0100     		.2byte	0x1
 5673 0701 55       		.byte	0x55
ARM GAS  C:\Users\haoen\AppData\Local\Temp\ccmUKDbF.s 			page 113


 5674 0702 00000000 		.4byte	0
 5675 0706 00000000 		.4byte	0
 5676              	.LLST42:
 5677 070a 36010000 		.4byte	.LVL157
 5678 070e 4A010000 		.4byte	.LVL160
 5679 0712 0100     		.2byte	0x1
 5680 0714 54       		.byte	0x54
 5681 0715 4C010000 		.4byte	.LVL161
 5682 0719 4E010000 		.4byte	.LVL162
 5683 071d 0100     		.2byte	0x1
 5684 071f 54       		.byte	0x54
 5685 0720 50010000 		.4byte	.LVL163
 5686 0724 56010000 		.4byte	.LVL164
 5687 0728 0100     		.2byte	0x1
 5688 072a 54       		.byte	0x54
 5689 072b 00000000 		.4byte	0
 5690 072f 00000000 		.4byte	0
 5691              	.LLST43:
 5692 0733 56010000 		.4byte	.LVL164
 5693 0737 62010000 		.4byte	.LVL165
 5694 073b 0100     		.2byte	0x1
 5695 073d 53       		.byte	0x53
 5696 073e 64010000 		.4byte	.LVL166
 5697 0742 68010000 		.4byte	.LVL167
 5698 0746 0100     		.2byte	0x1
 5699 0748 53       		.byte	0x53
 5700 0749 00000000 		.4byte	0
 5701 074d 00000000 		.4byte	0
 5702              	.LLST44:
 5703 0751 70010000 		.4byte	.LVL168
 5704 0755 E4010000 		.4byte	.LVL182
 5705 0759 0100     		.2byte	0x1
 5706 075b 55       		.byte	0x55
 5707 075c E6010000 		.4byte	.LVL183
 5708 0760 EC010000 		.4byte	.LVL184
 5709 0764 0100     		.2byte	0x1
 5710 0766 55       		.byte	0x55
 5711 0767 00000000 		.4byte	0
 5712 076b 00000000 		.4byte	0
 5713              	.LLST45:
 5714 076f 7E010000 		.4byte	.LVL170
 5715 0773 96010000 		.4byte	.LVL171
 5716 0777 0100     		.2byte	0x1
 5717 0779 50       		.byte	0x50
 5718 077a 96010000 		.4byte	.LVL171
 5719 077e E6010000 		.4byte	.LVL183
 5720 0782 0100     		.2byte	0x1
 5721 0784 56       		.byte	0x56
 5722 0785 00000000 		.4byte	0
 5723 0789 00000000 		.4byte	0
 5724              	.LLST46:
 5725 078d EE010000 		.4byte	.LVL185
 5726 0791 22020000 		.4byte	.LVL194
 5727 0795 0100     		.2byte	0x1
 5728 0797 55       		.byte	0x55
 5729 0798 24020000 		.4byte	.LVL195
 5730 079c 78020000 		.4byte	.LVL204
ARM GAS  C:\Users\haoen\AppData\Local\Temp\ccmUKDbF.s 			page 114


 5731 07a0 0100     		.2byte	0x1
 5732 07a2 55       		.byte	0x55
 5733 07a3 C4020000 		.4byte	.LVL207
 5734 07a7 C6020000 		.4byte	.LVL208
 5735 07ab 0100     		.2byte	0x1
 5736 07ad 55       		.byte	0x55
 5737 07ae 00000000 		.4byte	0
 5738 07b2 00000000 		.4byte	0
 5739              	.LLST47:
 5740 07b6 FC010000 		.4byte	.LVL187
 5741 07ba 01020000 		.4byte	.LVL188-1
 5742 07be 0100     		.2byte	0x1
 5743 07c0 50       		.byte	0x50
 5744 07c1 01020000 		.4byte	.LVL188-1
 5745 07c5 24020000 		.4byte	.LVL195
 5746 07c9 0100     		.2byte	0x1
 5747 07cb 56       		.byte	0x56
 5748 07cc 00000000 		.4byte	0
 5749 07d0 00000000 		.4byte	0
 5750              		.section	.debug_aranges,"",%progbits
 5751 0000 64000000 		.4byte	0x64
 5752 0004 0200     		.2byte	0x2
 5753 0006 00000000 		.4byte	.Ldebug_info0
 5754 000a 04       		.byte	0x4
 5755 000b 00       		.byte	0
 5756 000c 0000     		.2byte	0
 5757 000e 0000     		.2byte	0
 5758 0010 00000000 		.4byte	.LFB64
 5759 0014 9C000000 		.4byte	.LFE64-.LFB64
 5760 0018 00000000 		.4byte	.LFB67
 5761 001c 68000000 		.4byte	.LFE67-.LFB67
 5762 0020 00000000 		.4byte	.LFB68
 5763 0024 A0000000 		.4byte	.LFE68-.LFB68
 5764 0028 00000000 		.4byte	.LFB69
 5765 002c 80000000 		.4byte	.LFE69-.LFB69
 5766 0030 00000000 		.4byte	.LFB70
 5767 0034 8C010000 		.4byte	.LFE70-.LFB70
 5768 0038 00000000 		.4byte	.LFB72
 5769 003c 10000000 		.4byte	.LFE72-.LFB72
 5770 0040 00000000 		.4byte	.LFB73
 5771 0044 10000000 		.4byte	.LFE73-.LFB73
 5772 0048 00000000 		.4byte	.LFB74
 5773 004c 28000000 		.4byte	.LFE74-.LFB74
 5774 0050 00000000 		.4byte	.LFB71
 5775 0054 48000000 		.4byte	.LFE71-.LFB71
 5776 0058 00000000 		.4byte	.LFB66
 5777 005c 40030000 		.4byte	.LFE66-.LFB66
 5778 0060 00000000 		.4byte	0
 5779 0064 00000000 		.4byte	0
 5780              		.section	.debug_ranges,"",%progbits
 5781              	.Ldebug_ranges0:
 5782 0000 30000000 		.4byte	.LBB18
 5783 0004 44000000 		.4byte	.LBE18
 5784 0008 46000000 		.4byte	.LBB19
 5785 000c 4A000000 		.4byte	.LBE19
 5786 0010 00000000 		.4byte	0
 5787 0014 00000000 		.4byte	0
ARM GAS  C:\Users\haoen\AppData\Local\Temp\ccmUKDbF.s 			page 115


 5788 0018 36010000 		.4byte	.LBB32
 5789 001c 4E010000 		.4byte	.LBE32
 5790 0020 50010000 		.4byte	.LBB33
 5791 0024 56010000 		.4byte	.LBE33
 5792 0028 00000000 		.4byte	0
 5793 002c 00000000 		.4byte	0
 5794 0030 00000000 		.4byte	.LFB64
 5795 0034 9C000000 		.4byte	.LFE64
 5796 0038 00000000 		.4byte	.LFB67
 5797 003c 68000000 		.4byte	.LFE67
 5798 0040 00000000 		.4byte	.LFB68
 5799 0044 A0000000 		.4byte	.LFE68
 5800 0048 00000000 		.4byte	.LFB69
 5801 004c 80000000 		.4byte	.LFE69
 5802 0050 00000000 		.4byte	.LFB70
 5803 0054 8C010000 		.4byte	.LFE70
 5804 0058 00000000 		.4byte	.LFB72
 5805 005c 10000000 		.4byte	.LFE72
 5806 0060 00000000 		.4byte	.LFB73
 5807 0064 10000000 		.4byte	.LFE73
 5808 0068 00000000 		.4byte	.LFB74
 5809 006c 28000000 		.4byte	.LFE74
 5810 0070 00000000 		.4byte	.LFB71
 5811 0074 48000000 		.4byte	.LFE71
 5812 0078 00000000 		.4byte	.LFB66
 5813 007c 40030000 		.4byte	.LFE66
 5814 0080 00000000 		.4byte	0
 5815 0084 00000000 		.4byte	0
 5816              		.section	.debug_line,"",%progbits
 5817              	.Ldebug_line0:
 5818 0000 4C050000 		.section	.debug_str,"MS",%progbits,1
 5818      02006002 
 5818      00000201 
 5818      FB0E0D00 
 5818      01010101 
 5819              	.LASF123:
 5820 0000 55415254 		.ascii	"UART_OEM_Start\000"
 5820      5F4F454D 
 5820      5F537461 
 5820      727400
 5821              	.LASF93:
 5822 000f 656E6372 		.ascii	"encryptionInitError\000"
 5822      79707469 
 5822      6F6E496E 
 5822      69744572 
 5822      726F7200 
 5823              	.LASF58:
 5824 0023 75313649 		.ascii	"u16Int2Bytes\000"
 5824      6E743242 
 5824      79746573 
 5824      00
 5825              	.LASF132:
 5826 0030 6D61696E 		.ascii	"main.c\000"
 5826      2E6300
 5827              	.LASF105:
 5828 0037 70726573 		.ascii	"pressureData\000"
 5828      73757265 
ARM GAS  C:\Users\haoen\AppData\Local\Temp\ccmUKDbF.s 			page 116


 5828      44617461 
 5828      00
 5829              	.LASF66:
 5830 0044 7061636B 		.ascii	"packetsize\000"
 5830      65747369 
 5830      7A6500
 5831              	.LASF32:
 5832 004f 4F454D5F 		.ascii	"OEM_Read2\000"
 5832      52656164 
 5832      3200
 5833              	.LASF33:
 5834 0059 4F454D5F 		.ascii	"OEM_ReadF\000"
 5834      52656164 
 5834      4600
 5835              	.LASF104:
 5836 0063 61646344 		.ascii	"adcData\000"
 5836      61746100 
 5837              	.LASF59:
 5838 006b 696E745F 		.ascii	"int_variable\000"
 5838      76617269 
 5838      61626C65 
 5838      00
 5839              	.LASF37:
 5840 0078 4F454D5F 		.ascii	"OEM_ReadP\000"
 5840      52656164 
 5840      5000
 5841              	.LASF14:
 5842 0082 756E7369 		.ascii	"unsigned int\000"
 5842      676E6564 
 5842      20696E74 
 5842      00
 5843              	.LASF27:
 5844 008f 77616974 		.ascii	"waited\000"
 5844      656400
 5845              	.LASF81:
 5846 0096 70726573 		.ascii	"pressureDataReady\000"
 5846      73757265 
 5846      44617461 
 5846      52656164 
 5846      7900
 5847              	.LASF26:
 5848 00a8 74696D65 		.ascii	"timeout_ms\000"
 5848      6F75745F 
 5848      6D7300
 5849              	.LASF8:
 5850 00b3 5F5F696E 		.ascii	"__int32_t\000"
 5850      7433325F 
 5850      7400
 5851              	.LASF40:
 5852 00bd 6E727361 		.ascii	"nrsaA_pct\000"
 5852      415F7063 
 5852      7400
 5853              	.LASF90:
 5854 00c7 5250495F 		.ascii	"RPI_TX_Buffer\000"
 5854      54585F42 
 5854      75666665 
 5854      7200
ARM GAS  C:\Users\haoen\AppData\Local\Temp\ccmUKDbF.s 			page 117


 5855              	.LASF115:
 5856 00d5 6D656D73 		.ascii	"memset\000"
 5856      657400
 5857              	.LASF101:
 5858 00dc 64617461 		.ascii	"dataCompareInterval\000"
 5858      436F6D70 
 5858      61726549 
 5858      6E746572 
 5858      76616C00 
 5859              	.LASF128:
 5860 00f0 4144435F 		.ascii	"ADC_DelSig_StartConvert\000"
 5860      44656C53 
 5860      69675F53 
 5860      74617274 
 5860      436F6E76 
 5861              	.LASF121:
 5862 0108 4144435F 		.ascii	"ADC_TS410_IsEndConversion\000"
 5862      54533431 
 5862      305F4973 
 5862      456E6443 
 5862      6F6E7665 
 5863              	.LASF96:
 5864 0122 4144434F 		.ascii	"ADCOORWarn\000"
 5864      4F525761 
 5864      726E00
 5865              	.LASF133:
 5866 012d 433A5C55 		.ascii	"C:\\Users\\haoen\\Desktop\\Work\\ECMO\\ecmo_psoc5_w"
 5866      73657273 
 5866      5C68616F 
 5866      656E5C44 
 5866      65736B74 
 5867 015a 735C5053 		.ascii	"s\\PSOC Code\\PSOC5 Implement.cydsn\000"
 5867      4F432043 
 5867      6F64655C 
 5867      50534F43 
 5867      3520496D 
 5868              	.LASF34:
 5869 017c 666C6F77 		.ascii	"flow_ml_min\000"
 5869      5F6D6C5F 
 5869      6D696E00 
 5870              	.LASF56:
 5871 0188 666C6F61 		.ascii	"float_variable\000"
 5871      745F7661 
 5871      72696162 
 5871      6C6500
 5872              	.LASF47:
 5873 0197 636C7362 		.ascii	"clsb\000"
 5873      00
 5874              	.LASF80:
 5875 019c 6164634B 		.ascii	"adcKick\000"
 5875      69636B00 
 5876              	.LASF77:
 5877 01a4 70726573 		.ascii	"pressureVolts\000"
 5877      73757265 
 5877      566F6C74 
 5877      7300
 5878              	.LASF100:
ARM GAS  C:\Users\haoen\AppData\Local\Temp\ccmUKDbF.s 			page 118


 5879 01b2 466C6F77 		.ascii	"FlowDataWarn\000"
 5879      44617461 
 5879      5761726E 
 5879      00
 5880              	.LASF19:
 5881 01bf 75696E74 		.ascii	"uint32_t\000"
 5881      33325F74 
 5881      00
 5882              	.LASF0:
 5883 01c8 666C6F61 		.ascii	"float\000"
 5883      7400
 5884              	.LASF98:
 5885 01ce 50726573 		.ascii	"PressureOORWarn\000"
 5885      73757265 
 5885      4F4F5257 
 5885      61726E00 
 5886              	.LASF28:
 5887 01de 636F756E 		.ascii	"count\000"
 5887      7400
 5888              	.LASF16:
 5889 01e4 696E7431 		.ascii	"int16_t\000"
 5889      365F7400 
 5890              	.LASF13:
 5891 01ec 6C6F6E67 		.ascii	"long long unsigned int\000"
 5891      206C6F6E 
 5891      6720756E 
 5891      7369676E 
 5891      65642069 
 5892              	.LASF79:
 5893 0203 666C6F77 		.ascii	"flow_scale_valid\000"
 5893      5F736361 
 5893      6C655F76 
 5893      616C6964 
 5893      00
 5894              	.LASF76:
 5895 0214 41444356 		.ascii	"ADCVolts\000"
 5895      6F6C7473 
 5895      00
 5896              	.LASF63:
 5897 021d 77726170 		.ascii	"wrap_data\000"
 5897      5F646174 
 5897      6100
 5898              	.LASF124:
 5899 0227 55415254 		.ascii	"UART_RPI_Start\000"
 5899      5F525049 
 5899      5F537461 
 5899      727400
 5900              	.LASF119:
 5901 0236 4144435F 		.ascii	"ADC_TS410_CountsTo_Volts\000"
 5901      54533431 
 5901      305F436F 
 5901      756E7473 
 5901      546F5F56 
 5902              	.LASF107:
 5903 024f 54696D65 		.ascii	"Timer_ISR_ReadStatusRegister\000"
 5903      725F4953 
 5903      525F5265 
ARM GAS  C:\Users\haoen\AppData\Local\Temp\ccmUKDbF.s 			page 119


 5903      61645374 
 5903      61747573 
 5904              	.LASF127:
 5905 026c 54696D65 		.ascii	"Timer_Interrupt_StartEx\000"
 5905      725F496E 
 5905      74657272 
 5905      7570745F 
 5905      53746172 
 5906              	.LASF6:
 5907 0284 5F5F7569 		.ascii	"__uint16_t\000"
 5907      6E743136 
 5907      5F7400
 5908              	.LASF85:
 5909 028f 6368616E 		.ascii	"changeToleranceInterval\000"
 5909      6765546F 
 5909      6C657261 
 5909      6E636549 
 5909      6E746572 
 5910              	.LASF129:
 5911 02a7 54696D65 		.ascii	"Timer_ISR_Start\000"
 5911      725F4953 
 5911      525F5374 
 5911      61727400 
 5912              	.LASF97:
 5913 02b7 4144434A 		.ascii	"ADCJumpWarn\000"
 5913      756D7057 
 5913      61726E00 
 5914              	.LASF30:
 5915 02c3 72785369 		.ascii	"rxSize\000"
 5915      7A6500
 5916              	.LASF120:
 5917 02ca 4144435F 		.ascii	"ADC_DelSig_CountsTo_Volts\000"
 5917      44656C53 
 5917      69675F43 
 5917      6F756E74 
 5917      73546F5F 
 5918              	.LASF131:
 5919 02e4 474E5520 		.ascii	"GNU C11 5.4.1 20160609 (release) [ARM/embedded-5-br"
 5919      43313120 
 5919      352E342E 
 5919      31203230 
 5919      31363036 
 5920 0317 616E6368 		.ascii	"anch revision 237715] -mcpu=cortex-m3 -mthumb -g -O"
 5920      20726576 
 5920      6973696F 
 5920      6E203233 
 5920      37373135 
 5921 034a 67202D66 		.ascii	"g -ffunction-sections -ffat-lto-objects\000"
 5921      66756E63 
 5921      74696F6E 
 5921      2D736563 
 5921      74696F6E 
 5922              	.LASF67:
 5923 0372 7061796C 		.ascii	"payload\000"
 5923      6F616400 
 5924              	.LASF112:
 5925 037a 55415254 		.ascii	"UART_OEM_PutChar\000"
ARM GAS  C:\Users\haoen\AppData\Local\Temp\ccmUKDbF.s 			page 120


 5925      5F4F454D 
 5925      5F507574 
 5925      43686172 
 5925      00
 5926              	.LASF31:
 5927 038b 5F426F6F 		.ascii	"_Bool\000"
 5927      6C00
 5928              	.LASF54:
 5929 0391 666C6F61 		.ascii	"float2Bytes\000"
 5929      74324279 
 5929      74657300 
 5930              	.LASF29:
 5931 039d 62797465 		.ascii	"bytes\000"
 5931      7300
 5932              	.LASF114:
 5933 03a3 55415254 		.ascii	"UART_Debug_PutString\000"
 5933      5F446562 
 5933      75675F50 
 5933      75745374 
 5933      72696E67 
 5934              	.LASF35:
 5935 03b8 676F6F64 		.ascii	"good\000"
 5935      00
 5936              	.LASF92:
 5937 03bd 696E6974 		.ascii	"initGood\000"
 5937      476F6F64 
 5937      00
 5938              	.LASF23:
 5939 03c6 63686172 		.ascii	"char\000"
 5939      00
 5940              	.LASF122:
 5941 03cb 55415254 		.ascii	"UART_Debug_Start\000"
 5941      5F446562 
 5941      75675F53 
 5941      74617274 
 5941      00
 5942              	.LASF71:
 5943 03dc 6E727361 		.ascii	"nrsaA\000"
 5943      4100
 5944              	.LASF72:
 5945 03e2 6E727361 		.ascii	"nrsaB\000"
 5945      4200
 5946              	.LASF126:
 5947 03e8 696E6974 		.ascii	"init_pressure_sensors\000"
 5947      5F707265 
 5947      73737572 
 5947      655F7365 
 5947      6E736F72 
 5948              	.LASF111:
 5949 03fe 43794465 		.ascii	"CyDelay\000"
 5949      6C617900 
 5950              	.LASF62:
 5951 0406 64617461 		.ascii	"data\000"
 5951      00
 5952              	.LASF64:
 5953 040b 6F70636F 		.ascii	"opcode\000"
 5953      646500
ARM GAS  C:\Users\haoen\AppData\Local\Temp\ccmUKDbF.s 			page 121


 5954              	.LASF48:
 5955 0412 6D73675F 		.ascii	"msg_2\000"
 5955      3200
 5956              	.LASF21:
 5957 0418 666C6F61 		.ascii	"float32\000"
 5957      74333200 
 5958              	.LASF15:
 5959 0420 75696E74 		.ascii	"uint8_t\000"
 5959      385F7400 
 5960              	.LASF69:
 5961 0428 73746174 		.ascii	"status\000"
 5961      757300
 5962              	.LASF42:
 5963 042f 64415F70 		.ascii	"dA_pct\000"
 5963      637400
 5964              	.LASF94:
 5965 0436 666C6F77 		.ascii	"flowInitError\000"
 5965      496E6974 
 5965      4572726F 
 5965      7200
 5966              	.LASF12:
 5967 0444 6C6F6E67 		.ascii	"long long int\000"
 5967      206C6F6E 
 5967      6720696E 
 5967      7400
 5968              	.LASF130:
 5969 0452 55534552 		.ascii	"USER_LED_Write\000"
 5969      5F4C4544 
 5969      5F577269 
 5969      746500
 5970              	.LASF4:
 5971 0461 5F5F696E 		.ascii	"__int16_t\000"
 5971      7431365F 
 5971      7400
 5972              	.LASF99:
 5973 046b 50726573 		.ascii	"PressureJumpWarn\000"
 5973      73757265 
 5973      4A756D70 
 5973      5761726E 
 5973      00
 5974              	.LASF36:
 5975 047c 72617731 		.ascii	"raw14\000"
 5975      3400
 5976              	.LASF60:
 5977 0482 63726350 		.ascii	"crcPolynomial\000"
 5977      6F6C796E 
 5977      6F6D6961 
 5977      6C00
 5978              	.LASF49:
 5979 0490 70726576 		.ascii	"prevA\000"
 5979      4100
 5980              	.LASF50:
 5981 0496 70726576 		.ascii	"prevB\000"
 5981      4200
 5982              	.LASF46:
 5983 049c 636D7362 		.ascii	"cmsb\000"
 5983      00
ARM GAS  C:\Users\haoen\AppData\Local\Temp\ccmUKDbF.s 			page 122


 5984              	.LASF86:
 5985 04a1 73617665 		.ascii	"savedADC\000"
 5985      64414443 
 5985      00
 5986              	.LASF125:
 5987 04aa 4144435F 		.ascii	"ADC_TS410_Start\000"
 5987      54533431 
 5987      305F5374 
 5987      61727400 
 5988              	.LASF117:
 5989 04ba 55415254 		.ascii	"UART_RPI_PutArray\000"
 5989      5F525049 
 5989      5F507574 
 5989      41727261 
 5989      7900
 5990              	.LASF82:
 5991 04cc 666C6F77 		.ascii	"flowDataReady\000"
 5991      44617461 
 5991      52656164 
 5991      7900
 5992              	.LASF89:
 5993 04da 666C6F77 		.ascii	"flowTimerCount\000"
 5993      54696D65 
 5993      72436F75 
 5993      6E7400
 5994              	.LASF135:
 5995 04e9 63616C63 		.ascii	"calculateCRC8\000"
 5995      756C6174 
 5995      65435243 
 5995      3800
 5996              	.LASF83:
 5997 04f7 63686563 		.ascii	"checkData\000"
 5997      6B446174 
 5997      6100
 5998              	.LASF24:
 5999 0501 6C6F6E67 		.ascii	"long double\000"
 5999      20646F75 
 5999      626C6500 
 6000              	.LASF113:
 6001 050d 73707269 		.ascii	"sprintf\000"
 6001      6E746600 
 6002              	.LASF17:
 6003 0515 75696E74 		.ascii	"uint16_t\000"
 6003      31365F74 
 6003      00
 6004              	.LASF78:
 6005 051e 666C6F77 		.ascii	"flow_scale_factor\000"
 6005      5F736361 
 6005      6C655F66 
 6005      6163746F 
 6005      7200
 6006              	.LASF134:
 6007 0530 62653136 		.ascii	"be16_u\000"
 6007      5F7500
 6008              	.LASF95:
 6009 0537 64617461 		.ascii	"dataGood\000"
 6009      476F6F64 
ARM GAS  C:\Users\haoen\AppData\Local\Temp\ccmUKDbF.s 			page 123


 6009      00
 6010              	.LASF38:
 6011 0540 70686173 		.ascii	"phase_deg\000"
 6011      655F6465 
 6011      6700
 6012              	.LASF45:
 6013 054a 706C7362 		.ascii	"plsb\000"
 6013      00
 6014              	.LASF110:
 6015 054f 55415254 		.ascii	"UART_OEM_GetChar\000"
 6015      5F4F454D 
 6015      5F476574 
 6015      43686172 
 6015      00
 6016              	.LASF5:
 6017 0560 73686F72 		.ascii	"short int\000"
 6017      7420696E 
 6017      7400
 6018              	.LASF68:
 6019 056a 676F7432 		.ascii	"got2\000"
 6019      00
 6020              	.LASF9:
 6021 056f 6C6F6E67 		.ascii	"long int\000"
 6021      20696E74 
 6021      00
 6022              	.LASF103:
 6023 0578 49544D5F 		.ascii	"ITM_RxBuffer\000"
 6023      52784275 
 6023      66666572 
 6023      00
 6024              	.LASF65:
 6025 0585 6C656E67 		.ascii	"length\000"
 6025      746800
 6026              	.LASF73:
 6027 058c 676F7446 		.ascii	"gotF\000"
 6027      00
 6028              	.LASF102:
 6029 0591 63726354 		.ascii	"crcTable\000"
 6029      61626C65 
 6029      00
 6030              	.LASF74:
 6031 059a 676F7450 		.ascii	"gotP\000"
 6031      00
 6032              	.LASF51:
 6033 059f 63757272 		.ascii	"currA\000"
 6033      4100
 6034              	.LASF52:
 6035 05a5 63757272 		.ascii	"currB\000"
 6035      4200
 6036              	.LASF87:
 6037 05ab 61646354 		.ascii	"adcTimerCount\000"
 6037      696D6572 
 6037      436F756E 
 6037      7400
 6038              	.LASF53:
 6039 05b9 54696D65 		.ascii	"Timer_Interrupt_Handler\000"
 6039      725F496E 
ARM GAS  C:\Users\haoen\AppData\Local\Temp\ccmUKDbF.s 			page 124


 6039      74657272 
 6039      7570745F 
 6039      48616E64 
 6040              	.LASF70:
 6041 05d1 636F6E76 		.ascii	"conversionStatus\000"
 6041      65727369 
 6041      6F6E5374 
 6041      61747573 
 6041      00
 6042              	.LASF108:
 6043 05e2 4144435F 		.ascii	"ADC_TS410_StartConvert\000"
 6043      54533431 
 6043      305F5374 
 6043      61727443 
 6043      6F6E7665 
 6044              	.LASF3:
 6045 05f9 5F5F7569 		.ascii	"__uint8_t\000"
 6045      6E74385F 
 6045      7400
 6046              	.LASF41:
 6047 0603 6E727361 		.ascii	"nrsaB_pct\000"
 6047      425F7063 
 6047      7400
 6048              	.LASF106:
 6049 060d 72656164 		.ascii	"read_pressure\000"
 6049      5F707265 
 6049      73737572 
 6049      6500
 6050              	.LASF25:
 6051 061b 73697A65 		.ascii	"sizetype\000"
 6051      74797065 
 6051      00
 6052              	.LASF11:
 6053 0624 6C6F6E67 		.ascii	"long unsigned int\000"
 6053      20756E73 
 6053      69676E65 
 6053      6420696E 
 6053      7400
 6054              	.LASF18:
 6055 0636 696E7433 		.ascii	"int32_t\000"
 6055      325F7400 
 6056              	.LASF91:
 6057 063e 7061636B 		.ascii	"packet\000"
 6057      657400
 6058              	.LASF55:
 6059 0645 62797465 		.ascii	"bytes_array\000"
 6059      735F6172 
 6059      72617900 
 6060              	.LASF109:
 6061 0651 55415254 		.ascii	"UART_OEM_GetRxBufferSize\000"
 6061      5F4F454D 
 6061      5F476574 
 6061      52784275 
 6061      66666572 
 6062              	.LASF2:
 6063 066a 756E7369 		.ascii	"unsigned char\000"
 6063      676E6564 
ARM GAS  C:\Users\haoen\AppData\Local\Temp\ccmUKDbF.s 			page 125


 6063      20636861 
 6063      7200
 6064              	.LASF10:
 6065 0678 5F5F7569 		.ascii	"__uint32_t\000"
 6065      6E743332 
 6065      5F7400
 6066              	.LASF88:
 6067 0683 74696D65 		.ascii	"timerCountDataCompare\000"
 6067      72436F75 
 6067      6E744461 
 6067      7461436F 
 6067      6D706172 
 6068              	.LASF61:
 6069 0699 64617461 		.ascii	"dataLength\000"
 6069      4C656E67 
 6069      746800
 6070              	.LASF44:
 6071 06a4 706D7362 		.ascii	"pmsb\000"
 6071      00
 6072              	.LASF1:
 6073 06a9 7369676E 		.ascii	"signed char\000"
 6073      65642063 
 6073      68617200 
 6074              	.LASF7:
 6075 06b5 73686F72 		.ascii	"short unsigned int\000"
 6075      7420756E 
 6075      7369676E 
 6075      65642069 
 6075      6E7400
 6076              	.LASF43:
 6077 06c8 64425F70 		.ascii	"dB_pct\000"
 6077      637400
 6078              	.LASF116:
 6079 06cf 6D656D63 		.ascii	"memcpy\000"
 6079      707900
 6080              	.LASF136:
 6081 06d6 6D61696E 		.ascii	"main\000"
 6081      00
 6082              	.LASF39:
 6083 06db 4F454D5F 		.ascii	"OEM_ReadAmp\000"
 6083      52656164 
 6083      416D7000 
 6084              	.LASF57:
 6085 06e7 74656D70 		.ascii	"temp_array\000"
 6085      5F617272 
 6085      617900
 6086              	.LASF20:
 6087 06f2 75696E74 		.ascii	"uint8\000"
 6087      3800
 6088              	.LASF22:
 6089 06f8 646F7562 		.ascii	"double\000"
 6089      6C6500
 6090              	.LASF118:
 6091 06ff 4144435F 		.ascii	"ADC_TS410_GetResult16\000"
 6091      54533431 
 6091      305F4765 
 6091      74526573 
ARM GAS  C:\Users\haoen\AppData\Local\Temp\ccmUKDbF.s 			page 126


 6091      756C7431 
 6092              	.LASF84:
 6093 0715 626F756E 		.ascii	"boundaryToleranceInterval\000"
 6093      64617279 
 6093      546F6C65 
 6093      72616E63 
 6093      65496E74 
 6094              	.LASF75:
 6095 072f 676F7441 		.ascii	"gotA\000"
 6095      00
 6096              		.ident	"GCC: (GNU Tools for ARM Embedded Processors) 5.4.1 20160609 (release) [ARM/embedded-5-bran
